7458::KZNIFHPLKGYRTM-UHFFFAOYSA-N,-8.937
8903::RJKFOVLPORLFTN-LEKSSAKUSA-N,-10.33
18627::VKHAHZOOUSRJNA-GCNJZUOMSA-N,-7.923
19444::UXOKNLLQRMTSSJ-UHFFFAOYSA-N,-13.23
19445::FLWLHDOBICBSTN-UHFFFAOYSA-N,-14.83
19446::AMGFCHULXKRDJH-UHFFFAOYSA-N,-12.67
19448::RWZWBBCTNYUKDP-UHFFFAOYSA-N,-11.01
19449::NXWNIQDCNWCKPB-UHFFFAOYSA-N,-12.76
19450::FXZAEERSBSFGNQ-UHFFFAOYSA-N,-10.33
19451::XZDBAWYEMYSRFY-UHFFFAOYSA-N,-10.22
19452::AEZPAUSGTAHLOQ-UHFFFAOYSA-N,-10.63
19453::WTGPATKANXGRQA-UHFFFAOYSA-N,-9.987
19454::VEKHAWLAUFKERN-UHFFFAOYSA-N,-10.95
19455::IDPLITSZGZBIIZ-UHFFFAOYSA-N,-10.79
19456::XFPSQRFNGMCQFG-UHFFFAOYSA-N,-10.03
19457::YGODQTYHFUSOPS-UHFFFAOYSA-N,-17.76
19458::LJLNVVPIWMIDOU-UHFFFAOYSA-N,-11.97
19461::FTVWIRXFELQLPI-UHFFFAOYSA-N,-8.663
19462::GMVYLXBMPRDZDR-UHFFFAOYSA-N,-8.926
19463::PFCDDRUHZAMKHP-UHFFFAOYSA-N,-9.46
19464::NKWHELZNPRCJAS-UHFFFAOYSA-N,-11.26
19465::JDJYVQUSVHXJHY-UHFFFAOYSA-N,-8.638
19466::PGTXFXPDRFSQPT-UHFFFAOYSA-N,-9.235
19467::MQGTUCCMXKRAMD-UHFFFAOYSA-N,-9.775
19468::UKBYGNGSGOXLFO-UHFFFAOYSA-N,-9.315
19469::ZYVQEHNABDHJGN-UHFFFAOYSA-N,-11.98
19470::SBFJMGDUIWYKMQ-UHFFFAOYSA-N,-8.577
19471::JCMOCGVRZVEPSS-UHFFFAOYSA-N,-9.866
19910::VIZPQPBPYLOQMH-UHFFFAOYSA-N,-8.875
19911::QAYMSXNVKFSOST-UHFFFAOYSA-N,-8.023
19912::RUOKOUOWCMEZBT-UHFFFAOYSA-N,-8.754
19913::HTOWRTLEFOVCHJ-UHFFFAOYSA-N,-9.151
19914::SKWIAJGGJLIDEZ-UHFFFAOYSA-N,-9.17
19915::DLPVDFZWWHWMEZ-UHFFFAOYSA-N,-8.828
19916::OVDOJZCEUBVOSV-UHFFFAOYSA-N,-8.653
19917::PEHWCJWHWHLLMB-UHFFFAOYSA-N,-9.203
19920::WCOPDEMQCNTGAW-UHFFFAOYSA-N,-8.474
19921::XKFWSLXLSOZPJJ-UHFFFAOYSA-N,-8.699
19922::CTRQGFMTOJOIDH-UHFFFAOYSA-N,-8.718
19923::MEXVQMNBNLSCCA-UHFFFAOYSA-N,-7.988
19924::GMTHPLGOUPKAFP-UHFFFAOYSA-N,-9.118
19925::FUWLQYUIXLVECC-UHFFFAOYSA-N,-8.454
19926::ARQDNUCTLULQBK-UHFFFAOYSA-N,-9.726
19927::NECCEJFVHJYYDA-UHFFFAOYSA-N,-9.305
19928::AMHZSUNTLRXYDX-UHFFFAOYSA-N,-8.705
19929::LUBZIRZXRMLBKH-UHFFFAOYSA-N,-8.648
19930::HWVMDDZTSAEFOA-UHFFFAOYSA-N,-8.622
19931::XPIOXZHGLYQLNZ-UHFFFAOYSA-N,-8.772
19932::WNOZSZJZMSQWHO-UHFFFAOYSA-N,-10.15
19933::NTRGIKZRUCVMNQ-UHFFFAOYSA-N,-11.64
19934::IGZAACQYVCFMSJ-UHFFFAOYSA-N,-8.496
19935::UGRSUMHLLHZWMO-UHFFFAOYSA-N,-7.787
19936::YAYUCBMGQHHMGJ-UHFFFAOYSA-N,-8.574
19937::URULRIWANOWQSL-UHFFFAOYSA-N,-10.5
19938::CHNGSGJYDXNOLK-UHFFFAOYSA-N,-9.524
19940::AKLLWOBSHZXVLR-UHFFFAOYSA-N,-12.19
19941::XORKFACJKDNZEI-UHFFFAOYSA-N,-7.925
19942::OGCUEJPUMKMXND-UHFFFAOYSA-N,-9.261
19943::WELNOLGZOJEAHM-UHFFFAOYSA-N,-9.086
19945::XRRKCZCIDGLMFZ-UHFFFAOYSA-N,-8.711
19946::BBDMJGPZMMWAJY-UHFFFAOYSA-N,-8.689
19947::MMOVQWBRRNCTJY-UHFFFAOYSA-N,-8.598
19948::VHNLCUIJIAOHJY-UHFFFAOYSA-N,-8.692
19949::MEMWSKYQWFYZFC-UHFFFAOYSA-N,-8.812
19950::QQAAFMHURYSEED-UHFFFAOYSA-N,-10.68
19951::ZPKUQXYUNFFPKO-UHFFFAOYSA-N,-8.582
19952::HXWYZGZFDYRCBN-UHFFFAOYSA-N,-8.858
19953::UMIQKPGMIZNJPF-UHFFFAOYSA-N,-8.793
19954::PXSTXQBNCZBQMC-UHFFFAOYSA-N,-9.22
19955::IOADNIDJRFXIHT-UHFFFAOYSA-N,-9.76
19957::IXRAACONZDEXAL-UHFFFAOYSA-N,-10.12
19958::ARDGKRAEEBANRD-UHFFFAOYSA-N,-8.549
19962::RPDMOSIZAIBSRV-UHFFFAOYSA-N,-9.754
19964::SSQLMQBZAPRIRS-UHFFFAOYSA-N,-13.17
19965::FGQKZJQBKCJYLS-UHFFFAOYSA-N,-12.17
19970::PULOCCRMJJNDDU-AWEZNQCLSA-N,-8.837
19972::SHUMXHZGMOYSRM-GJYPPUQNSA-N,-10.28
19973::IXTYIAPVUSDHLB-UWVAXJGDSA-N,-10.66
19974::XJXOQXSHVJMJAL-VKJFTORMSA-N,-10.27
19975::LMFHDCLCGCICJP-VKJFTORMSA-N,-10.03
19976::KUGZPMBUEPNCPY-ZVZYQTTQSA-N,-10.13
19977::FSYFYSFYUHBIHE-GLJUWKHASA-N,-9.821
19978::LMUNODOQEZZWLA-ZVZYQTTQSA-N,-10.38
19979::GUBQQMYDBCRCTJ-ZVZYQTTQSA-N,-10.37
19980::ZHCLSBXFNCMUQE-JTDSTZFVSA-N,-9.732
19981::CYXAWKURWPNXGM-SZVBFZGTSA-N,-9.746
19983::CLYUNXJFERDYMU-TZJWZKGTSA-N,-11.27
19984::CLYUNXJFERDYMU-VHWLVUOQSA-N,-10.67
19985::GBXITKZDKXHVTN-FGLZHVGKSA-N,-10.24
19986::QWVYYRIOJUYPDZ-GJYPPUQNSA-N,-10.67
19988::PFCYQMFWFCEFGN-HBFSDRIKSA-N,-15.75
19989::KJBZSRKWLOOUML-RYRKJORJSA-N,-10.6
19990::GPFRMIHXGMVMGF-BZSNNMDCSA-N,-10.42
19991::GPFRMIHXGMVMGF-KZNAEPCWSA-N,-11.53
20605::RPGDQMYAMWXMLX-UHFFFAOYSA-N,-10.48
20609::ZGHFWBDHZZKWSI-UHFFFAOYSA-N,-11.01
20610::XCYNCNLEMXFZEX-UHFFFAOYSA-N,-11.14
20611::CQMHXNWJGFZDKE-UHFFFAOYSA-N,-11.64
20612::VPWBEIUMAJCDIT-UHFFFAOYSA-N,-10.63
20613::DGNQTZLLWXMKLT-UHFFFAOYSA-N,-11.54
20614::NKJJSGYHJDTRAX-UHFFFAOYSA-N,-12.23
20615::CSCALARMRWAOKB-UHFFFAOYSA-N,-10.14
20616::KLHXQTWUUYOBSL-UHFFFAOYSA-N,-10.36
20617::WVGGRDFFTPHRGU-UHFFFAOYSA-N,-10.63
20618::DZZKIEPRZCBGHN-UHFFFAOYSA-N,-10.98
20619::YLNWZYQQSWHFOP-UHFFFAOYSA-N,-10.7
20620::KOYKOWFMIFLPJS-UHFFFAOYSA-N,-9.512
20621::RKEFNNDFHCTSIV-UHFFFAOYSA-N,-12.53
20622::JJRHZGGFNFBSQM-UHFFFAOYSA-N,-10.74
20623::NYTXFAONXOFVQE-UHFFFAOYSA-N,-11.12
20624::VOXZDWNPVJITMN-SFFUCWETSA-N,-10.04
20626::BTCAHHDEULKYID-UHFFFAOYSA-N,-8.34
20627::GLGSXNORTCZYDV-UHFFFAOYSA-N,-8.738
20629::REONGODOQFAVDH-UHFFFAOYSA-N,-8.664
20630::NEUUJMRQZLDXTH-UHFFFAOYSA-N,-8.607
20631::ARGUEPADMHUSFC-UHFFFAOYSA-N,-8.619
20632::DAYMYZZIEYQKPM-UHFFFAOYSA-N,-8.827
20633::YOQBIOFOMPHWKI-UHFFFAOYSA-N,-8.269
20634::LKYACRQMMKQRSQ-UHFFFAOYSA-N,-8.355
20635::OMWHRKOJZOAICL-UHFFFAOYSA-N,-8.88
20636::MEZBNKOGRFVYOF-UHFFFAOYSA-N,-8.388
20637::FHRLXXNPJFFTRA-UHFFFAOYSA-N,-8.744
20638::JBURDFWPYJNVPN-UHFFFAOYSA-N,-8.708
20733::NBTXJDAHLMMIGY-UHFFFAOYSA-N,-8.008
25807::RXNYJUSEXLAVNQ-UHFFFAOYSA-N,-7.886
26187::ISWSIDIOOBJBQZ-UHFFFAOYSA-N,-4.812
26189::GHMLBKRAJCXXBS-UHFFFAOYSA-N,-4.975
26658::YXOLAZRVSSWPPT-UHFFFAOYSA-N,-8.454
29337::VOWWYDCFAISREI-UHFFFAOYSA-N,-8.77
29629::LEQDWXWPYOORPT-UHFFFAOYSA-N,-9.179
31046::MRBDMNSDAVCSSF-UHFFFAOYSA-N,-9.22
31066::NSDKNMSBULTPIG-UHFFFAOYSA-N,-6.643
31691::NLSUYCKVYNOBGU-UHFFFAOYSA-N,-14.76
31696::RGFIBOJJHMMWEH-UHFFFAOYSA-N,-10.99
31712::ACGUYXCXAPNIKK-UHFFFAOYSA-N,-7.198
31750::SERAYZIPJKSYSO-UHFFFAOYSA-N,-6.735
31757::VQPJWSZWDZNVOJ-UHFFFAOYSA-N,-7.878
32012::YYQOMJCMAXSBMP-UHFFFAOYSA-N,-8.804
32023::MUHBBHLZPHKTTR-GWFFGYACSA-N,-6.768
32140::KGBYKSRNKJGSOO-UHFFFAOYSA-N,-7.889
32274::QQGLTHUNTQAGSK-UHFFFAOYSA-N,-7.654
33050::GQAIPLQSFXPSBO-UHFFFAOYSA-N,-11.19
33053::SLPOXKWJWGJWPE-UHFFFAOYSA-N,-7.918
33056::IRDVCTIKJACDIY-UHFFFAOYSA-N,-9.46
33066::FWYHMWQCWYBONJ-UHFFFAOYSA-N,-7.498
33071::DIJZDJPXWPNEOI-UHFFFAOYSA-N,-8.819
33075::UMGISNJCVZPSLJ-UHFFFAOYSA-N,-10.42
33087::FACXETSZKJMRGO-UHFFFAOYSA-N,-9.528
33507::MENJFEGVUWBRSC-UHFFFAOYSA-N,-11.51
34126::ODJUOZPKKHIEOZ-UHFFFAOYSA-N,-8.431
34189::GJJFKEYOWCANIT-UHFFFAOYSA-N,-9.262
34374::NHKCYUAXXKYVSG-UHFFFAOYSA-N,-9.578
34379::MYKZHYZSKHWMEO-UHFFFAOYSA-N,-8.071
34399::QQVJWKCKUMWPNS-UHFFFAOYSA-N,-8.962
34453::OLXUQWZCDHHQQV-UHFFFAOYSA-N,-10.97
34475::NKSLAYNUDADNIW-UHFFFAOYSA-N,-9.347
34541::GWOLDRQRIICLKR-UHFFFAOYSA-N,-6.42
34593::TWVUZMQFOHDXGV-UHFFFAOYSA-N,-8.057
34617::SAAMDLFHGJROHF-UHFFFAOYSA-N,-8.698
34678::DUNQZZMQXKCENE-UHFFFAOYSA-N,-9.003
34694::WYWVFHQWDDIXIR-UHFFFAOYSA-N,-8.976
34703::GGKDGGOBULIRBB-UHFFFAOYSA-N,-18.67
35379::ABFGKTKVMVRAGW-UHFFFAOYSA-N,-7.46
35497::GXRCRWHOJBKTEG-UHFFFAOYSA-N,-8.627
37533::JHOHXJYRVSLQCB-AMESULRKSA-N,-7.321
37752::VBSAWBHQPLRZNO-UHFFFAOYSA-N,-10.35
38138::RPLBAMPAAKJZSC-UHFFFAOYSA-N,-8.788
38156::VZTWQJGAOZQEKH-UHFFFAOYSA-N,-9.395
38238::MPTMBWCEQLUCHP-UHFFFAOYSA-N,-7.752
39227::ZUMDOGBUKHTCOC-UHFFFAOYSA-N,-9.493
39357::DHZNOEONHMHDQZ-UHFFFAOYSA-N,-6.748
39870::RFTWGDGBJJMPDA-UHFFFAOYSA-N,-8.217
39904::OAOFCCHQBQISGT-UHFFFAOYSA-N,-7.497
39931::AMNSXTYBGBTLBP-UHFFFAOYSA-N,-9.497
39960::FNFQXHMKSUJOJW-UHFFFAOYSA-N,-9.322
39998::SADVTHZVOJPMTK-UHFFFAOYSA-N,-8.206
40011::KRHLNBMPDUWYEO-UHFFFAOYSA-N,-10
40039::JZGUINZJSRIWIX-BHVKKDKSSA-N,-6.317
40040::BOUZPSZSCRIVIE-UHFFFAOYSA-N,-7.85
40056::YITVIHSEAXMHQD-UHFFFAOYSA-N,-8.768
40058::PEIWBGGCKUGWKU-UHFFFAOYSA-N,-9.904
40067::WELHRMTUCZNIGI-UHFFFAOYSA-N,-6.746
40073::XSTUNGJHZPJANP-UHFFFAOYSA-N,-7.911
40087::YMSKQRDFWGXKSR-UHFFFAOYSA-N,-8.242
40091::OGLZJGGVPOZKKC-ONEGZZNKSA-N,-8.728
40109::CQFLMTWHDNVNJJ-UHFFFAOYSA-N,-9.176
40116::WDUFZXPIPXTHOB-UHFFFAOYSA-N,-7.274
40118::BAFWMUGYCDOMKF-UHFFFAOYSA-N,-8.778
40124::FVFRURDAEAIGGF-UHFFFAOYSA-N,-8.662
40150::XDBFATBUZYCXKI-UHFFFAOYSA-N,-10.19
40158::NYXHPFHXLCHMOS-FOCLMDBBSA-N,-8.109
40166::IMVSMUOZFQLCDA-UHFFFAOYSA-N,-9.189
40188::BQLBXGYOYZGYER-LRVNMVSOSA-N,-8.49
40195::LBXBBLBDOIXHAW-UHFFFAOYSA-N,-8.545
40196::BTJYRRBYCQVSFF-UHFFFAOYSA-N,-10.28
40223::ZLPCSUTUGYFBMO-UHFFFAOYSA-N,-8.813
40228::MJHGCBSPSLDUBM-UHFFFAOYSA-N,-7.619
40229::NNUXUSGXSYIHMS-UHFFFAOYSA-N,-9.015
40234::NPPGCKAKGQTIMX-UHFFFAOYSA-N,-7.317
40242::AXLALRSOFYMELF-UHFFFAOYSA-N,-9.158
40260::IAQKXFGPYLIQMT-UHFFFAOYSA-N,-9.778
40311::HLJBBSFRHXZAEB-UHFFFAOYSA-N,-8.947
40474::HZEZQJYKYFYFTE-UHFFFAOYSA-N,-9.721
40565::GTWWWWLXOJAHLJ-UHFFFAOYSA-N,-8.707
40580::NTJAHJNZTGHMTR-UHFFFAOYSA-N,-7.104
40581::GHPIIYLSOXBGLF-UHFFFAOYSA-N,-7.456
40608::VUCXNICRNIKBTC-UHFFFAOYSA-N,-8.292
40615::GLKAOMGFFHUNAA-UHFFFAOYSA-N,-8.14
40627::LLWWEHLVGYXKPY-UHFFFAOYSA-N,-6.108
40629::LVQCAFNUGZQJIO-UHFFFAOYSA-N,-6.685
40632::XGGWXDRQNGFDSY-XNHLSEOASA-N,-9.376
40642::PLBWVSJDZDWQGO-UHFFFAOYSA-N,-8.214
40649::ITYGYRHLKWYXFV-UHFFFAOYSA-N,-7.538
40652::BRRCHWQDGDENCF-UHFFFAOYSA-N,-9.531
40663::WXVLIIDDWFGYCV-UHFFFAOYSA-N,-7.869
40673::YDIZZWXBNGEZDM-UHFFFAOYSA-N,-8.098
40697::PYPBLOIYODUALV-UHFFFAOYSA-N,-7.209
40941::HIQWIQQAWFLYDG-UHFFFAOYSA-N,-9.62
40977::XTYAYGWNMNCCLD-UHFFFAOYSA-N,-5.936
40990::RCLFLJSSFWROMF-UHFFFAOYSA-N,-9.14
40991::BULYVHRMSTYGKN-UHFFFAOYSA-N,-7.748
41015::CGPWPWUTUZQROJ-UHFFFAOYSA-N,-7.133
41228::SMCCOZVCDNTTQK-UHFFFAOYSA-N,-8.685
42019::QJHKNALUPKECBX-UHFFFAOYSA-N,-8.833
42684::NZDDWKJGYHDQBP-UHFFFAOYSA-N,-7.679
42990::XKCTWSPTFNMSQW-UHFFFAOYSA-N,-8.101
43998::UDLFNRJYXKFBGE-UHFFFAOYSA-N,-9.844
44010::LCAIZWIWQYNTPD-UHFFFAOYSA-N,-7.569
44469::PNWLIGGQZQMFPW-UHFFFAOYSA-N,-9.311
45345::GMUROSQCXMKHEN-UHFFFAOYSA-N,-9.38
46177::KVIJGHOCSOYHKK-UHFFFAOYSA-N,-9.659
46555::QBKSWRVVCFFDOT-UHFFFAOYSA-N,-13.8
47006::OOORMPLAZXXCBH-UHFFFAOYSA-N,-8.724
48294::MDXQCFYAKGRJOT-UHFFFAOYSA-N,-7.928
48295::MAZBGIXMIDUEJD-UHFFFAOYSA-N,-8.323
48296::GRDOHBKGSGKZDR-UHFFFAOYSA-N,-6.453
48297::RLOBNPKHXIVGBC-UHFFFAOYSA-N,-7.404
48298::WRALYSMFIKFFEE-UHFFFAOYSA-N,-8.413
48299::UTULJXQFQBJKBN-UHFFFAOYSA-N,-8.241
48300::KLJPHYWKWWUFMB-UHFFFAOYSA-N,-8.073
48303::DGHXBLQDTBOMPC-UHFFFAOYSA-N,-6.837
48304::LSURROKOUILUCP-UHFFFAOYSA-N,-7.614
48305::SOQQRPCGIHRQQC-UHFFFAOYSA-N,-10.17
48307::ZFIDIYIMLCNQDQ-UHFFFAOYSA-N,-7.136
48308::KMZUCNRCLDCUML-UHFFFAOYSA-N,-10.36
48310::IPVVISINZFBWEG-UHFFFAOYSA-N,-8.529
48314::YIEFNWNNLORRNA-UHFFFAOYSA-N,-9.772
48315::JVFWIZULPZDEPG-UHFFFAOYSA-N,-9.179
48316::MOQFTWAPXKWBLW-UHFFFAOYSA-N,-7.999
48317::AEZZDPHKXMCIQN-UHFFFAOYSA-N,-9.122
48318::UMSGRGKOKJXRRL-UHFFFAOYSA-N,-14.44
48320::TTWJBBZEZQICBI-UHFFFAOYSA-N,-7.018
48322::UKYMTLSOXQIYEO-UHFFFAOYSA-N,-8.962
48324::ZIBIJMUZBVWSHR-UHFFFAOYSA-N,-7.023
48325::VWOJESZFVONLRW-UHFFFAOYSA-N,-6.353
48327::GWHQYOJSBYMNPX-CZUORRHYSA-N,-9.856
48328::IHDPRAOXTXLPBA-UHFFFAOYSA-N,-9.631
48329::GVZXSZWCZGKLRS-UHFFFAOYSA-N,-5.487
48330::SWEGBEXZQDSAIZ-NBVRZTHBSA-N,-11.05
48333::NNLJEOXZSOYULM-UHFFFAOYSA-N,-7.743
48336::WSFJMFPZQOFPCL-UHFFFAOYSA-N,-10.52
48338::LLNNAMCBVWHVQU-UHFFFAOYSA-N,-9.665
48342::XIRGDCGIDFMIDP-UHFFFAOYSA-N,-7.786
48344::FAGPNXBZONJRLT-UHFFFAOYSA-N,-7.971
48346::GUMZBQAQADQNLX-UHFFFAOYSA-N,-8.019
48348::LEJOKWXJVPQFKF-UHFFFAOYSA-N,-7.646
48353::INRPBWOOOGNJSE-WZSRHMHXSA-N,-9.281
48354::LEANDTJCPHSWLM-UHFFFAOYSA-N,-6.794
48357::GKTOUDJRQSWCBO-UHFFFAOYSA-N,-7.648
48359::CTLXNLUSJCAMRD-UHFFFAOYSA-N,-7.658
48361::ODOSBTUTFNYYLR-UHFFFAOYSA-N,-8.229
48362::NFPWMFOKCHHHJH-UHFFFAOYSA-N,-8.962
48373::RGLJGXSVTRVHLW-UHFFFAOYSA-N,-7.027
48374::OBEVQHKWJRXIMD-UHFFFAOYSA-N,-7.629
48379::YMDIOEQCQLSZQW-UHFFFAOYSA-N,-8.945
48380::NJNLTNYGPCSPIB-UHFFFAOYSA-N,-7.614
48381::CCFQODPAJPKBPB-UHFFFAOYSA-N,-8.625
48383::JTNRJYVYHWLPPS-UHFFFAOYSA-N,-6.457
48384::OONCESPGNPGZJS-UHFFFAOYSA-N,-8.151
48385::ZCYWBSLSRMSRPJ-UHFFFAOYSA-N,-7.841
48386::VVSHNSYOXKOTJU-UHFFFAOYSA-N,-10.01
48387::MIYWYMHLRHEURF-UHFFFAOYSA-N,-7.985
48388::LVWIXINAGAFEGG-UHFFFAOYSA-N,-8.813
48389::GQGQTSKWOVJCQY-UHFFFAOYSA-N,-8.733
48391::TUJRFXINBBRYDA-UHFFFAOYSA-N,-8.532
48392::VETUBRQUWHLUCO-UHFFFAOYSA-N,-6.677
48394::IBCKMCMZIIKGJZ-UHFFFAOYSA-N,-7.244
48395::SOHPEZROJBRCCS-UHFFFAOYSA-N,-6.322
48396::CNGSFDONRCPXRF-UHFFFAOYSA-N,-7.989
48397::MYWAQWPNKUUBLY-UHFFFAOYSA-N,-8.488
48401::TUQWPAUYQLDZEZ-UHFFFAOYSA-N,-7.803
48406::WOSAEAWJXZPTOA-UHFFFAOYSA-N,-8.149
48407::QIUCVZXTPOPKTJ-UHFFFAOYSA-N,-9.348
48408::WEJWDNITQJITJI-UHFFFAOYSA-N,-9.108
48409::AOPZQKZQDGEGBS-UHFFFAOYSA-N,-11.29
48410::BOMTUBVUSUAXBH-UHFFFAOYSA-N,-8.462
48411::QPMMMQYNOJWQNW-UHFFFAOYSA-N,-7.932
48412::QKHRKUGCZJQDQV-UHFFFAOYSA-N,-11.68
48414::XINSMRKQRPCGCW-UHFFFAOYSA-N,-11.37
48416::VIJWAQOWZAKQKL-UHFFFAOYSA-N,-9.257
48417::XJRHLKGLYCZPNJ-UHFFFAOYSA-N,-7.135
48422::OILZBHHKNUNCCR-UHFFFAOYSA-N,-9.432
48423::WYAHWPFLDBJLEG-UHFFFAOYSA-N,-9.138
48425::VCZDSIYBQKXBQV-UHFFFAOYSA-N,-8.456
48426::WTFPCSHWPHQJGL-UHFFFAOYSA-N,-7.855
48427::JKZWUEPATKKPQE-UHFFFAOYSA-N,-8.32
48429::IJCVLBJDDTUKKS-UHFFFAOYSA-N,-5.565
48430::VAQGRHGZYIOQNN-UHFFFAOYSA-N,-11.14
48431::UIGIESUCEXWUOO-UHFFFAOYSA-N,-9.69
48432::FZVKFUSUDHGTHA-UHFFFAOYSA-N,-7.61
48434::VSGWVFGLLDGGFQ-UHFFFAOYSA-N,-6.838
48435::NMTYYPKUZCOLFB-UHFFFAOYSA-N,-7.79
48437::BSNODGMEJXQZST-UHFFFAOYSA-N,-7.441
48438::PKUWMTTUSBWEFC-UHFFFAOYSA-N,-7.697
48439::PYHJTPDJCMQAIZ-UHFFFAOYSA-N,-7.964
48443::AOPMQYFRYJEINB-UHFFFAOYSA-N,-8.157
48444::XWPQYCUHAIUILP-UHFFFAOYSA-N,-8.974
48445::XTFSERJDNQFZMT-UHFFFAOYSA-N,-9.466
48448::PIUYWKFSDWVACT-UHFFFAOYSA-N,-8.111
48449::CJCSPKMFHVPWAR-JTQLQIEISA-N,-6.402
48454::JIKAEHOGWAHVIJ-UHFFFAOYSA-N,-6.725
48456::OAASGXFNRLHVGT-UHFFFAOYSA-N,-8.504
48457::MUTGPHWPQJLACG-UHFFFAOYSA-N,-7.592
48458::AGWFGPCZMMBBOZ-UHFFFAOYSA-N,-8.846
48462::RYVDGRVJSAHXNY-UHFFFAOYSA-N,-10.23
48464::ASANWFPJRXOLPD-UHFFFAOYSA-N,-9.215
48465::SAPOAWAJCQDOGC-UHFFFAOYSA-N,-7.553
48466::USGHIMJARYRESV-UHFFFAOYSA-N,-5.226
48467::YHCQESVGZYDCOO-UHFFFAOYSA-N,-8.412
48471::VJNUZWXUWLCZJR-UHFFFAOYSA-N,-7.105
48472::FCUAEROZPYVWJP-UHFFFAOYSA-N,-8.295
48473::VPDDZUJNXCRYMB-UHFFFAOYSA-N,-9.499
48476::ZAMHLJLDMQADGU-UHFFFAOYSA-N,-8.145
48478::XYIQNAQIJIAQFL-UHFFFAOYSA-N,-7.089
48479::WWVYTOAJWOLNPK-UHFFFAOYSA-N,-7.476
48481::ODBGAQZFFZSUIA-UHFFFAOYSA-N,-7.992
48482::YKGNFJJJTAQTNP-UHFFFAOYSA-N,-10.46
48483::NKQUVGZOVJDZAJ-UHFFFAOYSA-N,-11.54
48484::IZUZCSWZCCKNHI-UHFFFAOYSA-N,-8.636
48486::LCMBOALLXPSMIV-UHFFFAOYSA-N,-9.87
48487::WTLLHIJKDXFCPS-UHFFFAOYSA-N,-9.443
48488::PZOIRSAWTCMFEB-UHFFFAOYSA-N,-5.305
48489::JOFJAPBDFFOSES-UHFFFAOYSA-N,-7.514
48492::HGYLMBSADYHHGI-UHFFFAOYSA-N,-7.975
48493::GMHPGSPBKOBGJR-UHFFFAOYSA-N,-9.079
48495::SVBVNBDXIQCSIT-UHFFFAOYSA-N,-8.752
48496::JAAWIAFOLYWFDX-UHFFFAOYSA-N,-8.619
48497::RAJDNSGRBFIOLG-UHFFFAOYSA-N,-8.721
48498::CLNAVOVTQCPLIA-UHFFFAOYSA-N,-9.516
48499::GSJAVDQBOSAGQM-UHFFFAOYSA-N,-9.701
48502::UDTPQTIPAJWTBB-UHFFFAOYSA-N,-8.171
48503::OQVHGKILKGMIEL-UHFFFAOYSA-N,-10.06
48505::BQQGDSBHPFKTNO-UHFFFAOYSA-N,-7.998
48506::LLVFONBLAPHSSW-UHFFFAOYSA-N,-9.205
48507::JJTWDBITQPVOMW-UHFFFAOYSA-N,-8.439
48511::NDBVZFMGYMXMQA-UHFFFAOYSA-N,-6.526
49118::SVXWHTCYQUGEHS-UHFFFAOYSA-N,-8.077
49119::HQYDWCWJZHQIBX-UHFFFAOYSA-N,-5.951
49120::FSRYGTPRUXYRIH-UHFFFAOYSA-N,-8.675
49121::FMRHPEFTSDIZEM-UHFFFAOYSA-N,-8.135
49122::BNQDCRGUHNALGH-UHFFFAOYSA-N,-6.704
49123::UCWSLEBEPZWUMD-UHFFFAOYSA-N,-9.436
49124::FFTCERLLXSWOKT-UHFFFAOYSA-N,-6.942
49125::PLHQPRRXRZUFFG-UHFFFAOYSA-N,-7.656
49126::NTYOJDZWXSZFDO-UHFFFAOYSA-N,-9.206
49127::UCXSQRYCERRUHA-UHFFFAOYSA-N,-9.183
49128::KWRJOCXPEVTQAL-UHFFFAOYSA-N,-9.968
49129::HSRHOKLBADNCMO-UHFFFAOYSA-N,-9.963
49130::SPFBMNKRQFPDGH-UHFFFAOYSA-N,-6.545
49131::LRNPSGUAFBKGRH-UHFFFAOYSA-N,-8.502
49132::JXQKGXOGDLTSGE-UHFFFAOYSA-N,-9.118
49133::CZDJAOWKZQKIOG-UHFFFAOYSA-N,-8.494
49134::RTKFVHWSNZTXBW-UHFFFAOYSA-N,-9.296
49135::DSWAZXIQQUTGLD-UHFFFAOYSA-N,-8.089
49136::QEJSRHCBTUVTTE-UHFFFAOYSA-N,-7.432
49137::ZNEBYBSYGGCXTQ-UHFFFAOYSA-N,-7.945
49138::PRTSNNYICAXBIW-UHFFFAOYSA-N,-7.867
49139::VJQITKIXPCLOJR-UHFFFAOYSA-N,-9.761
49140::MVANGJDUHJVWID-UHFFFAOYSA-N,-11.89
49141::BNPLLZIDWXJZHJ-UHFFFAOYSA-N,-8.979
49142::OFOQRUGUYSEKGB-UHFFFAOYSA-N,-9.143
49143::BQSGTBZOYSXJKP-UHFFFAOYSA-N,-8.299
49144::FDQFPNOVBQINFZ-UHFFFAOYSA-N,-7.913
49145::TXJMLBKNYFETGN-UHFFFAOYSA-N,-8.259
49146::GAYRBSIQRGNJMS-UHFFFAOYSA-N,-10.74
49147::VFFLRXLCOBABIU-UHFFFAOYSA-N,-10.46
49148::KRLLADIRUVUPTA-UHFFFAOYSA-N,-7.388
49149::YXMHFHWBMRABDD-UHFFFAOYSA-N,-6.381
49150::AJZYCLUWDCVNLC-UHFFFAOYSA-N,-8.09
49151::CFNHADLXRJXJRK-UHFFFAOYSA-N,-8.914
49152::XAFSFXYJOJWLJD-UHFFFAOYSA-N,-9.617
49153::KWRZMKSLQYYYOV-UHFFFAOYSA-N,-10.4
49154::LAKWGCXUULLLGC-UHFFFAOYSA-N,-6.955
49155::DBAJZFHKRIYVQK-UHFFFAOYSA-N,-9.309
49156::OLZICPZIOHTXSU-UHFFFAOYSA-N,-8.746
49157::IXJFDCWNBWBFHL-UHFFFAOYSA-N,-8.555
49158::XRIJSVGOEPWBKT-UHFFFAOYSA-N,-8.204
49159::XXURZILITLKWSP-UHFFFAOYSA-N,-8.373
49160::TUVUYMHQAWUWEK-UHFFFAOYSA-N,-8.361
49161::AGMAGZYWOVGMOB-UHFFFAOYSA-N,-7.658
49162::OGRWWKXUMABOQZ-UHFFFAOYSA-N,-7.987
49163::PMODKFBPMPSXDK-UHFFFAOYSA-N,-8.089
49164::RTOAGBRHOJXOLX-UHFFFAOYSA-N,-8.384
49165::KPLSQHSAPPJSKW-UHFFFAOYSA-N,-8.597
49166::IQBDGZHBPLZUOT-UHFFFAOYSA-N,-7.904
49167::WVGRTYCCARDHGG-UHFFFAOYSA-N,-8.496
76095::NZGQHKSLKRFZFL-UHFFFAOYSA-N,-7.218
77800::AISXXXVGJITSPH-UHFFFAOYSA-N,-7.531
86689::VKHAHZOOUSRJNA-UHFFFAOYSA-N,-11.63
86690::MRFKBITXXBHFSH-AZYXEAIMSA-N,-10.24
102984::LJMYQSJCZOBGHG-UHFFFAOYSA-N,-9.224
102985::FYJHZJIZNLBYPB-UHFFFAOYSA-N,-9.912
102986::FBCQEUMZZNVQKD-UHFFFAOYSA-N,-9.38
102987::NJUCPSQPZWRTIE-UHFFFAOYSA-N,-10.29
102988::VZENDFWNJCXHBN-UHFFFAOYSA-N,-10.49
102989::VLJZTJRWPPMWCP-UHFFFAOYSA-N,-11.22
102990::SFRJMOVODIYLPX-UHFFFAOYSA-N,-10.91
102991::HQZJXPHHIKXPCH-UHFFFAOYSA-N,-14.58
102992::OHKJPJLUAFPDTC-UHFFFAOYSA-N,-9.319
102993::ZPPUSBOBVYSMNZ-UHFFFAOYSA-N,-10.62
103430::QOQPQWWGESZFBH-UHFFFAOYSA-N,-9.382
141368::VPLFURZOENDKIP-BWGXUDETSA-N,-10.97
141372::ZZWJKLGCDHYVMB-BWGXUDETSA-N,-11.33
141378::WNNXPJZAYDDMCY-BGOLNKOXSA-N,-11.52
141379::BHIQUIYSVRULQI-BGOLNKOXSA-N,-11.98
176750::MMNLWVVVDFQANH-UHFFFAOYSA-N,-9.327
176752::VKOUCJUTMGHNOR-UHFFFAOYSA-N,-8.835
176753::SVOBELCYOCEECO-UHFFFAOYSA-N,-9.331
176756::YBLBHSSRHHJKEK-UHFFFAOYSA-N,-8.14
176758::NUDSREQIJYWLRA-UHFFFAOYSA-N,-7.786
176759::UMPGNGRIGSEMTC-UHFFFAOYSA-N,-11.02
176760::PVFQHGDIOXNKIC-UHFFFAOYSA-N,-10.62
176762::DIQLMURKXNKOCO-UHFFFAOYSA-N,-8.585
176764::JZODKRWQWUWGCD-UHFFFAOYSA-N,-6.36
176768::CNHDIAIOKMXOLK-UHFFFAOYSA-N,-5.497
240786::JVHGOQSVKBEOFZ-OBMMHDFCSA-N,-9.284
240787::NMPCUPPFFBXPKH-AOPDBVIUSA-N,-9.349
240788::IWGSIBVXIPLFAD-XGJLPXJKSA-N,-9.338
310198::BIUDJVBDYHJCCR-UHFFFAOYSA-N,-8.376
312096::GLVQMSCCFOGRRG-UHFFFAOYSA-N,-8.218
312134::FSCSPCCXODGFCH-UHFFFAOYSA-N,-8.295
312136::IYKXSJBWAQMFEC-UHFFFAOYSA-N,-8.358
312137::YECTYKMUECXIIC-UHFFFAOYSA-N,-9.882
312139::UZCGSEMPWJYIKG-UHFFFAOYSA-N,-8.566
312140::KGZZMTWCVOBJOB-UHFFFAOYSA-N,-9.868
312149::UQJVSWJIGSWDBK-UHFFFAOYSA-N,-10.41
312151::QAGWYKCFYYZWRQ-NSCUHMNNSA-N,-9.54
317457::OBMYVDPMHJENSJ-UHFFFAOYSA-N,-8.993
317459::PHJMFHYDJCTEFA-UHFFFAOYSA-N,-8.556
317461::MEUSXTGMSNLMBW-UHFFFAOYSA-N,-8.645
332659::ZQFNDBISEYQVRR-LOSJGSFVSA-N,-11.58
50001003::WIRHVWGXFGRIGT-UHFFFAOYSA-N,-13.7
50005587::MGFIKZPNBCCIOL-UHFFFAOYSA-N,-10.6
50005588::NPBTTYXOISVXOO-UHFFFAOYSA-N,-9.476
50005589::GTRGJBBUILKEKW-UHFFFAOYSA-N,-12.24
50005590::YJHATYOHMVEVQR-UHFFFAOYSA-N,-10.42
50005591::KCIOZMOTULBIRT-UHFFFAOYSA-N,-9.174
50005592::JZYCMXQTCPCMIE-UHFFFAOYSA-N,-11.42
50005593::FPLZUJMAYPXWGT-UHFFFAOYSA-N,-12.06
50005594::LCEDFYWJXYKPTO-UHFFFAOYSA-N,-10.21
50005595::JXMWBHWUWYQZBB-UHFFFAOYSA-N,-9.699
50005596::RSPHEZNHWTUCKM-UHFFFAOYSA-N,-12.03
50005600::RUGVHWRAAPDTAK-QZQOTICOSA-N,-13.12
50005603::UIOWBFRSDFQEIM-XUTLUUPISA-N,-10.08
50005604::ITWVYQQVUWNEIY-XUTLUUPISA-N,-9.338
50005606::NUZSYQFUNTVDIZ-LYBHJNIJSA-N,-9.938
50005607::KZWDEXMYVJJSFV-XUTLUUPISA-N,-11.22
50005609::VMHSNZBBHGFGSF-FMQUCBEESA-N,-9.048
50013725::LRJPHECSAGPJKE-UHFFFAOYSA-N,-14.6
50013726::IRSFLNXJVJKMDT-UHFFFAOYSA-N,-10.48
50014432::NMWIJNGJMPMFQG-IBGZPJMESA-N,-9.916
50014433::NUUMMLYSKRRLTQ-INIZCTEOSA-N,-9.486
50017657::DERZBLKQOCDDDZ-JLHYYAGUSA-N,-12.76
50018262::CUXRGANZEHBODX-UHFFFAOYSA-N,-13.63
50020285::QRVWKOHAAHLWBP-RQZHXJHFSA-N,-14.14
50020286::BVEUNJHCBSAFKG-CYYJNZCTSA-N,-15.09
50031808::BMKPNQVPLOCMLU-PMACEKPBSA-N,-10.9
50031809::PAQOIRYSVUITCE-NHIDMIJISA-N,-10.83
50031810::JHRCZSAGRUZCAI-PMACEKPBSA-N,-9.189
50031811::NMQUVCHYVZHRSK-PMACEKPBSA-N,-10.91
50031812::ZOQLGNTVHBSRPX-ZEQRLZLVSA-N,-10.35
50031813::SITHONSGWKZBPC-VWLOTQADSA-N,-10.19
50031814::AOQJCULCZPADGV-VXKWHMMOSA-N,-10.58
50031815::QKLDKBVOBCLOPO-VXKWHMMOSA-N,-9.019
50031816::UXSMAPJCCXMMFB-CQSZACIVSA-N,-10.71
50041611::HJQQVNIORAQATK-DDJBQNAASA-N,-11.8
50042944::DXDRHHKMWQZJHT-FPYGCLRLSA-N,-8.22
50069059::CMHJMUZTXMDMKL-SJLPKXTDSA-N,-10.79
50069062::XEJSGXDGPYBWNF-GDBMZVCRSA-N,-9.456
50069065::JEKLOWJNFQMNLW-NKWVEPMBSA-N,-8.95
50069067::APDOEOQZQMSOFL-IMSIIYSGSA-N,-9.019
50069068::UDMCMALCRGIISA-ZCFIWIBFSA-N,-8.529
50069069::YXFRGFFRCABTFT-NOZJJQNGSA-N,-9.931
50069070::MCZDFWOPLACFDA-QMTHXVAHSA-N,-10.1
50069071::AECUUHUGTSTYSJ-PRHODGIISA-N,-10.12
50076684::NRQQDFFSJPVQFQ-UHFFFAOYSA-N,-9.816
50076685::GTZWEKOQKQIWQD-UHFFFAOYSA-N,-9.328
50076687::XFVHCXVBLVMUSO-UHFFFAOYSA-N,-9.186
50076691::XCAOBUOTWGIJFB-UHFFFAOYSA-N,-9.373
50076692::VTRALRXIBUAIMP-UHFFFAOYSA-N,-9.101
50076693::FVNZFSAGJPHSHT-UHFFFAOYSA-N,-8.786
50076695::NMPSQLMXBXAXQZ-UHFFFAOYSA-N,-9.394
50077844::KJFMBFZCATUALV-UHFFFAOYSA-N,-8.665
50081069::VWFKACUYWYZVSW-RLLPEYFOSA-N,-9.663
50081070::PDEYZVGOCYDQJF-UHFFFAOYSA-N,-9.784
50088673::HCUAWJNHCZEMJS-UHFFFAOYSA-N,-8.981
50089607::FJUZXZJLZZDSKR-YUQJMRAGSA-N,-11.93
50090462::BURHGPHDEVGCEZ-KJGLQBJMSA-N,-17.41
50091046::YCRPDBNNDVYMBL-UHFFFAOYSA-N,-10.44
50094722::WLPKMPUHAYCXFK-UHFFFAOYSA-N,-10.3
50094734::DLWHGJVATWWUTK-UHFFFAOYSA-N,-11.31
50094736::JMQRCCQUKFLXLF-UHFFFAOYSA-N,-11.26
50094737::URRAWXNQIBNYAU-UHFFFAOYSA-N,-10.38
50094746::HZASXLCDJJRHEQ-UHFFFAOYSA-N,-9.609
50094748::FXJNNSZVYDFUMS-UHFFFAOYSA-N,-10.5
50094753::VRDKKNOCGKKFOO-UHFFFAOYSA-N,-12.61
50094760::PQXAOJPTBDMVNK-UHFFFAOYSA-N,-12.53
50099586::SACIXOLGIWUXTG-UHFFFAOYSA-N,-11.82
50099587::JICOGKJOQXTAIP-UHFFFAOYSA-N,-11.25
50102180::RTLDJXGEOSVJEX-UHFFFAOYSA-N,-4.92
50102190::CNZVGKSWGGJIMU-UHFFFAOYSA-N,-11.24
50102191::OLJCLKKBFIOFSK-UHFFFAOYSA-N,-10.49
50102192::SEAGICQGKLIWII-UHFFFAOYSA-N,-10.7
50102193::LJASMGFZSABLPZ-UHFFFAOYSA-N,-14.38
50102194::HDMUCANUXXXLNX-UHFFFAOYSA-N,-11.62
50102195::TZDQHXIZIDYOCH-UHFFFAOYSA-N,-12.22
50102196::QTFWAEIJPISIIW-UHFFFAOYSA-N,-9.936
50102197::BFQHXILWHBWRRV-UHFFFAOYSA-N,-10.85
50102198::UDUZAKDLZAVSDS-UHFFFAOYSA-N,-10.6
50102199::GREQBSJJGDAHBG-UHFFFAOYSA-N,-10.6
50102200::QDCUXSGHOJHXPC-UHFFFAOYSA-N,-9.88
50102201::OWSVSNLEIAPKKE-UHFFFAOYSA-N,-11.09
50102202::PNRRSDWBCUPCNL-UHFFFAOYSA-N,-10.58
50102203::MOJUIGSJBXXTNA-UHFFFAOYSA-N,-13.72
50102204::RRNFUZMGIKMXIE-UHFFFAOYSA-N,-10.32
50102205::NNSHOBXASKSVQK-UHFFFAOYSA-N,-11.95
50102902::WDHIYKZHKBKYCY-UHFFFAOYSA-N,-11.17
50104323::JGJPGWCZPKIATB-UHFFFAOYSA-N,-11.45
50104324::TUWAJCMXXFZLOS-UHFFFAOYSA-N,-10.82
50104325::JKVAFNSXXFFLKN-UHFFFAOYSA-N,-10.89
50104326::SMYDPKRFVHAWET-UHFFFAOYSA-N,-10.58
50104328::ZKPUWBASAVMSDI-UHFFFAOYSA-N,-10.24
50104329::AFAUDWQMESQGPR-UHFFFAOYSA-N,-8.846
50106345::MOZNZNKHRXRLLF-UHFFFAOYSA-N,-6.564
50113776::CDXXFXPTTWOXBC-QFIPXVFZSA-N,-10.13
50113778::CDXXFXPTTWOXBC-JOCHJYFZSA-N,-9.881
50113782::NSUUUQRFPXZFLI-HGIGOATPSA-N,-10.28
50121958::VCCBEIPGXKNHFW-UHFFFAOYSA-N,-7.333
50123205::NRJDKQAGGSKGKV-UHFFFAOYSA-N,-10.7
50123206::NBNSBPOETAKHET-UHFFFAOYSA-N,-10.56
50123209::DJJCBDOVULVMNS-UHFFFAOYSA-N,-10.94
50126766::OGFVXFRTWSZFLM-UHFFFAOYSA-N,-11.31
50126767::AVXFTHNOWJYYDE-UHFFFAOYSA-N,-10.43
50126768::NMCYTKMBDGTVBT-UHFFFAOYSA-N,-12.11
50126770::NEOSJNQOWQEQPD-UHFFFAOYSA-N,-12.15
50126771::LYTYCEUQORRRRH-UHFFFAOYSA-N,-11.21
50126772::SRTXEUWYNWJPNW-UHFFFAOYSA-N,-10.48
50128392::IQBSKHUUKFFBOG-UHFFFAOYSA-N,-14.01
50128393::DSPKFOXJJPPMJT-UHFFFAOYSA-N,-12.13
50128394::GDUBWKFFFZPKRD-UHFFFAOYSA-N,-9.477
50128396::VPHDBSKPCLXHJV-UHFFFAOYSA-N,-10.13
50128397::DMRMYRIKDDOVCY-UHFFFAOYSA-N,-11.27
50128398::SEKOFPJLRLFURL-UHFFFAOYSA-N,-8.977
50128400::OQJYJENHHOZHPV-UHFFFAOYSA-N,-9.053
50128401::KUBYSGIGKNDGJE-UHFFFAOYSA-N,-9.854
50128402::OWIQDPLCVNXIEI-UHFFFAOYSA-N,-10.03
50128403::DYVRNYHOABJFGS-UHFFFAOYSA-N,-9.088
50129145::VRWXHHASXOUVMH-FBHDLOMBSA-N,-11.9
50129146::NGNZPJWDMRRGGD-YVLHZVERSA-N,-9.73
50129149::NTCBYBDADUSXSB-UHFFFAOYSA-N,-9.963
50129152::GKQWMOXIBZCMDJ-PWZOGDDVSA-N,-12.65
50133068::FUJWBLFDZOBXPO-UHFFFAOYSA-N,-17.28
50133069::CIMWNILMBKPFET-UHFFFAOYSA-N,-13.7
50133070::MLBZDTAIIVFHLO-UHFFFAOYSA-N,-12.28
50133072::XUALHNPBDPDWEX-UHFFFAOYSA-N,-11.61
50136238::BFURSXBSEDPUOS-BJJXKVORSA-N,-9.31
50136239::BFURSXBSEDPUOS-JGGQBBKZSA-N,-8.727
50136240::BFURSXBSEDPUOS-INWMFGNUSA-N,-8.942
50136241::BFURSXBSEDPUOS-NOLJZWGESA-N,-9.25
50136242::BFURSXBSEDPUOS-XNRPHZJLSA-N,-8.947
50136243::RYWZPRVUQHMJFF-KSZLIROESA-N,-10.09
50140674::HSKXJPNHMGUVPL-UHFFFAOYSA-N,-9.52
50140675::NPPJRXCPVFGGRZ-UHFFFAOYSA-N,-9.186
50140676::JKZZLUQCUCEIFL-UHFFFAOYSA-N,-9.408
50141153::OOVBKUSHJKIKBY-UKILVPOCSA-N,-9.001
50141154::AETJFEZDSLASSU-XTEPFMGCSA-N,-10.04
50141156::OOVBKUSHJKIKBY-ILBGXUMGSA-N,-10.87
50141157::GLJYIOVHFSESHE-POURPWNDSA-N,-8.754
50141158::AHXXHWFYNAUTSS-XRKRLSELSA-N,-9.099
50141159::FKPQJDFSZNBBPP-OZNIXHKMSA-N,-9.613
50141160::NNKPTRBXTNSWCK-ZQWAWDFXSA-N,-10.78
50141161::FZKDJYFVKDANEB-CMJOXMDJSA-N,-8.826
50141162::ILJFDCKGHVGZCB-LEAFIULHSA-N,-12.46
50141164::BUPQBCXHDXWGHQ-LEAFIULHSA-N,-9.917
50141165::YGWROZRRAWJTFM-PQHLKRTFSA-N,-10.23
50141166::WUJSSCYAIPXHQY-QBYFTLAFSA-N,-9.218
50141167::INQOTYZWBQTUMF-IXCJQBJRSA-N,-11.97
50141168::HOVJTHCFFRUYFF-XRKRLSELSA-N,-9.742
50141169::LSKIAVDUXFFGTG-MWTRTKDXSA-N,-9.13
50141170::JZKZMHQMKLJMGG-TZIWHRDSSA-N,-8.947
50141171::LSKIAVDUXFFGTG-HJPURHCSSA-N,-9.931
50141172::WKOXDPCSUWAONV-BVRKHOPBSA-N,-9.472
50141173::DJGVRFOZFQIQPQ-IXCJQBJRSA-N,-10.96
50141174::XZTISDVIUMWTRB-XRKRLSELSA-N,-9.93
50144852::CTRXRRTXKQGMKA-SXOMAYOGSA-N,-9.87
50144853::PYGGJQVQQOSYJT-UHFFFAOYSA-N,-11.22
50144854::BYACGNJNGGJNNN-SXOMAYOGSA-N,-10.91
50144855::WGDOPZQMRJSAPD-SXOMAYOGSA-N,-11.56
50145487::UTNNZWWKLIJITH-LOSJGSFVSA-N,-8.326
50145489::YDDKFGNAKZTILR-RRPNLBNLSA-N,-10.05
50145494::FSRJCUXUSRNUQO-IZZNHLLZSA-N,-8.529
50145495::ZVGTXIRTLQSZBT-IZZNHLLZSA-N,-8.663
50146198::XAKRCNHCOCHVRY-UHFFFAOYSA-N,-12.06
50146199::WJZVLVHBFUHGTK-XNTDXEJSSA-N,-11.07
50146200::AOQCXARLJLESBQ-MDWZMJQESA-N,-10.71
50146201::GXESHMAMLJKROZ-UHFFFAOYSA-N,-9.935
50146202::PROUHBZGWQMIIU-UHFFFAOYSA-N,-8.916
50146203::AMISCVYQYZIUFE-HNNXBMFYSA-N,-9.438
50146204::DJRKSGRNONIHEI-UHFFFAOYSA-N,-9.085
50146205::GPCYFQNZUYGLEL-UHFFFAOYSA-N,-9.969
50146206::GYKURIAKKZGNMS-UHFFFAOYSA-N,-9.627
50146207::LXRCRKABAIYOCQ-UHFFFAOYSA-N,-10.98
50146208::SAIDSERFVUZYSO-UHFFFAOYSA-N,-8.767
50146209::WVQOWITXJGHARO-UHFFFAOYSA-N,-10.45
50146210::QNIDSCOWXYIJKG-UHFFFAOYSA-N,-8.074
50146211::DILFSAAJOWIUJZ-UHFFFAOYSA-N,-9.994
50146212::GATWFGBHSNOLIN-UHFFFAOYSA-N,-8.702
50146213::TXMWYKYJRAYYNL-UHFFFAOYSA-N,-9.305
50146214::FKFUTYQVRXYTBP-UHFFFAOYSA-N,-7.955
50146215::YNQRSOYCZZBBMJ-UHFFFAOYSA-N,-9.698
50146216::OEVPCWZBGFRZNA-UHFFFAOYSA-N,-10.19
50146217::FFWJMJCDPFQUJT-UHFFFAOYSA-N,-10.46
50146218::NLFJSBVJHWAUIS-UHFFFAOYSA-N,-10.23
50146219::KUEZQAQZOUTJKW-UHFFFAOYSA-N,-9.286
50146220::AMISCVYQYZIUFE-OAHLLOKOSA-N,-10.46
50146221::OUBBDRUPHRMAJH-UHFFFAOYSA-N,-9.291
50146222::GGTCHEADLNJZRX-UHFFFAOYSA-N,-10.08
50146223::ITMUPSFMXVHHMX-UHFFFAOYSA-N,-10.88
50146224::BCVXRPDYMYWNQG-UHFFFAOYSA-N,-10.45
50146225::LEERKNYDXARYEY-UHFFFAOYSA-N,-11.16
50146226::IBTVWQOYCRXIFM-UHFFFAOYSA-N,-9.006
50146264::YDQNHZBACNWIHI-IZZNHLLZSA-N,-11.02
50146268::ZWNVQZODHBWMRE-PXJZQJOASA-N,-9.102
50146274::BZIPUTIRZYCJEH-IZLXSDGUSA-N,-10.49
50146275::BLAFSGUDLGHJCN-SXOMAYOGSA-N,-9.856
50146276::DGUGAVBTCOIQFE-ICNJSSKSSA-N,-12.16
50146279::URLLDRDPXYLMTI-FTJBHMTQSA-N,-9.596
50146280::WGDOPZQMRJSAPD-UHFFFAOYSA-N,-12.09
50146281::KGLHEVXFWIJETJ-SXOMAYOGSA-N,-9.867
50149058::IVTZIFNECBQKHV-LOSJGSFVSA-N,-9.001
50149059::ZIBFYFNRTAIKMN-LOSJGSFVSA-N,-8.923
50149060::SGZMYPDLACFIAW-RBBKRZOGSA-N,-8.795
50149061::ODYADVKZTZANGH-BJKOFHAPSA-N,-8.027
50149062::RLLNKRKFPKUNJC-LOSJGSFVSA-N,-8.835
50149063::ZRLRZCJLKJGBOO-IZZNHLLZSA-N,-10.32
50149064::GPLOFIHKLFTQMK-WUFINQPMSA-N,-8.822
50149065::ILMLSUGDEMTFAD-WUFINQPMSA-N,-10.09
50149066::VIOALNJIAUKRMB-IZZNHLLZSA-N,-8.67
50149067::CDOZTSKYNUHWTK-LOSJGSFVSA-N,-8.832
50149068::PDIHJJKJNCYFNK-IZZNHLLZSA-N,-8.268
50149069::CXMOUKNCAVXSOQ-FTJBHMTQSA-N,-8.281
50149070::KOOOMLILGZXPSD-SXOMAYOGSA-N,-10.99
50149071::BBLGBSSQOMHADP-RRPNLBNLSA-N,-10.39
50149072::PJICCNZRIOJESH-IZZNHLLZSA-N,-8.669
50149073::HRVIOIRMUAIGBG-RRPNLBNLSA-N,-8.44
50149074::UTBCSHYTMNCDPU-SXOMAYOGSA-N,-9.819
50149484::VKHAZLNFXPDJLK-GUUDQSQHSA-N,-12.56
50149485::ISSMOFDSASESSU-WZQNMIHXSA-N,-9.573
50149486::OFKDZZVBNLFIOZ-XZWHSSHBSA-N,-10.15
50149487::LCRLCVCOQDLILD-QZQYRZTLSA-N,-10.02
50149488::ISNMOIVTZCAIGR-PFLPKTOKSA-N,-9.012
50149489::MBLXCRLKWJLKIM-ISGXWMPLSA-N,-10.44
50149490::OYAILXOXIFBWFX-ARSTWGPPSA-N,-9.192
50149491::BGIIEAJTIOAKIR-IVBVTWBMSA-N,-10.17
50149492::ISNMOIVTZCAIGR-TZGRGIEFSA-N,-9.573
50149493::XKPFIOPKBVZILS-HAIKDGOVSA-N,-54
50149494::AHZXOWRUYBWOSI-QZQYRZTLSA-N,-10.11
50149495::WLRPZACUIBZQLB-ICRVGQFUSA-N,-9.617
50149496::TZFOGJYLHDBPIJ-RRPNLBNLSA-N,-9.608
50149497::LXPJFKHIHBCXNT-CIASDXNTSA-N,-10.63
50149498::CEFNIUUIIQIRMU-SQMFLSJESA-N,-9.042
50149499::FBRWJFIIKLEIOI-WUFINQPMSA-N,-9.81
50149500::DZOIXKJZJFFSGR-RRPNLBNLSA-N,-9.179
50149501::UUUTZMAUKQWQIO-QGUKFAFCSA-N,-8.75
50149502::YJDVSCUVUKMJDZ-RRPNLBNLSA-N,-11.06
50149503::WVTMGMFRIVZXOS-IZZNHLLZSA-N,-12.81
50149504::BNLANWVXEFRDFO-RRPNLBNLSA-N,-8.972
50149506::CUYHFNHMFKPTRI-IZZNHLLZSA-N,-10.13
50149507::CEFNIUUIIQIRMU-JAMKYWPSSA-N,-9.62
50149508::SZCIUMNCRFCHKW-JSRBVGTNSA-N,-8.324
50149509::VYCNOPRACOYUBB-IZZNHLLZSA-N,-8.483
50149510::HEXSBPJUAVNGKL-WUFINQPMSA-N,-8.568
50149511::UJUYKKWTTSCBQE-URLMMPGGSA-N,-9.057
50150979::BNAWSOWKSSIPGW-UHFFFAOYSA-N,-6.342
50151059::SSWOCFCYROEANS-UPGCFDGXSA-N,-8.111
50151060::SCLTZUGPKWXVDE-IBSXURLBSA-N,-10.95
50151065::JDCXFBDZIJWEFO-PLCYUVIZSA-N,-10.96
50151066::DLXBCJBMEVKPIX-DYIFYJHRSA-N,-10.88
50151067::SDXWDHXHERWGDY-ZOCRLUIKSA-N,-10.84
50151068::AOIBSIQVRJDUOX-RPBDTDFQSA-N,-12.48
50151069::AFESNDPGXPZTOQ-MESGNEMJSA-N,-8.95
50151070::IMTGEDOKMRCXLE-DYIFYJHRSA-N,-15.26
50151072::QIWQUMBYZAMEPN-NFCXHWEESA-N,-18.76
50151073::RFZAHUIHPLZLLA-LXGVTRKRSA-N,-9.105
50151074::ZDCMJDVSSLHLLQ-GCNJZUOMSA-N,-8.301
50152609::XMACBUOIMKGMRP-UHFFFAOYSA-N,-8.645
50152610::QHWZUEKEQMHGGA-UHFFFAOYSA-N,-8.461
50152611::QQGSJJXMDWGELG-UHFFFAOYSA-N,-8.423
50152612::AVFDXNWSUAKMFB-UHFFFAOYSA-N,-9.06
50152613::LBHMZZJMZZTTAJ-UHFFFAOYSA-N,-8.533
50152614::QIPCVTBKOSBJFB-UHFFFAOYSA-N,-8.769
50152615::ZKJVCUXZMYKTLT-UHFFFAOYSA-N,-8.453
50152616::GWRGVEOEXIBMJH-UHFFFAOYSA-N,-8.603
50152617::DYCMZYQVOASJOH-UHFFFAOYSA-N,-8.618
50152618::YSLYGNKZBSKTIF-UHFFFAOYSA-N,-8.888
50152619::KEWMBPCQWDVBAS-UHFFFAOYSA-N,-8.264
50152620::WDIBEWPLYCGEAL-UHFFFAOYSA-N,-8.684
50152621::FUWUZPRNKPGRGX-UHFFFAOYSA-N,-8.67
50152622::HRIJFHXLSGPFBS-UHFFFAOYSA-N,-8.412
50152623::FDDPFAVJBCQYPL-UHFFFAOYSA-N,-8.6
50152624::GGEKOZPXKBYLNK-UHFFFAOYSA-N,-8.324
50152625::ZSLKBKOUYSETPX-UHFFFAOYSA-N,-8.68
50152626::OCILFYQUCSGLEE-UHFFFAOYSA-N,-8.476
50152628::AFCXUMJPOGOVIU-UHFFFAOYSA-N,-8.56
50152629::UBYHIUUMRHTEFF-UHFFFAOYSA-N,-8.508
50154059::OSDJMOWFTIFDAM-UHFFFAOYSA-N,-8.602
50154060::YLDACOWFAJBPMW-UHFFFAOYSA-N,-9.091
50154061::GORQLKWDZKXABD-ARJAWSKDSA-N,-9.068
50154072::XOEIPMPQNNQRFN-ARJAWSKDSA-N,-9.915
50154091::WNVKLBDWFKKZGT-IHWYPQMZSA-N,-8.907
50154096::ZXYPUZBZVXTGTD-UHFFFAOYSA-N,-9.736
50154115::LYKOIOVFPHLPCR-WAYWQWQTSA-N,-9.07
50154132::QQYOOMZAIWLSOT-UHFFFAOYSA-N,-8.549
50154134::GBNLUWROABYNBX-IHWYPQMZSA-N,-8.787
50154315::DYOBVJBSGDMYED-IADYIPOJSA-N,-13.97
50154340::DFHBLNUDXVTIIS-SZXQPVLSSA-N,-9.816
50157142::WLGDFYOOSGHIPS-BLIZRMSTSA-N,-14.18
50157143::UOZGUWHPVZIRDP-YNOBPPCASA-N,-11.61
50157144::UOZGUWHPVZIRDP-AOLGGSBGSA-N,-9.427
50157146::WLGDFYOOSGHIPS-RHLLTPQKSA-N,-9.775
50157147::ZFDWXHMWRIPYFL-RRPNLBNLSA-N,-10.44
50157148::SHANKUTWRXLKIV-RRPNLBNLSA-N,-8.595
50157149::KRKRBIVNILCKBI-QUFBTCJSSA-N,-9.365
50157150::FAZOEMRTBCXQLO-RRPNLBNLSA-N,-8.85
50157151::YMMHAHMATMOTRF-PWUSVURUSA-N,-9.181
50157152::NWKCPPJDKLUHDY-KEKPKEOLSA-N,-10.92
50157155::KRKRBIVNILCKBI-OWPQXHQJSA-N,-11.83
50157157::MYPYUWTXZVADBB-KHWNGSORSA-N,-16.48
50157158::TXYRLWYXGWLWIJ-BLIZRMSTSA-N,-12.53
50157159::ZTMDXFVSRFQNLX-RRPNLBNLSA-N,-8.775
50157160::COJFASLRENZFLP-FNZLKOBSSA-N,-9.659
50157161::YMMHAHMATMOTRF-MXUAVAHLSA-N,-12.57
50157162::COJFASLRENZFLP-WZZYAGEBSA-N,-9.199
50157164::NWKCPPJDKLUHDY-MXSCXNJPSA-N,-11.75
50157166::COJFASLRENZFLP-UXHLOXSISA-N,-12.02
50157167::TXYRLWYXGWLWIJ-RHLLTPQKSA-N,-10.25
50157493::ZDUDMCQPFKPISO-UHFFFAOYSA-N,-9.154
50160297::KNKMMFVVMHOSMW-KAYWLYCHSA-N,-13.38
50160298::DTGDVCGLMWPOPE-KAYWLYCHSA-N,-12.79
50160299::DOVSMOALZRRPAR-VSGBNLITSA-N,-12.01
50160300::DXQFKXOLUSNFPJ-VSGBNLITSA-N,-12.13
50161696::NFNGJIUIEGWWCL-UHFFFAOYSA-N,-12.72
50161697::IBJBNKMQFSLSHP-UHFFFAOYSA-N,-11.87
50161700::XCTXIPQIYWWWTJ-UHFFFAOYSA-N,-10.79
50161701::BDKWTFFBJKKPEK-UHFFFAOYSA-N,-12.53
50161702::PDWYEQOPNALZBW-UHFFFAOYSA-N,-13.4
50161703::LMJKQNPYWFKZAW-UHFFFAOYSA-N,-12.44
50161704::NGAQPFXZVYCIOP-UHFFFAOYSA-N,-14.7
50161705::JHTAVPGZAPVPGG-UHFFFAOYSA-N,-10.7
50161707::CUWFUIFODKWOSV-UHFFFAOYSA-N,-15.75
50161708::SEJGMQWKNKIHGF-UHFFFAOYSA-N,-13.66
50161709::VLKYUZYMXSVULD-UHFFFAOYSA-N,-12.2
50161710::XNGJGVJVIOZPEE-UHFFFAOYSA-N,-11.83
50161711::QQVLWSVTWRIXTG-UHFFFAOYSA-N,-18.45
50161713::WNXGFXISCVUWCA-UHFFFAOYSA-N,-11.8
50161714::FZPWOPXFPOAFLM-UHFFFAOYSA-N,-14.85
50161715::WGTIVECTUKJFEB-UHFFFAOYSA-N,-10.61
50162794::QZFNCDFOOSETTB-FXAGJUNHSA-N,-9.128
50162795::WGYZSJCMDOXKNM-WYNHLRBOSA-N,-10.38
50162796::WGYZSJCMDOXKNM-FSQCKCQLSA-N,-10.43
50162798::OIWJQXISVVHHBL-MXXBPKCLSA-N,-10.6
50162799::JUMHXAHUWIPRTK-NIQOGTEGSA-N,-9.516
50162800::YGIGTTQRWLXDFG-WYSYQWHRSA-N,-8.969
50162801::KREZVKKCLKOMEF-IWKAXJDJSA-N,-8.306
50162802::OIWJQXISVVHHBL-FXAGJUNHSA-N,-12.43
50162803::XPVKGTWRXBSJKO-LHXLBICKSA-N,-9.711
50162804::PJDIJYZHMSPAKC-IWKAXJDJSA-N,-10
50162805::SZXSUSMBHOMKSB-IRTCRQIFSA-N,-9.347
50162806::AUBNMBTYWOGQSO-DEEMMSLNSA-N,-10.96
50162807::IQWWKHVNEDNTHC-FSQCKCQLSA-N,-9.093
50162808::HHCGRISNJFDPKZ-POLDFPFKSA-N,-10.21
50162809::KREZVKKCLKOMEF-IWXXCEQUSA-N,-9.446
50162810::QZFNCDFOOSETTB-MXXBPKCLSA-N,-10.24
50162811::OCOJLTOWRUXQCT-WYSYQWHRSA-N,-11.92
50162812::KOYRLVBQHJNLQX-IFVHXUSFSA-N,-9.724
50162813::OCOJLTOWRUXQCT-GEXBOQGPSA-N,-8.7
50166750::LXQJMGMGYPBIBZ-UHFFFAOYSA-N,-13.54
50166751::YLPDFBMVGAQVIZ-UHFFFAOYSA-N,-8.694
50166752::PXUFURPKZREQCA-UHFFFAOYSA-N,-8.445
50166753::GXCDFQARGZTHCW-UHFFFAOYSA-N,-9.753
50166754::DHPCBFMFERFZLR-UHFFFAOYSA-N,-8.958
50166755::OVFXCANAVHBWGG-UHFFFAOYSA-N,-8.651
50166756::PMSRTLBMXMXKDM-UHFFFAOYSA-N,-10.36
50166757::NFJQNJORGZRJPM-UHFFFAOYSA-N,-9.083
50166758::RVOVFKZJNLMQFA-UHFFFAOYSA-N,-10.05
50166759::QKHHOGHOHPKHGS-UHFFFAOYSA-N,-8.37
50166760::UQDOACBQOXYBML-UHFFFAOYSA-N,-8.694
50166761::GXKXWCKNQMYETG-UHFFFAOYSA-N,-8.169
50166762::PYTBPTAGQGJJQW-UHFFFAOYSA-N,-8.705
50166763::SDPJKYOUDICJGH-UHFFFAOYSA-N,-8.579
50166764::NWKSXFIQGVYZOU-UHFFFAOYSA-N,-8.115
50166765::ARAVJEDSAIPJMV-UHFFFAOYSA-N,-10.39
50166766::RXQOXDZTHWVXLL-UHFFFAOYSA-N,-7.845
50166767::VLWGJOKKTBWWGO-UHFFFAOYSA-N,-11.6
50166768::HMQTZLWTWCWYRU-UHFFFAOYSA-N,-8.649
50166769::HHVMWRVANSDUKF-UHFFFAOYSA-N,-9.529
50166770::IOAPPLGKQYAVIJ-UHFFFAOYSA-N,-8.948
50166771::OQCZSUMEBSHKBI-UHFFFAOYSA-N,-11.27
50167731::HZGJIOSMWNHYMM-UHFFFAOYSA-N,-11.82
50167732::YAQWQZDYWQPKLI-UHFFFAOYSA-N,-11.88
50167733::QOZYJHACMJBAJT-UHFFFAOYSA-N,-12.12
50167734::OQUMCAVRSPBTOY-UHFFFAOYSA-N,-11.63
50167735::LKZIQCSSMREXPX-UHFFFAOYSA-N,-13.42
50167736::BARFULUVAFOHAK-UHFFFAOYSA-N,-11.91
50167737::XJCXCLORQVQMPF-UHFFFAOYSA-N,-10.59
50167738::CHIFIFZCODWRBM-UHFFFAOYSA-N,-20.04
50167739::FQMDYRGPORXIJD-UHFFFAOYSA-N,-10.09
50167740::CSBJJFAQPJISOU-UHFFFAOYSA-N,-9.875
50167741::IYPFZXICSMWJPY-UHFFFAOYSA-N,-12.64
50167742::KGZXOXJAAXTRSE-UHFFFAOYSA-N,-11.92
50167790::AMCBONFIXAFCBY-GXZWQRSESA-N,-9.114
50167794::YGMZMSTZNPBQIC-SFHVURJKSA-N,-10.9
50167795::SQWQGCCFUAYKKJ-JZKQVHKSSA-N,-9.756
50167796::HIFFKGJSNMEMDS-VSKRKVRLSA-N,-9.892
50167799::GXCHQFWNFMZMSC-ZLNRFVROSA-N,-8.937
50167808::QVHBWRWKGYSOAM-IBGZPJMESA-N,-10.79
50168319::MBESMLNJQCOTRU-UHFFFAOYSA-N,-9.074
50168320::FGIUXCLAHODWKV-UHFFFAOYSA-N,-9.476
50168321::XIWROJLPONIAKV-UHFFFAOYSA-N,-9.485
50168322::YTFVBUBYMJJWQZ-UHFFFAOYSA-N,-9.426
50168323::YHEHVRSGKUYDON-UHFFFAOYSA-N,-9.177
50168324::AHELSLCUIPWEII-UHFFFAOYSA-N,-9.799
50168325::HZPYQCSGTTZVLW-UHFFFAOYSA-N,-9.555
50168326::VNGNAISMEPJWAM-UHFFFAOYSA-N,-9.705
50168327::DZNMJDCCSRLHNP-UHFFFAOYSA-N,-9.617
50168328::DSGIEWLMQGUMOC-UHFFFAOYSA-N,-9.555
50168329::XCDFAEWNVRKGJA-UHFFFAOYSA-N,-9.576
50168330::NSCZTZNRMFWAIY-UHFFFAOYSA-N,-9.245
50168331::TYKGMSWZEALPBQ-UHFFFAOYSA-N,-9.124
50168332::LNKZOOJJSXVZGP-UHFFFAOYSA-N,-9.527
50168333::AUZLISXBMGKYGA-UHFFFAOYSA-N,-9.319
50168334::IPBYYNRPJBGKET-UHFFFAOYSA-N,-9.11
50168335::HUOCEVUZDQCOIE-UHFFFAOYSA-N,-9.147
50168336::VIJRDMDCEAXFFA-UHFFFAOYSA-N,-9.534
50168337::XSODNSMEBNRYBI-UHFFFAOYSA-N,-9.256
50168338::MLFRZWHPLMDWES-UHFFFAOYSA-N,-9.116
50168339::DXLDXLIYYQFLKD-UHFFFAOYSA-N,-9.878
50168340::MYVOVZDBAWARDP-UHFFFAOYSA-N,-9.12
50168341::MKLXMJUHEZXHPX-UHFFFAOYSA-N,-9.609
50168342::MRGUGRIOWDDLNC-UHFFFAOYSA-N,-9.74
50168343::DGVWRZXKKCDNLS-UHFFFAOYSA-N,-9.502
50168344::DSBWWPDVDPKMHN-UHFFFAOYSA-N,-8.879
50168345::IXKATZGQFWKGLK-UHFFFAOYSA-N,-9.752
50168346::PJDPJIQEDZWPOU-UHFFFAOYSA-N,-9.778
50168347::FNSIACDWDZGUHN-UHFFFAOYSA-N,-9.717
50168348::NSSOSHDCWCMNDM-UHFFFAOYSA-N,-9.247
50168349::QZUOTBJDFQFRGT-UHFFFAOYSA-N,-8.974
50168350::MAFQDFZNSVYFEW-UHFFFAOYSA-N,-9.584
50168351::NTESIIXLFNAOOM-UHFFFAOYSA-N,-9.469
50168352::UCTPVBCFMDURFZ-UHFFFAOYSA-N,-9.55
50168353::KBQSRNQTSRTYGN-UHFFFAOYSA-N,-9.38
50168354::AOWCVRXIHIHAPN-UHFFFAOYSA-N,-9.032
50168355::ZOCBCFXUQAYMNS-UHFFFAOYSA-N,-9.259
50168356::SIZISAONCQJXPH-UHFFFAOYSA-N,-9.418
50168357::PZOXFBPKKGTQDZ-UHFFFAOYSA-N,-9.015
50168358::TYSOZDHVMFAZKD-UHFFFAOYSA-N,-9.796
50168359::VLJUOFGVEJAFFK-UHFFFAOYSA-N,-9.763
50168360::FWRUMAVROMTQMY-UHFFFAOYSA-N,-9.498
50168361::HXKYTCGOCJUQSE-UHFFFAOYSA-N,-9.03
50168362::INNGVLJQICTRAF-UHFFFAOYSA-N,-11.55
50168363::VEQWNMMVQWDERW-UHFFFAOYSA-N,-9.137
50168364::PEONKJNVFIKXTH-UHFFFAOYSA-N,-9.234
50168365::SBOATZBNXFFCER-UHFFFAOYSA-N,-9.018
50168366::DZGRIHNLLUZLTL-UHFFFAOYSA-N,-9.721
50168367::OYUGBGZDLCAQEA-UHFFFAOYSA-N,-9.5
50168368::GGWIHGXEDCXOIL-UHFFFAOYSA-N,-9.973
50168369::QYUUNIHMDGHUKF-UHFFFAOYSA-N,-10.62
50168370::UVRXGDFVCKYIGU-UHFFFAOYSA-N,-9.558
50168371::VHWBXEUHUQDHDH-UHFFFAOYSA-N,-9.069
50168372::QTDYCKGQBCKMGC-UHFFFAOYSA-N,-9.574
50168373::TWSSGPRRAGPVKD-UHFFFAOYSA-N,-8.64
50168374::NLFHVYVHJAOOCP-UHFFFAOYSA-N,-9.558
50168375::LIGCNYLVJJWYIY-UHFFFAOYSA-N,-9.279
50168376::FFUQBLRMMDTIAJ-UHFFFAOYSA-N,-9.124
50168377::YIKDKHNOMWERET-UHFFFAOYSA-N,-10.1
50168379::LSVPDXDJCFTDSL-UHFFFAOYSA-N,-9.224
50168380::VQATUPWMFYRKSD-UHFFFAOYSA-N,-9.499
50168382::DYHJXPWBSPNTRH-UHFFFAOYSA-N,-9.468
50168383::KGKCPICEWFIBAD-UHFFFAOYSA-N,-9.789
50168384::IVJIWGTXXHDRCU-UHFFFAOYSA-N,-9.298
50168385::NIRHUNSXEDESLN-UHFFFAOYSA-N,-9.3
50168386::NICMQGUSJRULBD-UHFFFAOYSA-N,-9.317
50169742::HQIHZXMANDEWIH-UXHLOXSISA-N,-8.905
50169744::HQIHZXMANDEWIH-FNZLKOBSSA-N,-9.219
50169745::ZBDHVKGQLOBZRC-GSGOWXKQSA-N,-15.94
50169746::HQIHZXMANDEWIH-WZZYAGEBSA-N,-9.033
50169747::SZXXFGHTMQJWNQ-JDEMJVTFSA-N,-11.18
50169749::AKAPBPNIIAPPPT-JDEMJVTFSA-N,-9.151
50171710::WPCYIVLSFLGULV-UHFFFAOYSA-N,-9.335
50171711::AICOQICFGBXDBO-UHFFFAOYSA-N,-9.388
50171712::LGNJPIOPTLOFKV-UHFFFAOYSA-N,-8.937
50171713::ITPVBYCHHVQBJU-UHFFFAOYSA-N,-9.548
50171714::IOTUBGYZUXLZPC-UHFFFAOYSA-N,-8.911
50171715::FGSBNIBNUVNBIW-UHFFFAOYSA-N,-9.13
50171716::BATCSWBRXVCEJI-UHFFFAOYSA-N,-9.397
50171717::ARUPPRMAGGCRJE-UHFFFAOYSA-N,-9.647
50171718::AJYPSMBESAILOW-UHFFFAOYSA-N,-9.311
50171719::ATMAXGYHJNCXIR-UHFFFAOYSA-N,-9.073
50171720::WADBCECIAMXRRD-UHFFFAOYSA-N,-9.319
50171721::AWFTXLDMRIDPOO-UHFFFAOYSA-N,-9.712
50171722::KXSHCBMAMNWICM-UHFFFAOYSA-N,-9.578
50171723::JHGHNHLKUJDBRE-UHFFFAOYSA-N,-10.25
50171724::XRUZUCBHVAMRMC-UHFFFAOYSA-N,-9.086
50171725::NWNQLXSQYAFDTB-UHFFFAOYSA-N,-9.514
50171726::MJJDANHWHHWHME-UHFFFAOYSA-N,-9.082
50171727::MPGOJACGGLDRIE-UHFFFAOYSA-N,-9.291
50171728::BLXVDNNULRNBGB-UHFFFAOYSA-N,-9.039
50171729::LZRCWCHYOCKNED-UHFFFAOYSA-N,-9.192
50171730::MYJNCCMUFZBCJX-UHFFFAOYSA-N,-10.79
50173652::MEFAURHMHWBYCD-UHFFFAOYSA-N,-11.39
50173654::KYKWZUMHVAPNQH-UHFFFAOYSA-N,-11.36
50173655::YVWMSUSLLTXXJV-UHFFFAOYSA-N,-11.27
50173656::DSVUWLXFXMLTDM-UHFFFAOYSA-N,-11.43
50173657::HMDBQCJZLHHNQM-UHFFFAOYSA-N,-11.55
50173659::PTZCIKOPLAEWTE-UHFFFAOYSA-N,-12.09
50173660::ABWCAVMWLBXQQF-UHFFFAOYSA-N,-10.67
50173663::YMUNHDVCHMLVMN-UHFFFAOYSA-N,-10.85
50173665::BDMZTIOJCDWABL-UHFFFAOYSA-N,-12.03
50173668::YIFNILRPNDYIBP-UHFFFAOYSA-N,-10.33
50173669::KERRBGPWKXNBGD-UHFFFAOYSA-N,-10.22
50174922::JAVIIUAYGNOEAR-NRZUKODWSA-N,-12.19
50174923::SNURMSXWIAIOCJ-PEXXQYNDSA-N,-12.5
50174924::UXVJUMKPIQCRPX-FQEVSTJZSA-N,-10.48
50174925::NITXIOJXVVTKIJ-GOSISDBHSA-N,-10.14
50174926::UQRWUYACRDDBAE-SFHVURJKSA-N,-31.62
50174927::JGIGPQNAVZRGNQ-HXUWFJFHSA-N,-15.91
50175410::NUXNQMXBOILMFU-UHFFFAOYSA-N,-9.282
50175411::GYGKJNGSQQORRG-UHFFFAOYSA-N,-10.13
50175412::MGOARPQWMKCCSF-UHFFFAOYSA-N,-9.862
50175413::ZRHZEPFBMCFVEY-UHFFFAOYSA-N,-9.041
50175414::MXMPRHRVFXJSFN-UHFFFAOYSA-N,-9.613
50175415::SUWCEHWCBVMVIJ-UHFFFAOYSA-N,-9.42
50175416::PXPYVMYIZRSPDS-UHFFFAOYSA-N,-8.879
50175417::VVQKKJATDFFYEJ-UHFFFAOYSA-N,-8.899
50175418::HRWBDGGFCFVAHP-UHFFFAOYSA-N,-10.24
50175419::OITCYCYIUVYFKQ-UHFFFAOYSA-N,-11.94
50175420::KNZWBWRQMVDWNS-UHFFFAOYSA-N,-12.18
50176993::XDERAIFJPVTSRP-UHFFFAOYSA-N,-11.17
50178316::KXSSYAVCFIIHEF-BHZMNEKRSA-N,-8.45
50178327::JOBHPNMZPULXCR-XZXJUTCTSA-N,-9.126
50180456::YMCNZULRQVDFCL-UHFFFAOYSA-N,-8.8
50180457::FMEFVOSLOWRVPQ-UHFFFAOYSA-N,-9.158
50180458::OMOWXSXKIRGRMX-UHFFFAOYSA-N,-8.864
50180459::RFOZDFUWMSPOPZ-UHFFFAOYSA-N,-9.236
50180461::FXBMDSKREWJJLA-UHFFFAOYSA-N,-8.798
50180462::FINZGIOHTZUMEJ-UHFFFAOYSA-N,-9.044
50180463::UUVHCOKGCFXIER-UHFFFAOYSA-N,-9.098
50180465::NXVCUJCNTBPNSZ-UHFFFAOYSA-N,-9.046
50180466::YZOSKIJCUGFIRZ-UHFFFAOYSA-N,-9.246
50180467::XQLSNCGISMACFD-UHFFFAOYSA-N,-9.363
50180468::DIEUOVJMDVAUFW-UHFFFAOYSA-N,-9.254
50180469::IWDLFWORFMDTLN-UHFFFAOYSA-N,-9.071
50180470::OYUULHHHSKENMH-UHFFFAOYSA-N,-9.42
50180471::PKGBEWOYERPSOO-UHFFFAOYSA-N,-9.644
50180472::BTSYWVDWGBDSAM-UHFFFAOYSA-N,-8.522
50180473::OZHCNLHMTXQNEO-UHFFFAOYSA-N,-9.748
50180474::KIXZZFGYIQRQPT-UHFFFAOYSA-N,-9.682
50180475::PSZUCXJKMVSZSN-UHFFFAOYSA-N,-8.97
50180476::BSCZPVUHFUQDQP-UHFFFAOYSA-N,-9.192
50180477::ZNNWUTSEWXUPRB-UHFFFAOYSA-N,-9.012
50180478::CFFZDGHCPAMSNI-UHFFFAOYSA-N,-9.315
50180479::CLQCURFLKGOFJG-UHFFFAOYSA-N,-9.084
50180480::GYTKTHIBPORIKN-UHFFFAOYSA-N,-8.631
50180481::UCANDFJLKWPIBP-UHFFFAOYSA-N,-8.727
50180482::YDPNHHGRSZZASJ-UHFFFAOYSA-N,-9.944
50180483::LTZNXKCOWADUFT-UHFFFAOYSA-N,-8.957
50180484::ZTVCPFUWMHXMFT-UHFFFAOYSA-N,-8.991
50180485::VIDLZOFQQMUWMT-UHFFFAOYSA-N,-9.527
50180486::UQGMRVBIHYSKJN-UHFFFAOYSA-N,-8.662
50180487::RENXKFQJFVGQMB-UHFFFAOYSA-N,-8.628
50180488::IAFZPZLQCDKQGG-UHFFFAOYSA-N,-9.388
50180489::BJWMFAXDZSURKC-UHFFFAOYSA-N,-8.789
50180490::GAJUDVNDWDCGQN-UHFFFAOYSA-N,-8.944
50180491::JOZIANFGUFWKJB-UHFFFAOYSA-N,-9.079
50180492::RDSPSMPVXHZZAS-UHFFFAOYSA-N,-9.039
50180493::FTLWRBYUURZGIV-UHFFFAOYSA-N,-8.852
50180494::MCYAWLNSWNLXPT-UHFFFAOYSA-N,-9.018
50180495::IEWXZPGFIVZUJZ-UHFFFAOYSA-N,-8.839
50180496::MYRBSEJLTFPTDV-UHFFFAOYSA-N,-9.008
50180497::SJQIGIXIMHFJSV-UHFFFAOYSA-N,-8.942
50180498::ZZUGHXJIFJRHIO-UHFFFAOYSA-N,-8.989
50180499::JIZKVJIMQBNEJT-UHFFFAOYSA-N,-9.842
50180500::XWSXOSVPGQCPDX-UHFFFAOYSA-N,-9.496
50180501::AMIQXRSRYGHNLV-UHFFFAOYSA-N,-8.781
50180502::JVSYWKIVBHXUKB-UHFFFAOYSA-N,-8.815
50180503::BXHZMLFETSBSLW-UHFFFAOYSA-N,-8.617
50180504::LAVHXGNOROFSCU-UHFFFAOYSA-N,-8.549
50180505::IXYSLEXWSXUKCP-UHFFFAOYSA-N,-8.881
50180506::SRRGDPQTGBTWFA-SNAWJCMRSA-N,-9.749
50180507::VIOPLQWKXTXZNC-HWKANZROSA-N,-9.23
50180508::ARPCLDLOZVEXFP-UHFFFAOYSA-N,-9.15
50180509::FHUIWSFQSGCBEN-UHFFFAOYSA-N,-8.622
50180510::UDOXPBLYMBAGJR-UHFFFAOYSA-N,-8.973
50180511::ACLQWAFSCNOYRE-UHFFFAOYSA-N,-8.754
50180512::GEXAPRXWKRZPCK-UHFFFAOYSA-N,-9.363
50180513::SKULOBHFUJYXEB-UHFFFAOYSA-N,-9.159
50180514::XRCMQBQDKLVHIO-UHFFFAOYSA-N,-10.52
50180515::XZVKALIVWLRZAJ-UHFFFAOYSA-N,-8.653
50181362::AKRKKOYYGGSJRD-GDLZYMKVSA-N,-11.64
50181363::AKRKKOYYGGSJRD-LJAQVGFWSA-N,-12.93
50185835::JXQAALOVLGEHOV-UHFFFAOYSA-N,-12.4
50185837::HGRQEWVLSIZBSV-UHFFFAOYSA-N,-8.551
50185838::TVWXDDLDMKKZJT-UHFFFAOYSA-N,-8.332
50185840::YRNYXWIJRRKPKH-UHFFFAOYSA-N,-8.489
50185843::HQYHRFRBTGQEHX-UHFFFAOYSA-N,-8.714
50185844::BLNDUDURVVLSLJ-GOSISDBHSA-N,-8.718
50185846::MBDRSPSBVPDEDE-UHFFFAOYSA-N,-8.994
50185847::UXHYZGZHMBOLKB-UHFFFAOYSA-N,-8.827
50185848::NGCUXXWHNKFKSZ-UHFFFAOYSA-N,-9.477
50185849::FTEBGBCQCYMDPH-KRWDZBQOSA-N,-9.215
50185850::FTEBGBCQCYMDPH-QGZVFWFLSA-N,-20.43
50185852::OFYSBBHTMBIDCP-UHFFFAOYSA-N,-9.287
50185853::NNOSFPNZQSGPEI-UHFFFAOYSA-N,-8.345
50185854::ULUAXMXCRVOEKK-UHFFFAOYSA-N,-8.84
50185855::HERJSFUZJZWWSX-UHFFFAOYSA-N,-8.907
50185856::UGDLUQNHBYZYAF-UHFFFAOYSA-N,-8.943
50185858::RPPGVDYXUYGNDX-UHFFFAOYSA-N,-8.368
50185861::KRTJIJLMNMEDGS-UHFFFAOYSA-N,-8.839
50185862::VJUULGBCMPKDCG-UHFFFAOYSA-N,-8.881
50185863::FLKSTEUOWNNODQ-UHFFFAOYSA-N,-9.642
50185868::WFANMPSCHUWTME-UHFFFAOYSA-N,-8.477
50185869::GGVJORATKHOAJL-UHFFFAOYSA-N,-9.141
50185870::HDCICPRPCFHBGD-UHFFFAOYSA-N,-9.021
50186727::KRKPRLULELNSDQ-UHFFFAOYSA-N,-11.72
50186728::JHABLDGSUDJNGT-UHFFFAOYSA-N,-9.752
50186729::AJIJLKQDRINXAZ-XOKHWMEBSA-N,-9.419
50187236::DHRWPORNZCWGED-LJAQVGFWSA-N,-12.06
50187238::HFEFFYLNWHUHTO-DHUJRADRSA-N,-13.98
50187240::HFEFFYLNWHUHTO-PGUFJCEWSA-N,-10.31
50187241::DHRWPORNZCWGED-GDLZYMKVSA-N,-13
50187939::DUTQYXPXGOBWIZ-FQEVSTJZSA-N,-10.22
50187940::DEQMSCVZHSAQHJ-UHFFFAOYSA-N,-9.193
50187941::SUPHGISSSNNOGO-SFHVURJKSA-N,-8.918
50187942::XEVVSPUXPVYCOM-UHFFFAOYSA-N,-9.144
50187944::KIPXABSMDXYYEY-INIZCTEOSA-N,-10.06
50187945::PBKRGGSLHOYZBI-UHFFFAOYSA-N,-9.695
50187946::JMWDSHMQJWYUJH-UHFFFAOYSA-N,-9.715
50187948::KUNWLKLDJSUPGT-UHFFFAOYSA-N,-9.341
50187951::LBJNFIHPROYNDO-HNNXBMFYSA-N,-9.994
50187955::CYXNVXKPDKUFJA-UHFFFAOYSA-N,-20.11
50187956::BZQBJHJYQYGIHL-GOSISDBHSA-N,-19.35
50187960::LLOQNYZFGFKLEE-UHFFFAOYSA-N,-9.893
50187962::GGXCFYSNPLBURZ-FQEVSTJZSA-N,-10.47
50187963::FCVQDTUGTAOWJA-UHFFFAOYSA-N,-10.24
50187965::XCDCBJRJZQLHEZ-GOSISDBHSA-N,-9.818
50187967::XKHMDMAEZZTPAZ-UHFFFAOYSA-N,-9.84
50187968::UHZDMCREDJRFHQ-SFHVURJKSA-N,-11.18
50187970::IJDXCHAXEHQCAZ-UHFFFAOYSA-N,-10.32
50187972::PAWKAQIJLUOCNH-MRXNPFEDSA-N,-9.568
50187973::BRFOVRDNLUKMTR-FQEVSTJZSA-N,-9.102
50187974::LTJAAYFJZWCNHE-UHFFFAOYSA-N,-9.384
50189071::ASJZYIPIDVKSPH-UHFFFAOYSA-N,-9.22
50189073::ZZRJPSUBAGGGKW-QGZVFWFLSA-N,-11.56
50190349::HKZLJHKHDPBFSI-RCDCFZSISA-N,-9.696
50190350::KYOFSMKRNGJKGT-PJIJBLCYSA-N,-9.717
50190351::BYZYXFWTJXNQDV-DIFFPNOSSA-N,-9.669
50190352::CAOZZLPOGSSZNL-TVZGQMOCSA-N,-9.58
50190353::HKZLJHKHDPBFSI-AFBRZQFHSA-N,-10.37
50190354::UXHYZGZHMBOLKB-KRWDZBQOSA-N,-8.756
50190355::CAOZZLPOGSSZNL-UHYGZKCKSA-N,-9.509
50190356::HDCICPRPCFHBGD-INIZCTEOSA-N,-9.226
50190357::GEIBIWSZZONOLB-HWPZZCPQSA-N,-9.319
50194075::YHOXIEXEPIIKMD-UHFFFAOYSA-N,-13.98
50194076::IAUSPZCQVJGJQM-UHFFFAOYSA-N,-17.7
50194077::SVRLWGHOCNZNAU-UHFFFAOYSA-N,-10.46
50194078::RSNGIABRBFWZKL-UHFFFAOYSA-N,-10.15
50194079::IZXPVMNCUBQKMG-UHFFFAOYSA-N,-10.82
50194081::ADTLCXAJDYLQPZ-UHFFFAOYSA-N,-10.47
50194082::QVVZKGBRCGNLJU-UHFFFAOYSA-N,-9.733
50194083::NYZIRGGMYKKDJX-UHFFFAOYSA-N,-11.75
50194084::PLRCLQGHUZGZQN-UHFFFAOYSA-N,-10.13
50194085::VGJLNMNAFJXDMH-UHFFFAOYSA-N,-10.28
50194087::GFKGHNYRKPBMSP-UHFFFAOYSA-N,-12.82
50194088::WZNQNUWHNJHSGU-UHFFFAOYSA-N,-10.78
50194089::PTCVKBLDOAMFIC-UHFFFAOYSA-N,-10.7
50194090::QSROZUUOXPPUOM-UHFFFAOYSA-N,-10.57
50194091::DQQYWOXEKNTVBL-UHFFFAOYSA-N,-7.695
50196855::MNDVGMQESBSTIH-UHFFFAOYSA-N,-9.656
50196856::LRNVIATYUKYGQQ-UHFFFAOYSA-N,-9.082
50196857::NJZLXWGGEPGTLA-UHFFFAOYSA-N,-8.701
50196858::XKWJJULMHVTYOH-UHFFFAOYSA-N,-8.887
50196859::HGXMNNAYYLSBJO-UHFFFAOYSA-N,-8.05
50196860::JLDZTKAOOLXEIR-UHFFFAOYSA-N,-9.487
50196861::MMSSTKJVONRGPX-UHFFFAOYSA-N,-8.451
50196862::FURJOGJMQIOPCI-UHFFFAOYSA-N,-8.743
50196863::IJDVICQUYYRRRZ-UHFFFAOYSA-N,-8.245
50196864::WNVIRFIGWFPBOS-UHFFFAOYSA-N,-9.642
50196865::NUHWNOIPDDMNMR-KYZUINATSA-N,-8.642
50196866::OCIADEXDJJEVOY-UHFFFAOYSA-N,-8.611
50196867::NQXDZZLJSNDLBJ-UHFFFAOYSA-N,-8.418
50196868::ZOZNYEWSEXTROW-UHFFFAOYSA-N,-8.265
50196869::PHHOJUGXERSDJH-UHFFFAOYSA-N,-8.505
50201155::WKFNDBTVEPUWFE-UHFFFAOYSA-N,-7.966
50201156::UTIDKOSUWOHLLT-UHFFFAOYSA-N,-8.425
50201157::CPMVUGZJZZZELP-UHFFFAOYSA-N,-8.689
50201158::KNWYDZIMFWSKTE-UHFFFAOYSA-N,-8.983
50201159::LRLNOVWYJXLGIJ-UHFFFAOYSA-N,-9.074
50201160::QMDWNKCYPPCOIW-UHFFFAOYSA-N,-8.362
50201161::OHIDZQKLFTXJEA-UHFFFAOYSA-N,-8.795
50201162::ICPKIEZQDXNSHJ-UHFFFAOYSA-N,-8.056
50201163::HPMQXERATYFYDD-UHFFFAOYSA-N,-8.454
50201164::TZSAUHFQBQSUJB-UHFFFAOYSA-N,-9.865
50203153::PVKYGQVDOOMAHJ-UHFFFAOYSA-N,-10.07
50203417::JZASNJOSLMESTC-GKVSMKOHSA-N,-15.2
50203418::PWKJVVLBXRWXFQ-QLXKLKPCSA-N,-17.17
50203419::UITKQZZSZUEHEA-NYHFZMIOSA-N,-14.97
50203420::NGLPZZZUWGVILU-QLXKLKPCSA-N,-13.04
50203421::WWWKKFOVJNHTTL-LMKMVOKYSA-N,-9.404
50203422::YDRQCGICZKAGCQ-LMKMVOKYSA-N,-11.68
50203438::YZCRFFWBUPSXGV-QLXKLKPCSA-N,-10.33
50204795::TYMRGXPQAWWLJN-SSEXGKCCSA-N,-11.96
50204796::ISGIZFSPEHYUGG-JGCGQSQUSA-N,-8.514
50204797::APLJSSOXDWUNGV-SFHVURJKSA-N,-11.57
50204798::DMVLBCHMRVTYOT-WJOKGBTCSA-N,-12.05
50204799::IXHKQKNNYNMMIN-HHHXNRCGSA-N,-12.3
50204800::FACGWONUFWMXPN-XMMPIXPASA-N,-11.17
50204801::OSAJOJOSELCPNF-GDLZYMKVSA-N,-9.813
50204802::GEKOXTKXWRGFMQ-LJAQVGFWSA-N,-11.84
50204803::NCOBQWNOGVZBLA-UHFFFAOYSA-N,-10.65
50204804::QJGKUEMYSWNJBT-AREMUKBSSA-N,-11
50204805::XOFSATVVFHWQNG-RUZDIDTESA-N,-11.33
50204806::KDVOMBYVUBSMGG-YTMVLYRLSA-N,-9.029
50204807::RCNYNSOKMPDQDD-RUZDIDTESA-N,-10.22
50204808::QCKGPLDJMIKRJD-XMMPIXPASA-N,-10.29
50204809::NANWLMQFBRPPCQ-XMMPIXPASA-N,-10.92
50204810::KQDKIAODLBHRJT-XMMPIXPASA-N,-10.73
50204811::RFQUPEWTNAMUKD-XMMPIXPASA-N,-10.31
50204812::MLYRZMZPCCPFGX-HHHXNRCGSA-N,-10.42
50204813::APLJSSOXDWUNGV-UHFFFAOYSA-N,-11
50204814::VFLIQNMALJTWPU-AREMUKBSSA-N,-10.98
50204815::APLJSSOXDWUNGV-GOSISDBHSA-N,-11.29
50204816::LZNOESOAXCKWKO-RUZDIDTESA-N,-10.6
50204817::PACSUZYMICPEQW-HSZRJFAPSA-N,-10.77
50204818::ZQPYFQRYEPGWRH-AREMUKBSSA-N,-12.21
50211100::KXSSYAVCFIIHEF-RBZZARIASA-N,-9.94
50212147::LXRGAVBXYQAUEY-UHFFFAOYSA-N,-13.91
50212148::ZPECPOOQJUIDLY-UHFFFAOYSA-N,-12.6
50212149::RIUHJWNFKOJLRS-UHFFFAOYSA-N,-11.59
50212150::NMXUKCANMSBQDR-UHFFFAOYSA-N,-16.09
50212151::XTQWBGVHINEJTO-UHFFFAOYSA-N,-13.01
50212152::PRSCKUYRGQJIGJ-UHFFFAOYSA-N,-11.9
50212153::WGUNFTKBYUCLEL-UHFFFAOYSA-N,-18.42
50212154::UGWRDFFACAHWMU-UHFFFAOYSA-N,-14.02
50212155::QQOLSZOGLJIRPW-UHFFFAOYSA-N,-10.62
50212156::DOWMHKGEUBGVCN-UHFFFAOYSA-N,-13.63
50212157::RCVOOQFPOXBKPQ-UHFFFAOYSA-N,-14.97
50212158::KZGJWJJJDKPFMH-UHFFFAOYSA-N,-14.64
50212159::LSMUQPOCAXNDRJ-UHFFFAOYSA-N,-16.28
50212160::ZPPXQVFYCAJAFB-UHFFFAOYSA-N,-12.35
50215101::TXLYZNHVBNAZKM-UHFFFAOYSA-N,-15.31
50215162::ASJQQCPRNNEERR-UHFFFAOYSA-N,-9.42
50215251::MSSUTHBWXHMPAX-UHFFFAOYSA-N,-9.752
50215253::WBDPHWBGJQIYDK-UHFFFAOYSA-N,-10.73
50215254::GIOLPVIWGJMJPF-UHFFFAOYSA-N,-10.89
50215257::JJZWBJQNKAJKFQ-UHFFFAOYSA-N,-11.41
50215895::GJPLDZSQMPJOCI-UHFFFAOYSA-N,-11.13
50215896::XGPNHJVXUUCNCC-UHFFFAOYSA-N,-9.168
50215898::YSIYJCVUNLUSRJ-UHFFFAOYSA-N,-8.349
50217393::ARJOCRMEGRIBFE-UHFFFAOYSA-N,-10.75
50217394::SDNAZIWAXPIBLJ-UHFFFAOYSA-N,-13.1
50217395::QYZCWRURCWEHCE-UHFFFAOYSA-N,-10.89
50217396::DIARJXFFVNLGOJ-UHFFFAOYSA-N,-10.15
50217397::MECIWVKGDZBRFG-UHFFFAOYSA-N,-10.45
50217398::YWMGBZLHXVIJDF-UHFFFAOYSA-N,-9.884
50217399::RHCHMQCCIAICRS-UHFFFAOYSA-N,-12.47
50217538::IKZMTNSYXDOFJH-IXCJQBJRSA-N,-10.63
50218325::USTALMYDYGSTPY-UHFFFAOYSA-N,-9.181
50218326::UHOIOZRAGSKRRK-UHFFFAOYSA-N,-9.509
50218327::NWVZDYUELJBXMB-UHFFFAOYSA-N,-10.52
50218328::XSLAYQRDXPIQLV-UHFFFAOYSA-N,-10.92
50218329::GVUBCERAZZENNS-UHFFFAOYSA-N,-9.007
50218330::RRPVQZIMLQQCGW-UHFFFAOYSA-N,-9.355
50218331::GRNVUOXPXBQXQR-UHFFFAOYSA-N,-9.278
50218332::LCEPYIFGJXRMJI-UHFFFAOYSA-N,-8.936
50218349::QFCWPQXVHOOBEN-UHFFFAOYSA-N,-9.158
50218372::IOHWQOBDRDHMNK-UHFFFAOYSA-N,-9.199
50218381::LWWQDBGGSCYYQL-UHFFFAOYSA-N,-9.149
50218382::RHDBRQBCMWHOTA-UHFFFAOYSA-N,-9.165
50218383::JPTLGQQTIHMDCX-UHFFFAOYSA-N,-10.37
50218384::GVXFBHALBAOQGF-UHFFFAOYSA-N,-8.652
50218385::ICBNFMZZQJJWOQ-UHFFFAOYSA-N,-9.316
50219398::XZEUAXYWNKYKPL-WDYNHAJCSA-N,-9.724
50219399::ZWHMXMZJPYQRHT-IXCJQBJRSA-N,-10.55
50219400::UGVFICAXGMBKCH-MKOQQXGASA-N,-10.21
50219401::FEVZKAOFFCUDLI-XNMGPUDCSA-N,-9.966
50219402::LMHXWDHVXMWULI-IXCJQBJRSA-N,-12.68
50219403::JJKOTMDDZAJTGQ-DQSJHHFOSA-N,-10.09
50223515::JZPONCMNBSEYQW-CQTOTRCISA-N,-13.26
50224172::WPVQQAJSKUHFNZ-UHFFFAOYSA-N,-10.36
50224173::IUZLJINKZUDVPA-UHFFFAOYSA-N,-8.903
50224174::WDFPMDMCJQNDGT-UHFFFAOYSA-N,-10.23
50228080::LXMSZDCAJNLERA-ZHYRCANASA-N,-7.616
50230556::HLQWQFJCPDYNAP-UHFFFAOYSA-N,-12.85
50230557::JLERVPBPJHKRBJ-UHFFFAOYSA-N,-9.721
50230558::QQZQFFQHCZSFNV-UHFFFAOYSA-N,-12.4
50230559::ADCVYCZOVJNONH-UHFFFAOYSA-N,-11.29
50230560::SGLLWAFQFIJSAO-UHFFFAOYSA-N,-14.31
50238736::SCVIEONTACSLJA-YGCRUXFTSA-N,-12.87
50242646::GRYWEHAMRHKTTE-UHFFFAOYSA-N,-9.397
50242647::ULWPPDODVHEVDX-UHFFFAOYSA-N,-8.724
50242648::GORQLKWDZKXABD-ONEGZZNKSA-N,-8.942
50242649::GBNLUWROABYNBX-NSCUHMNNSA-N,-8.806
50242650::LYKOIOVFPHLPCR-AATRIKPKSA-N,-8.804
50242651::XOEIPMPQNNQRFN-ONEGZZNKSA-N,-8.978
50242656::PMEDEVSIFGXLCC-UHFFFAOYSA-N,-9.681
50250112::FCNQMDSJHADDFT-WNSKOXEYSA-N,-10.11
50253325::SNFUZHHTZWFYQD-WXUKJITCSA-N,-10.59
50253326::TWHWYSFOXCTYIS-ZHACJKMWSA-N,-9.646
50253341::YYKWRMLIYXDTSP-ZHACJKMWSA-N,-9.478
50253342::CKZMEVVMNKTIBT-WUKNDPDISA-N,-10.82
50253345::MKCGQJACRTUQOM-UHFFFAOYSA-N,-9.555
50253346::XKXCZLUAYTZPJR-WUKNDPDISA-N,-10.18
50253347::ZCYFZCFTKJDFCC-WCWDXBQESA-N,-11.06
50253348::SRQVTLSTOCQWKW-UHFFFAOYSA-N,-11.65
50253349::SPOMLFIUOBPSBN-VHEBQXMUSA-N,-12.73
50253350::UXXXWUSTQNLCTC-QZQOTICOSA-N,-11.63
50253351::NZSOCGCVTLRCCI-UHFFFAOYSA-N,-9.966
50253353::WVYCMENSPOEWTC-UHFFFAOYSA-N,-12.51
50253354::HEIDJEFGBUXABK-UHFFFAOYSA-N,-9.475
50253355::UJPWONIHDNSMGZ-UHFFFAOYSA-N,-9.824
50253356::BDXDZFYHKUFHMK-UHFFFAOYSA-N,-7.583
50253357::WWXIQAIBCSKYJQ-UHFFFAOYSA-N,-8.122
50253358::LGHJKIGOOMDABU-UHFFFAOYSA-N,-8.829
50253360::FLEBDVOLUOGXBM-UHFFFAOYSA-N,-10.6
50253361::LKBGWGWCJAMMBN-UHFFFAOYSA-N,-10.08
50253362::KZUSNGRTINUKOF-UHFFFAOYSA-N,-13.15
50253363::DDNLIMGMXWVOMN-UHFFFAOYSA-N,-8.611
50253364::XLWPPHHVXLRODJ-UHFFFAOYSA-N,-9.917
50253365::KLKZYCYVTNQRHP-UHFFFAOYSA-N,-10.72
50253366::QXMVKXMGGJLTDG-UHFFFAOYSA-N,-11.68
50253367::CHSZLIPRBWRPMR-UHFFFAOYSA-N,-8.594
50253368::MQGNVQNFJZWUAO-UHFFFAOYSA-N,-6.926
50253369::VRWKGVWAPRTECK-UHFFFAOYSA-N,-9.929
50253371::YTPZHZBEMLHUBF-UHFFFAOYSA-N,-10.92
50253372::QCUUJBFRSZYGCT-UHFFFAOYSA-N,-10.8
50253373::MBGLIWHJJBJLPQ-UHFFFAOYSA-N,-11.81
50253375::DTADBAZZDZJKIM-UHFFFAOYSA-N,-9.23
50253376::SWJREXKOMWYNRA-UHFFFAOYSA-N,-8.916
50253377::JDNITDJDXZLADF-UHFFFAOYSA-N,-8.532
50253378::LAPNFUWWHHAVRV-UHFFFAOYSA-N,-9.694
50253379::KXZKHOTUYYYMGP-UHFFFAOYSA-N,-11.7
50253380::HVZSNANIMUMCPH-UHFFFAOYSA-N,-8.011
50253381::ULTIDHCULMGILQ-UHFFFAOYSA-N,-28.75
50253382::LTPANPZIHUWIHZ-UHFFFAOYSA-N,-6.774
50253383::XZAAPUZHCDYNOR-UHFFFAOYSA-N,-7.732
50253384::WYSQRHQJLKNTHZ-UHFFFAOYSA-N,-7.04
50253385::AQGLRTMMLSGVFE-UHFFFAOYSA-N,-8.183
50253386::OAQJUBMNHCURMR-UHFFFAOYSA-N,-9.389
50253387::VMAHMBCEBLBIKJ-OUKQBFOZSA-N,-10.68
50253388::BOWBXHLYTXPYRB-UHFFFAOYSA-N,-9.986
50253389::GDNMTXLRNQLNLT-UHFFFAOYSA-N,-8.251
50253390::TYBSFQXAKKDNDF-VAWYXSNFSA-N,-10.73
50253391::JCTTXRHAVWZMKY-UHFFFAOYSA-N,-9.781
50253392::KYSUHNHFMDBOSM-WUKNDPDISA-N,-10.74
50253413::QMBPHWNPINSFTF-UHFFFAOYSA-N,-8.645
50253414::NOWAMJGKHKRTJD-UHFFFAOYSA-N,-10.17
50253415::ODXGNIIUHOQBRI-UHFFFAOYSA-N,-8.403
50253416::CNSVKHMSHQQXIY-UHFFFAOYSA-N,-9.963
50253417::MDOHCOCXTJLALJ-UHFFFAOYSA-N,-8.252
50253418::KMDVEAGGOWCBNY-UHFFFAOYSA-N,-11.75
50253419::SFXSWCIBDKUWNA-UHFFFAOYSA-N,-10.4
50253420::VGYFDFRFGHHCDA-BUHFOSPRSA-N,-10.25
50253421::VVKHSRHPWXHLAZ-FOCLMDBBSA-N,-11.44
50253422::UBRMVBAUNIEZDA-BUHFOSPRSA-N,-10.39
50253423::OIKQZSXJXBVUAO-UHFFFAOYSA-N,-11.27
50253424::CRPOCJZOZPVALN-UHFFFAOYSA-N,-9.334
50253425::KEONUTZWDPBRON-UHFFFAOYSA-N,-11.69
50253426::XHHCYWADWMPEGR-UHFFFAOYSA-N,-18.61
50253427::ZGHGMEFVECKKSK-UHFFFAOYSA-N,-11.5
50253428::GZRPWBOVRUSARC-UHFFFAOYSA-N,-10.86
50253429::JRRYFXZBVRBKOV-UHFFFAOYSA-N,-10.78
50253430::NVBJUBKJIZEHKY-UHFFFAOYSA-N,-9.227
50253431::MEFRADRLYQAJDU-UHFFFAOYSA-N,-9.008
50253432::AYELBUZRKFXXMX-UHFFFAOYSA-N,-11.65
50253433::DZNCYCYKSMOVGF-UHFFFAOYSA-N,-12.89
50253434::FGTHNXNMSNVRHP-UHFFFAOYSA-N,-7.447
50253435::WIWQVVDDDMRCQI-UHFFFAOYSA-N,-9.047
50253436::JYPYKUNZCBJDQM-UHFFFAOYSA-N,-9.019
50253437::RYNDZCBXHHICDQ-UHFFFAOYSA-N,-18.37
50253438::NRYIFCIUKUTOIZ-UHFFFAOYSA-N,-8.995
50253439::VZUREPXIAKIAMI-UHFFFAOYSA-N,-10.3
50253440::WWRVFAADJGIWGG-UHFFFAOYSA-N,-9.21
50253441::DUEMZPIXBUNFKV-UHFFFAOYSA-N,-10.37
50253442::OIKFWEQKOGHLBH-UHFFFAOYSA-N,-9.568
50253443::XKPAFRODLILISU-UHFFFAOYSA-N,-14.47
50253444::OVCAENUPGKXDAK-UHFFFAOYSA-N,-10.93
50253445::LNFHNSQNGGNQCJ-UHFFFAOYSA-N,-11.42
50253446::WXRWIHUGVKYDOF-UHFFFAOYSA-N,-11.91
50253447::NOHMSFGYKZXEFJ-UHFFFAOYSA-N,-7.505
50253448::QJZAANDXRNYBGN-UHFFFAOYSA-N,-9.572
50253449::LTJBLPUTSWMOBE-UHFFFAOYSA-N,-8.326
50253450::WNZNCXUOISPUPD-YWNVXTCZSA-N,-10.8
50253451::KNCOVEBJPVNMDZ-FRCMOREXSA-N,-12.24
50253452::RWLTXMADNVDBBW-UHFFFAOYSA-N,-9.292
50253453::YQYIYRJJUZBPLL-UHFFFAOYSA-N,-10.71
50253454::GILIQKNFUGHXPP-UHFFFAOYSA-N,-10.18
50253455::LFOJKMYMKNNMCC-UHFFFAOYSA-N,-6.978
50253456::MTTMONKWHRKFSY-UHFFFAOYSA-N,-9.692
50253457::ZBTQILQCSFZERZ-UHFFFAOYSA-N,-6.879
50253459::XCCDPTMURRRWCS-UHFFFAOYSA-N,-8.074
50253460::HDFUPFFBWIBIOT-UHFFFAOYSA-N,-9.642
50253461::IPPOHVJQMVGOOX-UHFFFAOYSA-N,-9.159
50253462::NSKAIYJKIKEZIG-UHFFFAOYSA-N,-8.05
50253463::RCAUCWDHURDSPF-VAWYXSNFSA-N,-10.28
50253464::ZBLOGNIWDRHLBA-UHFFFAOYSA-N,-9.453
50253465::ITCWMUJOITWVFO-UHFFFAOYSA-N,-8.782
50253466::QRLVLVQSHWPUKP-UHFFFAOYSA-N,-10.66
50253467::NVVYPTVERJXDIN-UHFFFAOYSA-N,-8.299
50253468::GBYADJUDDKDCTE-UHFFFAOYSA-N,-8.098
50254908::TXLGPGWHIIHRHH-UHFFFAOYSA-N,-9.756
50261551::CUXRHNIRWBJOLJ-UHFFFAOYSA-N,-13.47
50261553::WRMFUZWOYCTBQL-UHFFFAOYSA-N,-11.01
50261554::SJSVIPVWONPWEV-UHFFFAOYSA-N,-11.39
50261555::GKNIEMZYGQZOGN-UHFFFAOYSA-N,-10.4
50261556::HWRVMIQXZHWSPA-UHFFFAOYSA-N,-10.67
50261557::UZSNXBLXQRFSKP-UHFFFAOYSA-N,-12.15
50264121::WLCNMXHJDTTWKE-OVCLIPMQSA-N,-12.34
50264122::VQVMRAKFGMGHHR-SFQUDFHCSA-N,-13.01
50264123::MMFRVJDOHBKSPA-XNTDXEJSSA-N,-12.85
50264124::AUURCJRXNDZHEQ-QGOAFFKASA-N,-12.51
50264172::MDXJZLUZXYPXEJ-LTGZKZEYSA-N,-14.76
50264660::GPFIKCYCCKWZTJ-DTQAZKPQSA-N,-14.85
50264692::LYWRTXURSKLWCG-KNTRCKAVSA-N,-20.42
50264693::MDBIUAHKJNWVHH-WOJGMQOQSA-N,-28.93
50264694::YHTKRDZQJNHQQN-XDHOZWIPSA-N,-11.32
50264695::TVYDNXHHJPRCGC-WOJGMQOQSA-N,-9.841
50275860::PBDYRWMRRDLJLD-UHFFFAOYSA-N,-10.9
50275861::MFDXIQNXGJGENZ-UHFFFAOYSA-N,-10.75
50275916::GCBFPUAODJOKRS-UHFFFAOYSA-N,-10.82
50275917::PESQNLUMBCKJOK-UHFFFAOYSA-N,-15.09
50275918::ZSOQJLDYHKQACD-UHFFFAOYSA-N,-11.94
50275919::BSPFIIPEVRUTTR-UHFFFAOYSA-N,-11.85
50275964::BSVZGMIZZFSSFC-UHFFFAOYSA-N,-12.7
50275965::FDIUAXKVVLMXEX-UHFFFAOYSA-N,-10.63
50275966::DVBULXMSJAHUEU-UHFFFAOYSA-N,-11.41
50275967::RCFINIDYFAQFJK-UHFFFAOYSA-N,-12.16
50276004::FBXAGOZMKWMERY-UHFFFAOYSA-N,-17.73
50276005::IOVMPPWOKWVVJR-UHFFFAOYSA-N,-9.068
50276126::KVPALVACWJUWHG-XYEHWOGUSA-N,-8.164
50276127::QMEABTMHWZQTND-AKJWSFQKSA-N,-9.645
50276168::YTKAYWYQPDHXNV-NSISKUIASA-N,-8.558
50276170::LMAFSLWCXOQARP-ATZDWAIDSA-N,-7.672
50276437::GUJAUKQZCIPIBV-NQHRYMMQSA-N,-8.732
50276438::QURQZQPYRJKKHS-DNRSQYFGSA-N,-8.614
50276471::LENKTUVVULSELH-FDPIWHGQSA-N,-7.427
50276472::BTHZQGVEPROJRV-DMKHAHDWSA-N,-9.202
50276473::MOCTXVIWIDNVDO-DQEVTTJGSA-N,-7.672
50276797::BQNYTHNYGPJDQV-FHNILQQJSA-N,-9.572
50276880::ZURAYZPLIXJXFV-UHFFFAOYSA-N,-12.83
50276884::NOAUIPGLJUIQCW-UHFFFAOYSA-N,-14.2
50276893::CXNZLOIPQFMHLT-UHFFFAOYSA-N,-12.5
50278885::WYUXZEOYVNCHMC-UHFFFAOYSA-N,-7.934
50278886::QSQRGPNATDSYJG-QQSVUBKYSA-N,-13.12
50278887::CAGGCSUWXAOCHZ-ZTNFWEORSA-N,-9.101
50298028::HMOAZJHSXXENHE-KRWDZBQOSA-N,-9.487
50298036::BEFAEFLFXOZVJY-UHFFFAOYSA-N,-7.483
50309914::AEDVPHAKDUNUHG-UHFFFAOYSA-N,-8.491
50310370::OFYCPZYSYANJMI-GDLZYMKVSA-N,-12.2
50310371::BAQUULQYEAYXFF-PMERELPUSA-N,-16.26
50310372::MEGWHNJGIHFDSO-WJOKGBTCSA-N,-12.49
50310373::OKLGGBGAMNAZTC-LJAQVGFWSA-N,-11.18
50310374::AXQBEPVIJABGNW-LJAQVGFWSA-N,-11.92
50310375::ZWJVWQRDPFBRFW-UHFFFAOYSA-N,-11.06
50310376::FEVNXNWGPTZNEC-LJAQVGFWSA-N,-10.62
50310377::RBBNVYUJSNUMKA-MHZLTWQESA-N,-10.37
50310378::BAQUULQYEAYXFF-SSEXGKCCSA-N,-11.16
50310379::BPBTXNNZEZVAIO-HKBQPEDESA-N,-15.86
50310380::OKLGGBGAMNAZTC-GDLZYMKVSA-N,-10.39
50310382::JTNRUVDDTQIJPD-UHFFFAOYSA-N,-11.39
50310383::IBWJCHNKSFDWMJ-HKBQPEDESA-N,-11.84
50310384::OFYCPZYSYANJMI-LJAQVGFWSA-N,-13.6
50310385::BPBTXNNZEZVAIO-WJOKGBTCSA-N,-11.67
50310386::YLXFTHBZFPHABL-HKBQPEDESA-N,-11.89
50310387::IBWJCHNKSFDWMJ-WJOKGBTCSA-N,-12.03
50310388::OFYZVZJXVRFMIW-SSEXGKCCSA-N,-11.53
50310389::XGBCSOIWOMCTLG-HKBQPEDESA-N,-11.44
50310390::RBBNVYUJSNUMKA-HHHXNRCGSA-N,-11.02
50310391::OWFHDXINKUZAPM-MHZLTWQESA-N,-11.15
50310392::UHHJAEWQYDXZDY-PMERELPUSA-N,-11.2
50310393::BHYFKQDXXVAJEL-HKBQPEDESA-N,-11.62
50310394::PYORKCIXTGLRQL-GDLZYMKVSA-N,-10.18
50310395::KOJRQQVBJKHPBA-LJAQVGFWSA-N,-10.43
50310396::WPJLHHRTPCVRPU-MHZLTWQESA-N,-10.45
50310397::YLXFTHBZFPHABL-WJOKGBTCSA-N,-9.909
50310398::KLRGEDJTDSUZSF-HKBQPEDESA-N,-12.76
50310399::AXQBEPVIJABGNW-GDLZYMKVSA-N,-12.5
50310400::DVEXRUSVKFNKTJ-UHFFFAOYSA-N,-11.4
50310401::RWWFDZJGSZMIEY-SANMLTNESA-N,-10.35
50310402::IRZRURKICLRQNH-PMERELPUSA-N,-11.95
50310403::MEGWHNJGIHFDSO-HKBQPEDESA-N,-12.11
50310404::KLRGEDJTDSUZSF-WJOKGBTCSA-N,-11.51
50310405::MTMBGVPCVUHLQO-SSEXGKCCSA-N,-11.77
50310406::UHHJAEWQYDXZDY-SSEXGKCCSA-N,-11.26
50310407::BHYFKQDXXVAJEL-WJOKGBTCSA-N,-11.12
50310408::OWFHDXINKUZAPM-HHHXNRCGSA-N,-10.25
50310409::KOJRQQVBJKHPBA-GDLZYMKVSA-N,-11.41
50310410::FEVNXNWGPTZNEC-GDLZYMKVSA-N,-11.16
50310411::XGBCSOIWOMCTLG-WJOKGBTCSA-N,-11.2
50310412::YVAJBGGOMIUCAI-WJOKGBTCSA-N,-12.13
50310413::XGYIXXBEYYYIGU-PMERELPUSA-N,-11.12
50310414::IRZRURKICLRQNH-SSEXGKCCSA-N,-12.12
50310415::WPJLHHRTPCVRPU-HHHXNRCGSA-N,-11.11
50310416::RWWFDZJGSZMIEY-AREMUKBSSA-N,-10.26
50310417::XGYIXXBEYYYIGU-SSEXGKCCSA-N,-12.54
50310418::PYORKCIXTGLRQL-LJAQVGFWSA-N,-11.57
50310419::MTMBGVPCVUHLQO-PMERELPUSA-N,-20.83
50310420::IFCSDJGUXGRSFR-YTTGMZPUSA-N,-12.22
50310421::YOSGIAVXRSUEKW-SSEXGKCCSA-N,-10.14
50310422::YOSGIAVXRSUEKW-PMERELPUSA-N,-11.26
50310423::IYLBPELTTFJGJQ-GDLZYMKVSA-N,-9.967
50310425::YVAJBGGOMIUCAI-HKBQPEDESA-N,-12.13
50310426::OIQSBYJZYXZTOT-UHFFFAOYSA-N,-11.42
50310427::IYLBPELTTFJGJQ-LJAQVGFWSA-N,-10.64
50312005::JQTRPSHLFTZYHC-SESVXGAZSA-N,-10.28
50312006::QJRNEHJGTLWRJJ-BVYMYZFFSA-N,-9.43
50313150::DAWHMMINFGNTOI-NRFANRHFSA-N,-9.547
50313151::VELGTNXAZBFHRD-NRFANRHFSA-N,-15.59
50318640::UUDFEBGTUHNTAR-UHFFFAOYSA-N,-9.539
50318641::HZXSNLWOQCAWLX-UHFFFAOYSA-N,-8.966
50318643::XSVVVCKGALYFJB-IZZDOVSWSA-N,-7.286
50318647::VPTBWCCSBQRUTD-UHFFFAOYSA-N,-12.41
50318651::OVLHNTSKNMSMCX-UHFFFAOYSA-N,-9.74
50318666::CKLPLPZSUQEDRT-WPCRTTGESA-N,-9.299
50320307::AOUGZVKCLQLQNU-HSZRJFAPSA-N,-9.609
50320308::MVHAAGZZSATGDD-GOSISDBHSA-N,-9.282
50320309::YXMLGIGHGPSEKA-CQSZACIVSA-N,-8.941
50340634::XNWYBFAVIGIZHG-JZJYNLBNSA-N,-10.55
50354849::WMWTYOKRWGGJOA-CENSZEJFSA-N,-10.32
50354850::VOVIALXJUBGFJZ-KWVAZRHASA-N,-8.967
50354851::XTULMSXFIHGYFS-VLSRWLAYSA-N,-8.451
50366558::IEXUMDBQLIVNHZ-YOUGDJEHSA-N,-10.14
50366658::YIZXBSNGLJKBHP-CWNSALFVSA-N,-14.71
50366659::ZESXPSUGWMXBGL-VYDMHLFTSA-N,-9.274
50366660::QGAMWWULGQRYLA-XBYJKWJISA-N,-10.96
50366662::FROPUNBJULYSGP-YJSPFPDRSA-N,-11.49
50366663::BCOZZDRWMQBVGK-VZQPPDIBSA-N,-9.457
50366664::XEKKTAYAEIHJEA-IFDMWSDSSA-N,-12.1
50371147::KGBNWZKPVRGBBX-ZBVAKXHMSA-N,-10.15
50376216::BZWMYDJJDBFAPE-UHFFFAOYSA-N,-7.438
50376217::RHTYLNDFEDGXEM-UHFFFAOYSA-N,-8.163
50376218::PUGODQSDWWHYKC-UHFFFAOYSA-N,-7.636
50376219::VMHNICOQVWTSER-UHFFFAOYSA-N,-7.983
50376220::CORJIEYQXMZUIW-UHFFFAOYSA-N,-7.488
50376221::FJMDMKNUDRMOCB-UHFFFAOYSA-N,-7.671
50376222::BHUODJHOUAFKAS-UHFFFAOYSA-N,-7.595
50376224::OPWSJKBKMBTGDU-UHFFFAOYSA-N,-8.034
50376225::HBPAPDGVCPVONJ-UHFFFAOYSA-N,-7.662
50382734::NITXIOJXVVTKIJ-SFHVURJKSA-N,-11.23
50382735::UQRWUYACRDDBAE-GOSISDBHSA-N,-11.73
50389946::RROMHQDAIJUKLZ-UHFFFAOYSA-N,-9.884
50389947::RZWAKFZZIVFGLC-UHFFFAOYSA-N,-9.189
50389948::GBGHYOFORDCPNU-OUKQBFOZSA-N,-9.31
50389949::FSTVWJNEDMCQQS-UHFFFAOYSA-N,-8.853
50389953::VVYYBSJZWFZKCZ-UHFFFAOYSA-N,-9.248
50403727::ABMNASWKARFNAA-ZJUUUORDSA-N,-8.145
50403728::HGHRCZOIYJBGPL-BDAKNGLRSA-N,-8.622
50403729::HGHRCZOIYJBGPL-RKDXNWHRSA-N,-9.642
50420540::ICEFORRNJVZCHJ-FSJBWODESA-N,-9.81
50420542::XTFYZTFVHVNUEN-KEBDBYFISA-N,-9.505
50449019::FQMWUSHZKZIPHF-UHFFFAOYSA-N,-9.472
50453435::GWVLKHYLZIYXAO-UHFFFAOYSA-N,-8.762
50453439::GFUKCIXVOZBJQK-UHFFFAOYSA-N,-6.848
50453441::BCWHVDGZTARFIJ-UHFFFAOYSA-N,-9.41
50453447::SYFIGKNOBXITNY-UHFFFAOYSA-N,-10.69
50458883::VBZLTQFMNFHTCN-SNAWJCMRSA-N,-11.2
50458885::JEGRIHNFSNPSSR-ONEGZZNKSA-N,-10.26
50458902::RMVMWNDARWRAFT-SNAWJCMRSA-N,-10.46
50459847::NCLXHFSOZSGMET-UBKPWBPPSA-N,-14.69
50459848::FHQIIKRFNZDFNJ-UHFFFAOYSA-N,-11.37
50459851::SYUHCUWRIJSWEO-VOTSOKGWSA-N,-13.68
50459852::YTMSVJMFLMMVOP-LHHJGKSTSA-N,-13.33
50459853::OGKFONZASSEJOZ-FRKPEAEDSA-N,-11.64
50459854::ANMNQZATXMJWEF-KGVSQERTSA-N,-12.92
50459855::LSMTWHHQBZTIMN-CAOOACKPSA-N,-17.81
50459856::NTJSBSWXCDFDAL-CAOOACKPSA-N,-12.88
50459857::AGEUXHWJSZOWOT-UHFFFAOYSA-N,-16.81
50459859::LKTOPEFGKFLADU-ZPUQHVIOSA-N,-11.46
50459861::SOZWHNCIQKTXMS-YIXHJXPBSA-N,-13.36
50459864::ONFJPDOWLGHONB-UHFFFAOYSA-N,-11.48
50459865::IRLIOFUSGMSAKM-CAOOACKPSA-N,-12.81
50462973::NFTYPTBFCKBYEY-HUSPHVBNSA-N,
50462974::JKCIXMFRPFCAET-UCVHAVGFSA-N,
50462976::GIEBNRHNCGVTEW-ABNCNUFESA-N,
50462985::PXZSXUQYLQLNKJ-PEWBXTNBSA-N,
50462987::JGTNOTDHRYCLCZ-UCVHAVGFSA-N,
50462993::SLQZNOAPGQEVQL-AIFXSXIMSA-N,
50467908::NUXSVUZDEZKZLN-UHFFFAOYSA-N,-9.521
50467909::GUTVZXOGCBCORY-UHFFFAOYSA-N,-9.089
50470898::LHJOARHQIVOEDE-UHFFFAOYSA-N,-8.729
50470899::ROKZVBZMKBPXAD-UHFFFAOYSA-N,-8.785
50470900::BKERKTJMMUANFC-UHFFFAOYSA-N,-9.228
50470901::DHHIYWHEFGMBTL-UHFFFAOYSA-N,-8.631
50470902::AHCXMRCHJMZBGT-UHFFFAOYSA-N,-8.784
50470903::YYEHVLMUHQDZMO-UHFFFAOYSA-N,-8.846
50470904::VOARENJTQXMPBA-UHFFFAOYSA-N,-8.885
50470905::XUEFLGITUSFBIL-UHFFFAOYSA-N,-8.792
50470906::HFQBELSXAGCZME-UHFFFAOYSA-N,-8.692
50470907::IPWSSEHBBRGZDK-UHFFFAOYSA-N,-8.559
50470908::VVQSOIKVGAAYAQ-UHFFFAOYSA-N,-11.68
50470909::ZHHYYZPKDGVHEN-UHFFFAOYSA-N,-8.73
50470910::IHLLJAIUSMEFCG-UHFFFAOYSA-N,-8.714
50471259::UDAQLYMFTARBIE-AHBRDIEGSA-N,-10.65
50471260::DYFALINGOOHZSX-CLWFVZRMSA-N,-10.19
50471262::AZXQHKGIEGMXJM-SAOQIDAXSA-N,-11.24
50471264::IYBLGKCVLOLRMB-USUWBSJTSA-N,-10.45
50471266::XIWBHBPMBIXYBK-QPLCGJKRSA-N,-10.73
50471355::DSODZSDBFKQUST-UHFFFAOYSA-N,-12.45
50471356::QLIQZGASQNDQNO-UHFFFAOYSA-N,-11.05
50471357::SXNATFXZAWSPSE-UHFFFAOYSA-N,-13.66
50471358::KVSMDTMVLWQENJ-UHFFFAOYSA-N,-12.17
50471359::NFNXPTWQUQEWLN-UHFFFAOYSA-N,-10.55
50471360::HPWKRWZRKNLCQS-UHFFFAOYSA-N,-10.53
50471361::YCDSBBHRSVTTMX-UHFFFAOYSA-N,-10.79
50471362::IZGMIMKTZXSTLH-UHFFFAOYSA-N,-10.14
50471363::ATWOTNVLNKZCHV-UHFFFAOYSA-N,-10.87
50471364::DZRXWLPTGRQBHC-UHFFFAOYSA-N,-11.27
50471365::YOKOYDXFIYTRLT-UHFFFAOYSA-N,-11.84
50471366::WVUPZIZUIDNXGW-UHFFFAOYSA-N,-9.173
50471367::XIIPLMMVMAKDTM-UHFFFAOYSA-N,-15.03
50471368::MSRYQTKAUSVEDP-UHFFFAOYSA-N,-10.44
50471369::RPDULJACWWWFGZ-UHFFFAOYSA-N,-11.51
50471370::UPNAHMSJUMHPOR-UHFFFAOYSA-N,-11.35
50471371::OQYNDLOKEXDJQA-UHFFFAOYSA-N,-12.43
50471372::VUQWRXYPRNBJPA-UHFFFAOYSA-N,-11.59
50471373::DGMUKISOCMQSLX-UHFFFAOYSA-N,-11.61
50471374::CMLISELCGZYWIN-UHFFFAOYSA-N,-12.64
50471375::HJBTUMBFEXRUSV-UHFFFAOYSA-N,-13.26
50471376::KOFDGHCTXVZHIH-UHFFFAOYSA-N,-10.11
50471377::UJAZLJYGTKUQPF-UHFFFAOYSA-N,-10.09
50471378::DWILWBMTOOTEKV-UHFFFAOYSA-N,-11.25
50471379::UAUVDTRIPPZZCC-UHFFFAOYSA-N,-12.24
50471380::GTPUHNJIMQQEMY-UHFFFAOYSA-N,-9.959
50471381::RZAYAWXQOURQHV-UHFFFAOYSA-N,-8.921
50471382::VSKDFCJBACLKIC-MEMLXQNLSA-N,-10.63
50471383::QMDVSLSBTALLFL-UHFFFAOYSA-N,-12.03
50471384::HKOBHPSQGCLOAD-UHFFFAOYSA-N,-11.66
50471385::WMLWTVAJYFWBTB-UHFFFAOYSA-N,-14.07
50471386::GWSCNWNCOYEDTN-UHFFFAOYSA-N,-8.929
50471387::DGRCZOVLWRDDQI-UHFFFAOYSA-N,-11.17
50471388::KEKHZWOZKXXXOM-UHFFFAOYSA-N,-10.15
50471389::QDLTTZGSVRQIKR-UHFFFAOYSA-N,-12.6
50471390::XSUIKTBKQAZBLT-UHFFFAOYSA-N,-10.82
50471391::OCXMSTQLUNTVIK-UHFFFAOYSA-N,-10.12
50471392::AUPWRJNTFCCWDZ-UHFFFAOYSA-N,-10.68
50471393::LEQVXSNTCFPUAU-UHFFFAOYSA-N,-10.68
50471394::WKGYLLVUZFUDMJ-UHFFFAOYSA-N,-11.35
50471395::OGPYVSISEZHRFQ-UHFFFAOYSA-N,-11.7
50471396::YQABXVKEERZQAK-UHFFFAOYSA-N,-11.5
50471397::XRFJZMYJWZRLRB-UHFFFAOYSA-N,-10.63
50471398::IRHGYSJUWORFDU-UHFFFAOYSA-N,-10.24
50471399::CHWJUHSQSHCNTN-UHFFFAOYSA-N,-12.12
50471400::GTCNWCUEUWBDKF-UHFFFAOYSA-N,-8.55
50471401::XXSHGPGEHZSAPF-UHFFFAOYSA-N,-10.86
50471402::OYJDQSXEKOWLQF-UHFFFAOYSA-N,-10.34
50471403::KVQCSLFQMUEDOR-UHFFFAOYSA-N,-10.08
50471404::GPKIORIMKNVYJP-UHFFFAOYSA-N,-9.728
50471405::NIRJRFMFYPGFAN-UHFFFAOYSA-N,-12.88
50471406::NHNVNUNXHQYDFZ-UHFFFAOYSA-N,-11.57
50471407::LGUWUYHZZBYXCZ-UHFFFAOYSA-N,-12.39
50471587::OLEOZDOZISINBP-QJOMJCCJSA-N,-10.19
50471588::SQNACYQGIQACCU-YYADALCUSA-N,-8.216
50471589::LOBACVSXLPCRPW-QDTIIGTASA-N,-10.3
50471590::FQWWLOCOTXOAAZ-UHFFFAOYSA-N,-9.654
50471591::NLUMLXMYTSTSKI-KBKYJPHKSA-N,-9.433
50471592::RIMXSFHITCMBCL-OPVMPGTRSA-N,-11.88
50471593::WWGDEVTWZFFPPI-NYAPKIOYSA-N,-9.35
50471594::JZRULYGGBGXJAM-UHFFFAOYSA-N,-8.626
50471595::WWGDEVTWZFFPPI-LIMNOBDPSA-N,-8.578
50471596::WLZWHGMXPWUPLO-ALQBTCKLSA-N,-10.07
50471597::WLZWHGMXPWUPLO-FZKWRIDDSA-N,-65.21
50471598::SYZLPCRSJNBOTK-MRUKODCESA-N,-10.45
50471599::OLEOZDOZISINBP-HAVVHWLPSA-N,-14.14
50471600::RIMXSFHITCMBCL-PGGKNCGUSA-N,-11.4
50471601::PTTNYJOCEDSWPD-ZXVVBBHZSA-N,-9.749
50471602::LCKORWQFYKRVRT-ZNLRHDTNSA-N,-8.819
50471603::NLUMLXMYTSTSKI-RAWMCFOBSA-N,-9.474
50471604::FDRISEUHVWYNDI-UHFFFAOYSA-N,-11.3
50471605::PTTNYJOCEDSWPD-DIBXZPPDSA-N,-9.892
50471606::SYZLPCRSJNBOTK-KIBLKLHPSA-N,-8.534
50471607::LOBACVSXLPCRPW-XODNFHPESA-N,-11
50471608::ONXPHFDXGCTIKL-UHFFFAOYSA-N,
50473569::GWZALFMCFWOXCI-BYYHNAKLSA-N,-10.98
50473570::RZVFVMWDPSDCTJ-QPLCGJKRSA-N,-10.68
50473571::FMHQDBFMJHNCPF-ROMGYVFFSA-N,-9.86
50473572::HPBSYQHWESRCQQ-ZIADKAODSA-N,-12.37
50474569::QMNAADNBEBCAEQ-UHFFFAOYSA-N,-16.34
50474570::LZHPXIZTZSFAAE-UHFFFAOYSA-N,-11.71
50474571::FFGNPMKMQDXQJJ-UHFFFAOYSA-N,-9.503
50474572::OCRBCWNNWUOJIP-UHFFFAOYSA-N,-11.31
50474710::DRCDQROWAJCQKW-UHFFFAOYSA-N,-7.9
50474711::RTBOFCHXSRLNHL-BKFWDETESA-N,-10.58
50474712::RQNIDKOWDMBUSX-UHFFFAOYSA-N,
50474713::CIQKETFTZBQDJY-UHFFFAOYSA-N,-7.466
50474714::CODRJHAIFFCKLV-UHFFFAOYSA-N,-7.538
50474715::APSYKKQDFLXLLX-UHFFFAOYSA-N,-6.392
50474716::FXGBIIMDDCKQRB-UHFFFAOYSA-N,-6.96
50474717::MXVPMLFZQHOTII-UHFFFAOYSA-N,-7.381
50474718::NTXLGTSNINCLPB-BCDXTJNWSA-N,-7.524
50474719::XGYITGOPMBIUNY-UHFFFAOYSA-N,-8.924
50474720::WNHWOHOTTGCSET-UHFFFAOYSA-N,-11.6
50474721::INPNTJXENMTKQG-UHFFFAOYSA-N,-8.768
50474779::YFIFXXYJJRIEKS-JBFMKSPFSA-N,
50474780::IUZSRBSUNNBIOC-LOOFSCOISA-N,
50474781::NLEKIDVRUXTBDG-OCOZRVBESA-N,-9.598
50474782::MHOBLDMCIRQQBQ-HWLOXFRGSA-N,
50474783::BNHPIVFPOYQMFP-SISPBFPDSA-N,
50474784::ZONUJWGGPOQYBT-DIDVDAKUSA-N,
50474785::OUZBLKNIZRTCNC-LQYAKMRFSA-N,
50475163::IXQCKWYSPNHLMB-UHFFFAOYSA-N,-10.99
50475164::OTSFWEJMQIUSJK-UHFFFAOYSA-N,-10.21
50475165::FSFXGXUDXHTMIP-UHFFFAOYSA-N,-12.6
50475167::IUDRKOYRISQLJQ-UHFFFAOYSA-N,-11.95
50475169::CYUYRVPSSRDXIM-UHFFFAOYSA-N,-11.73
50475170::NCDSFNIQSBSOFC-UHFFFAOYSA-N,-11.89
50475171::VRQMUZXBWBMAFR-UHFFFAOYSA-N,-10.2
50475172::UWCSERRJXZBZJV-UHFFFAOYSA-N,-12.71
50475173::ZQCZXXGPQMGPTR-UHFFFAOYSA-N,-15.43
50475174::JOCZQNCKXDYSQG-UHFFFAOYSA-N,-11.47
50475175::NBQKFCWOVMESDX-UHFFFAOYSA-N,-20.22
50475362::OFUCLUDWVJQMNY-SDNWHVSQSA-N,-13.67
50494959::SIGYNICWUVIPKP-JPVHLGFFSA-N,-15.09
50494962::CAHMJFUNCWFAGI-AKHDSKFASA-N,-10.07
50494963::XBTNMOPAIXKVGQ-BWZBSFTKSA-N,-9.937
50500651::OYJDQSXEKOWLQF-UHFFFAOYSA-N,-9.201
50508127::YIUSVSPYCXFTHR-UHFFFAOYSA-N,
50513788::VFDVYUMIEWOVJX-UHFFFAOYSA-N,-10.26
50514953::VPZBWUSEDZAABB-UHFFFAOYSA-N,
50514954::UTJHBKNMVJTZMY-UHFFFAOYSA-N,-12.02
50514955::CLWWKZXLZBJHDP-UHFFFAOYSA-N,
50514956::FRTMSTLLVUVSOS-UHFFFAOYSA-N,
50514957::SMXNOJXGSQHUFP-UHFFFAOYSA-N,-9.112
50514958::UAZKUHQJWPGNSK-UHFFFAOYSA-N,-9.857
50514959::FWLJYLWGRSXVPM-UHFFFAOYSA-N,
50514960::SKSWQUFJUVCDPQ-UHFFFAOYSA-N,-16.66
50541264::QXIQBDCQUFEYPC-UHFFFAOYSA-N,
50541265::CVXWCCHYGCGDJZ-UHFFFAOYSA-N,-7.899
50541266::IYQSDWDMEOSLNL-UHFFFAOYSA-N,-8.673
50541267::WPRTUVBKGRAHMM-UHFFFAOYSA-N,
50541268::QPCNXXSCKCQQOR-UHFFFAOYSA-N,-10.91
50544811::PIQPAUJUVOMPJC-UHFFFAOYSA-N,-8.748
50544812::CTILPMYYGZYYLB-UHFFFAOYSA-N,-8.855
50544813::LMTOCOJMQIAFBC-UHFFFAOYSA-N,-7.637
50544814::GOHYUTQRLFALLQ-UHFFFAOYSA-N,
50544815::LEJHSUGFSITHDH-UHFFFAOYSA-N,
50544816::KSSARERPUODKBQ-UHFFFAOYSA-N,
50544817::VSLYFUGBCWJBOI-UHFFFAOYSA-N,
50544818::VKTCICXDNLJMAP-UHFFFAOYSA-N,
50544819::OFIUEGPAPYOGDG-UHFFFAOYSA-N,
50544820::QNAOHHUVCGVISQ-UHFFFAOYSA-N,
50544821::VEGWPNQJDLCZQJ-UHFFFAOYSA-N,
50544822::HGXUEISOXOJSKC-UHFFFAOYSA-N,
50544823::DQIKNWULZWEWKQ-UHFFFAOYSA-N,
50544824::VXVKEVGYFUJMLE-UHFFFAOYSA-N,
50544825::LGKRRXWJWOLXAM-UHFFFAOYSA-N,
50544826::WYRRSMDDEYVOMD-UHFFFAOYSA-N,
