3294::IZQHULBHKPGOAP-UHFFFAOYSA-N,-9.622
3535::KFBKCZIAECRELC-UHFFFAOYSA-N,-9.931
3556::YXOXHAUUTIOBDA-UHFFFAOYSA-N,-9.373
4078::AFSDNFLWKVMVRB-UHFFFAOYSA-N,-9.586
4293::CANOJKGQDCJDOX-VZUCSPMQSA-N,-8.722
4294::ALUHXQXQTNRXQL-KPKJPENVSA-N,-9.624
4295::ZALNJTCOAIAQFA-RIYZIHGNSA-N,-9.466
4296::QBKFKKGORMOFFU-MDWZMJQESA-N,-8.809
4297::JVRJGQNWQLITMA-YRNVUSSQSA-N,-8.355
4298::WSDDCSPJUMHQSE-KPKJPENVSA-N,-9.464
4300::CVJUVNFCJFFASS-UHFFFAOYSA-N,-8.848
4301::USOXQZNJFMKTKJ-XVNBXDOJSA-N,-7.635
4302::UMGQVUWXNOJOSJ-KMHUVPDISA-N,-9.587
4307::NJPHTBIXEKQNKZ-YRNVUSSQSA-N,-9.714
4309::IZNDRNBAQQZJSB-MHWRWJLKSA-N,-12.75
4310::XMFXBOGXTNAKKW-XYOKQWHBSA-N,-10.99
4312::CSHGVUBBAZPQSJ-KPKJPENVSA-N,-9.697
4314::MYKCTDWWIWGLHW-NTEUORMPSA-N,-9.7
4316::FDFVLFGLUAPMGB-RIYZIHGNSA-N,-9.56
4363::ZGHQGWOETPXKLY-XVNBXDOJSA-N,-7.302
4568::OTMPOVZNMVTURI-UHFFFAOYSA-N,-11.66
4569::RWRYVPUMPZVZSS-UHFFFAOYSA-N,-9.868
4570::HYIYITLSLFGRPG-UHFFFAOYSA-N,-9.796
4571::INNDLQJCKYFJTJ-UHFFFAOYSA-N,-10.26
4572::OZIQEFLVKCIGLR-UHFFFAOYSA-N,-10.59
4573::BFXGHOJOXUBCTO-UHFFFAOYSA-N,-10.19
4574::BQMMBUOYOGSCCG-UHFFFAOYSA-N,-10.74
4575::GGHZBUPPNLNXED-UHFFFAOYSA-N,-10.45
4576::MXFUQFIEHKHLRL-UHFFFAOYSA-N,-10.44
4577::RLNZIWVIDMGNEN-FQEVSTJZSA-N,-10.62
4578::JEZCURNCWCILAV-UHFFFAOYSA-N,-9.97
4579::VKFHLVGNIPONMR-UHFFFAOYSA-N,-11.18
4580::WGYDIWMVEHEUEZ-UHFFFAOYSA-N,-9.008
4582::IHZHFIKEGVXLHF-UHFFFAOYSA-N,-9.253
4584::PJDCIIPPRINIGB-RMKNXTFCSA-N,-12.1
4585::BLCWDFQAJUMTGJ-RMKNXTFCSA-N,-11.34
4586::XDNJRZIUYRZKNY-VMPITWQZSA-N,-11.05
4587::OWNBJKMTBSDGLB-GORDUTHDSA-N,-11.36
4588::WFWOGZGJIURUFA-GORDUTHDSA-N,-12.19
4589::RHVQWSMLJGXEQH-BFSLETRISA-N,-11.13
4590::RHVQWSMLJGXEQH-BTZGUFSASA-N,-11.15
4591::BDNLTOXSGSRVFC-QPJJXVBHSA-N,-14.46
4592::UFLUWNRWPWDTEF-ZZXKWVIFSA-N,-15.86
4593::SSRSEBNRBASBBM-VMPITWQZSA-N,-9.553
4594::UOQUXSNSYHWJQN-QHHAFSJGSA-N,-10.16
4595::YBGIIBLAQDXGRC-UHFFFAOYSA-N,-9.19
4596::JPHUTKJINPEEPQ-DUXPYHPUSA-N,-9.33
4597::VHGGLPYMJXZJFI-ZZXKWVIFSA-N,-8.653
4598::QHSKAAHDPBBIMT-UHFFFAOYSA-N,-9.558
4599::VANCZLKVOHARGS-UHFFFAOYSA-N,-11.16
4600::FSGPEDYXNUKDAG-CMDGGOBGSA-N,-8.98
4601::AGTPOONMTANNPL-VOTSOKGWSA-N,-11.06
4602::JPHUTKJINPEEPQ-RQOWECAXSA-N,-9.809
4603::RHVQWSMLJGXEQH-CWWFIGIMSA-N,-10.25
4626::VOPNWXZDJKCCRE-UHFFFAOYSA-N,-10.38
4777::OLYVUTGQXNIQQG-UHFFFAOYSA-N,-8.662
4810::WUWDLXZGHZSWQZ-WQLSENKSSA-N,-9.792
4882::JNDVEAXZWJIOKB-JYRVWZFOSA-N,-9.858
5439::BNEUQUONQBLCSG-UHFFFAOYSA-N,-9.688
5440::GSPYOWLUBSMHCV-UHFFFAOYSA-N,-10.96
5441::ZJAASMJOPRABKY-UHFFFAOYSA-N,-13.44
5442::OOURSYCFPYHWPU-UHFFFAOYSA-N,-13.18
5443::AXVKGZLOECWENV-UHFFFAOYSA-N,-11.31
5448::BURBAFXROHRDAV-UHFFFAOYSA-N,-11.18
5449::XUAWYHMIPSETPV-UHFFFAOYSA-N,-12.29
5450::YNAWKCAJCGIVQB-UHFFFAOYSA-N,-10.8
5451::RARTTYYZTRKYDS-UHFFFAOYSA-N,-21.45
5452::PNZSTSKDYDRMIY-UHFFFAOYSA-N,-11.06
5453::PFBNCPMUCGZALP-UHFFFAOYSA-N,-12.29
5454::XOQKZEMXCAEBHU-UHFFFAOYSA-N,-13.38
5455::BVASVOATLGXWDS-UHFFFAOYSA-N,-11.03
5456::WLLKPDBSPXZCTG-UHFFFAOYSA-N,-9.015
5457::SPEQBPSZWOMRLO-UHFFFAOYSA-N,-9.011
5458::PEBATQNNPRRNAH-UHFFFAOYSA-N,-10.61
5459::FUAWEXVTNBAJGV-UHFFFAOYSA-N,-9.586
5460::FMKJJNOFXVDHKH-UHFFFAOYSA-N,-12.08
13246::CQZZCFVTEOJWAW-UHFFFAOYSA-N,-9.586
13268::WFRLFWGASBLYTC-UHFFFAOYSA-N,-10.3
13903::IKFNDVGENZZACI-CYBMUJFWSA-N,-10.32
15359::VLKLQQLCVPDQFU-DHAPHRPOSA-N,-7.598
17015::SEZFNTZQMWJIAI-FLIBITNWSA-N,-8.876
17016::IUMPCHAHZBLTKY-FLIBITNWSA-N,-10.5
17747::UAKWLVYMKBWHMX-PTNGSMBKSA-N,-9.621
27879::ZWVZORIKUNOTCS-OAQYLSRUSA-N,-12.1
27961::MSLPPMUTXCBVLE-HZCBDIJESA-N,-12.72
27962::FNIODIAGYLWZRY-WGSAOQKQSA-N,-12.18
27963::DZHMNRMMNFEUNL-MEMLXQNLSA-N,-12.26
27964::YETDQFJRLHRQJD-HZCBDIJESA-N,-13.92
27965::MWTCMQXTURNBFI-HZCBDIJESA-N,-11.85
27966::PXOJXTKZVIEYLV-RQNOJGIXSA-N,-13.21
27967::IWSFWGQTDDJZPR-RQNOJGIXSA-N,-11.74
27968::FHQQNAHMJMQUKJ-RQNOJGIXSA-N,-11.53
27969::JHZWEYCWMPNVEC-DIVCQZSQSA-N,-14.26
27970::BJSZKHZJEOKFJO-DIVCQZSQSA-N,-12.7
27971::RBBZLSVNHVBMRU-UHFFFAOYSA-N,-10.13
27972::DWJSVGCODPLRLP-AWEZNQCLSA-N,-13.94
27974::KWBKHNYGQSAYCE-UHFFFAOYSA-N,-9.972
27975::POJRAIDOFSJODM-UHFFFAOYSA-N,-9.935
27976::UMGYMAXDIGYRMA-AWEZNQCLSA-N,-11.31
27977::TWIUFSQIKGYUBP-GOSISDBHSA-N,-10.39
27978::WLEIXJUVTKOBDP-UHFFFAOYSA-N,-12.43
28490::WFTNHECJAZFTJB-DENIHFKCSA-N,-11.77
28491::LYJHHXBOBVEKHY-YLJYHZDGSA-N,-10.49
28492::NWRYHCNPTDKBAI-FYYLOGMGSA-N,-13.15
28493::IUDNEWGUEHBBOQ-ISKFKSNPSA-N,-11.5
28494::LJKWMYHCZOUEOQ-UYAOXDASSA-N,-11.96
28495::SBYLTLVZZWSDEP-IEBWSBKVSA-N,-23.32
28496::FCKGEOQXHWZJHO-IFMALSPDSA-N,-13.06
28497::BGHXZIFCCVTXMJ-RCZVLFRGSA-N,-14.4
28498::QAOIGWCWWITZTC-JWQCQUIFSA-N,-11.31
28499::WCDMWNJUWOHGEY-NHCUHLMSSA-N,-10.93
28500::RJZPDKUWHMCJNM-TZIWHRDSSA-N,-12.26
28501::SDHRCQGCPUPURT-ILBGXUMGSA-N,-11.21
28502::LRLNQABHVFTDEO-ILBGXUMGSA-N,-11.89
28503::HRADRJGXRLBLGD-ISKFKSNPSA-N,-17.65
28504::OMNUQQMMTVDCHE-JYHRCJKBSA-N,-12.43
28505::DNGKMKTZKCGWMO-FYYLOGMGSA-N,-10.19
28506::ZFBVZPNEZMXKOV-IFMALSPDSA-N,-28.79
28507::JKMMLNQHOCOLSR-AOYPEHQESA-N,-11.34
28508::JOAKGRBKTPJXHB-XNMGPUDCSA-N,-11.44
28509::OMQOMUUJUACRFX-NFBKMPQASA-N,-13.23
28510::VURXMUNOWCBINZ-ISKFKSNPSA-N,-12.07
28511::QAIGLWIBJKERDJ-IEBWSBKVSA-N,-11.58
28515::GWKMIVYJIGCSBU-FYYLOGMGSA-N,-9.964
28516::OQGBHQFXDSBPBX-IFMALSPDSA-N,-11.37
28517::UWADRORTXGMUIP-FYYLOGMGSA-N,-10.43
28518::QHVIPDJZOQGJIA-FYYLOGMGSA-N,-11.1
28519::NWDMCJXGXJGDKM-IFMALSPDSA-N,-10.89
28520::IYINYGZMZPUBOK-FPOVZHCZSA-N,-10.93
28521::YEIAMNOHYKXSFB-FPOVZHCZSA-N,-14.66
28522::NKOJMDRKLJSOJR-GMAHTHKFSA-N,-15.79
28523::IYINYGZMZPUBOK-CTNGQTDRSA-N,-11.36
28524::YEIAMNOHYKXSFB-CTNGQTDRSA-N,-11.46
28525::NKOJMDRKLJSOJR-GGAORHGYSA-N,-11.72
28526::IYINYGZMZPUBOK-PZJWPPBQSA-N,-12.76
28527::YEIAMNOHYKXSFB-PZJWPPBQSA-N,-13.39
28528::NKOJMDRKLJSOJR-JTHBVZDNSA-N,-11.37
32184::RONKFMHPAFRXHH-UHFFFAOYSA-N,-8.256
32185::KHERWPKMPPANRP-UHFFFAOYSA-N,-9.742
50576::ADPBTBPPIIKLEH-UHFFFAOYSA-N,-6.871
86638::WQGDQGAFSDMBLA-UHFFFAOYSA-N,-9.338
92453::QGZVSVHWQCGWDX-UHFFFAOYSA-N,-13.65
92454::SBMNMLFWVOAHCS-UHFFFAOYSA-N,-11.73
97672::SSDFTYWIYVWCIE-KDURUIRLSA-N,-11.45
106870::VRQXRVAKPDCRCI-ZNMIVQPWSA-N,-11.68
112500::ICDUDMAKDBBZOT-SNAWJCMRSA-N,-10.46
112501::CJIJVEOGUOJOMJ-GQCTYLIASA-N,-10.05
112502::XFXOYVZSTQCSQN-HWKANZROSA-N,-10.51
112503::YMQSEEOAYCTNQU-NSCUHMNNSA-N,-10.93
112504::HNVQCOJZTIBBPB-VOTSOKGWSA-N,-12.01
130909::HKSZLNNOFSGOKW-UHFFFAOYSA-N,-7.613
139540::YISMQBFJYDFMAL-AESIHLKFSA-N,-9.693
140984::ZZKJYWJMKZJTKA-UHFFFAOYSA-N,-12.68
140986::SVDARJHLGCNCRG-UHFFFAOYSA-N,-14.15
140988::VPRLBIZASKQOSZ-UHFFFAOYSA-N,-12.34
149410::BKGAQRNSVMXWHB-UHFFFAOYSA-N,-13.42
192316::JEMSOXTWRRHLSY-IEYCOXKTSA-N,-9.724
192317::YFQGFLOTVWXVMG-ONEGZZNKSA-N,-9.985
192318::LKPIQEOIBNBGGY-RUTRQQBQSA-N,-11.8
192319::VPBAXWOWGZTFTQ-LNFVKZLXSA-N,-14.42
192320::VPBAXWOWGZTFTQ-ONEGZZNKSA-N,-9.693
228107::REGOTSLWVKSZRG-GYQWKJCYSA-N,-11.8
228108::REGOTSLWVKSZRG-JFWCZTBVSA-N,-9.951
228109::FKSFPUSFMMAXPK-LPZJDVQTSA-N,-10.85
228110::QMXMLFJONMTABH-RSOJFYCWSA-N,-12.02
228111::XXQCAOCIBBLKTR-AYVVYZBDSA-N,-11.1
228112::IGZLGJNZOKGZRZ-NNGMMJRYSA-N,-16.79
228113::REGOTSLWVKSZRG-GYQWKJCYSA-N,-12.97
228114::RWQRIUWKYIAJRI-AGYHTPPKSA-N,-11.06
228115::GSSHFNOWTLFACP-OMYDXBOMSA-N,-10.73
228116::HMFQGZQQOSIJND-LQQDMUIFSA-N,-13.31
228117::WEKWLJJTCAFJDA-LWXNEAQISA-N,-10.71
228118::VAMWYDFGORHXIU-XRCSGBKJSA-N,-12.03
228119::IREADPMWGRIVEJ-WAARREDXSA-N,-12.69
228120::XRKMXTSLBXGSQT-MYOSJQCNSA-N,-13.78
228121::LLDLKTHXNUZVDV-YDBLJOJBSA-N,-13.39
228122::YVFMRJUBTQDNSA-LPUKYHPRSA-N,-12.72
228123::KVXCGOZCGKXYQZ-ZYULESDQSA-N,-11.64
228124::IKXRBNYJGLGKNN-YOAPFAFISA-N,-10.91
228125::YHCWZWFXNSGDTJ-UFICKVLRSA-N,-10.24
228126::CRKDDCRCAGBCAI-GYQWKJCYSA-N,-14.08
228127::KAJAEDXGWXUDJX-UTHPQMAGSA-N,-11.2
228128::YYQSQLGNBWMYFW-YOAPFAFISA-N,-10.21
238345::JETCTCUSGZDEGL-UHFFFAOYSA-N,-12.56
246607::LUNPOMNMCATHCT-UHFFFAOYSA-N,-13.69
246609::MIFKLWONDMFKNY-LFYBBSHMSA-N,-12.06
264128::MCVGYROQTOADFC-NSCUHMNNSA-N,-12.77
264129::KYLTYWRKNDUYIL-QDLOVBKTSA-N,-11.12
264159::KYLTYWRKNDUYIL-CWDCEQMOSA-N,-8.138
264160::YFFQYUIFTHZMHX-LAQIPUCWSA-N,-8.718
264161::YFFQYUIFTHZMHX-BDUNBXCCSA-N,-11.89
264162::PCOFCPRYWPQQMW-OAJJDEHYSA-N,-9.182
264163::PCOFCPRYWPQQMW-WHLIDYPQSA-N,-10.3
264164::GUHJZZKAWYPNAQ-OWOJBTEDSA-N,-21.04
264165::ICKLZZYEDMBELM-LSTKMXGYSA-N,-10.09
264166::ICKLZZYEDMBELM-PHXNAMCJSA-N,-10.55
264167::NYHCGCDSBXKURV-SBPBPJATSA-N,-11.54
264168::OVKAWEPHUVGRCJ-SQMXEVSSSA-N,-10.01
264169::QJNMNCUMDUMIJV-CBCWIBMJSA-N,-12.93
264170::KZBKXMGIJLJPHP-HNPUZTMESA-N,-12.93
264171::KZBKXMGIJLJPHP-VQPVDWPJSA-N,-12.3
264172::QJNMNCUMDUMIJV-OMSMFVMISA-N,-10.14
264173::KZBKXMGIJLJPHP-USNGRLKASA-N,-12.76
264174::ZHSPHEJVKURUJP-ONGSAVLISA-N,-10.84
264175::XAHNKMWYZJATAR-PWZRHHMCSA-N,-10.99
264176::XAHNKMWYZJATAR-OBPLTNGCSA-N,-11.64
297478::FKDRSZFMPBLKCD-HATNKYKBSA-N,
297479::BFABTUGDOUSYFY-KJZXDDNASA-N,
297480::HZCNRBRFGMPABP-ZATPAMTMSA-N,
297481::WHANOTGWWPJUDT-FJHLYMFUSA-N,
297482::BYKISLTZFBKSPW-APLQXZIDSA-N,
297483::PWTSNZVMOHFKRQ-PLBXKUHBSA-N,
297484::TZCFPUNWGZHLQJ-ONVLZCBESA-N,
297485::ZGMNDSZPFMIRDK-HCQHVFLSSA-N,
297486::RECJUMKZNRYXGV-VPHSWYRMSA-N,
297487::REECPOSZXMEOBJ-SZGMEHIKSA-N,
297488::GKZXFKAJOMUXIN-PUAPYOPTSA-N,
297489::NNGJYXORWKLXIH-BDIMHQSCSA-N,
297490::UHYYLETWCHOQQS-CHQKFJOGSA-N,
297491::MVOTXSVDLGESOV-QCAINQIKSA-N,
332542::IFUPZYWAOYZTHS-DHZHZOJOSA-N,-9.414
332544::XPZGTHUXSPUGHN-VQHVLOKHSA-N,-10.78
332545::NJHDYUHKGOBVKW-WAYWQWQTSA-N,-12.64
351281::UKKBXHWKVGSVEV-OSYLJGHBSA-N,-11.57
351282::RFKWUHOHGOAWTQ-NNZMDNLPSA-N,-12.45
351283::HVXKQKFEHMGHSL-QDMKHBRRSA-N,-12.13
351284::NPSLABWCQNFJHJ-QDMKHBRRSA-N,-12.25
351285::KDAFZLQNEAKVCC-QDMKHBRRSA-N,-14.59
351286::URLSAFHMCNOLOZ-QDMKHBRRSA-N,-12.53
351287::QHXZJCIGDNUSOB-QDMKHBRRSA-N,-48.74
351288::BLBVISQGOQQTND-QDMKHBRRSA-N,-10.49
351289::XJAYAHAZZKYCJC-MUJYYYPQSA-N,-11.62
351290::VEIQGMIXACRMMO-PHZGNYQRSA-N,-12.12
351291::WQHZIFFISAIJEF-NNZMDNLPSA-N,-38.35
351292::QPNYAXXXUXFKDG-ARLHGKGLSA-N,-12.04
351293::KHSJGHHCLKKKKU-ARLHGKGLSA-N,-13.7
351294::NJQIBYWJBXKSRO-ARLHGKGLSA-N,-11.53
351296::ABXIBRWZRWHJCZ-KZUDCZAMSA-N,-10.44
351297::CMTRUERFSJKMJQ-KZUDCZAMSA-N,-10.77
351298::IFVXCNKRSUKURE-KZUDCZAMSA-N,-16.69
351300::KHSJGHHCLKKKKU-KZUDCZAMSA-N,-9.938
351301::QPNYAXXXUXFKDG-KZUDCZAMSA-N,-9.985
351302::NJQIBYWJBXKSRO-KZUDCZAMSA-N,-10.09
351304::CMTRUERFSJKMJQ-ARLHGKGLSA-N,-13.08
351305::NGRFKPHUUUCTAT-ZIAGYGMSSA-N,-14.02
351306::REMMHMJADZNMGO-KBPBESRZSA-N,-10.57
351309::YTGFCYJRAIFFGH-KBPBESRZSA-N,-10.77
351310::ZFGGQFYLMRFDEB-QOPSNYKOSA-N,-10.6
351311::VENHPOQTVRCHJV-JXBRRONGSA-N,-11.43
351312::XUCWVTDFYWWXFG-DIUUEDGKSA-N,-13.04
351313::FIJYWRPWHKFPLQ-DIUUEDGKSA-N,-11.92
351314::QTWKCJAINLFWKV-ZMQOCNJZSA-N,-10.17
351315::ZDTMGSSRQLKYTK-UGSOOPFHSA-N,-10.61
351316::VXJCKEGWFQFYGD-SJCJKPOMSA-N,-10.87
351317::VXJCKEGWFQFYGD-YVEFUNNKSA-N,-11.26
351318::OEGXYNWEJSFYPO-SJCJKPOMSA-N,-14.11
351319::RPLCLUCJTHAIOW-FZKQIMNGSA-N,-10.82
351320::BKBIBLPFCFCOQQ-UHFFFAOYSA-N,-10.55
351321::RFGYFZFUMBQSCW-GICMACPYSA-N,-11.4
351322::KLDWSPPOKXJTIT-UHFFFAOYSA-N,-12.78
351325::AXFITPBCUMOSEI-UHFFFAOYSA-N,-10.43
351327::KURAWEFNNHDHOM-ZCLUNYJNSA-N,-10.45
351328::BVPDJKPURONCRY-ZCLUNYJNSA-N,-11.68
351329::IOXJGKZLPLFOBF-ZCLUNYJNSA-N,-11.33
351331::ZLFBWBUGVAULCA-ZCLUNYJNSA-N,-21.34
351333::SJEYKCLWHCAMQL-ZCLUNYJNSA-N,-12.87
351335::SPUVKXRMQZAIAZ-PHZGNYQRSA-N,-10.87
351338::DYYJQOFBFXWRDD-QKDCVEJESA-N,-12.6
351341::FSJDACURTSWGHC-CVEARBPZSA-N,-12.16
351342::FSJDACURTSWGHC-HOTGVXAUSA-N,-13.2
351343::FSJDACURTSWGHC-JKSUJKDBSA-N,-11.4
351344::VEZBREXQDQRJTD-KBPBESRZSA-N,-12.7
351349::FDJOKRBUPKWJTB-UWHLTILDSA-N,-10.49
351357::JJQTYTQYXOULRB-UXPWSPDFSA-N,-10.2
351358::OUEOJFCFMCXADD-PLACYPQZSA-N,-22.17
351377::CQIIIEIHBWOUOM-PDDAWLJDSA-N,-14.6
351391::HZOGQCYCMSFESW-FCDRMGDPSA-N,-14.14
351397::VPMFDTGNFBVOSP-YFMMTPMMSA-N,-9.465
351399::ZDHUWTTUQHECMO-FCDRMGDPSA-N,-12.13
351405::HMKNXLABKFFLGV-YFMMTPMMSA-N,-16.67
351407::FSSHDIKQMARYSU-FCDRMGDPSA-N,-10.79
351428::QFEUXSBOVSOXOY-UHFFFAOYSA-N,-15.2
351434::SUWHOJVHZNVYPL-UHFFFAOYSA-N,-12.62
351440::JOGJAGGMXRVDDM-UHFFFAOYSA-N,-10.02
351443::BDXLOYXFMUPOIW-UHFFFAOYSA-N,-11.35
351444::ZJWUMNUFLUTXRN-UHFFFAOYSA-N,-12.11
351447::PTLHFHNCPGNWKH-UHFFFAOYSA-N,-12.14
351450::SHQICENFGOEXMY-UHFFFAOYSA-N,-11.53
351452::DTTUCRMZJFXMJK-UHFFFAOYSA-N,-10.69
351455::ZCRLDBQMLFBFFN-UHFFFAOYSA-N,-11.72
351463::QNPKKOXYJDZPQK-UHFFFAOYSA-N,-10.46
351467::GOTKNVOMZNDPKT-UHFFFAOYSA-N,-10.76
351473::KCGTXHCPPMDHIJ-UHFFFAOYSA-N,-17.7
351476::RUBSXJGCJAOKHK-UHFFFAOYSA-N,-11.7
351478::LARWQCXRXJJFLU-UHFFFAOYSA-N,-11.21
351479::XCMSAHCDUHXACI-UHFFFAOYSA-N,-11.7
351482::JFLJVHMCZLMBSN-UHFFFAOYSA-N,-10.72
351483::VRXGZDANOSIHSR-UHFFFAOYSA-N,-13.2
351484::ZHMULGIXCIACTQ-UHFFFAOYSA-N,-11.22
351487::AYWUHPUXKGVOSD-UHFFFAOYSA-N,-10.64
351495::VVDWMCFFRNYWGL-UHFFFAOYSA-N,-11.62
351496::XRTAZINADDFLOG-UHFFFAOYSA-N,-11.9
351497::MLXXNWHIZCXWDE-UHFFFAOYSA-N,-14.08
351500::FGHXOSBHGQKMBX-UHFFFAOYSA-N,-16.77
351501::QSMNHXGXWWZHHE-UHFFFAOYSA-N,-13.18
351502::RSQKKUZJTBAHBG-UHFFFAOYSA-N,-17.41
351503::KIHIMMDNUNDKTJ-UHFFFAOYSA-N,-10.93
351504::NQWKXHZZPBXKGF-UHFFFAOYSA-N,-11.39
351505::QQGZOWNAHJAXCG-UHFFFAOYSA-N,-15.6
351506::ZBNFVHQEUFIFJM-UHFFFAOYSA-N,-11.35
351507::DTMZOKHWEQAEJP-UHFFFAOYSA-N,-10.68
351508::ZNOFYQJDWNDHAI-UHFFFAOYSA-N,-29.59
351509::PVTTWYOJLADNCZ-UHFFFAOYSA-N,-12.15
351510::AHIOWTSQFILAEW-UHFFFAOYSA-N,-14.23
351511::ZMGKRGOCDQRNTB-UHFFFAOYSA-N,-18.52
351512::YETQQFMHUDZVIA-UHFFFAOYSA-N,-11.16
351513::WGVZZDSXBCCRPN-UHFFFAOYSA-N,-12.15
351514::YUHWJTGCNDMHMW-UHFFFAOYSA-N,-13.72
351515::ABQLLFONNKQLLB-UHFFFAOYSA-N,-11.47
351516::QEIAACVSNFOMGZ-UHFFFAOYSA-N,-14
351517::YAEMBTULTQVMDI-UHFFFAOYSA-N,-10.38
351518::QWTRRGLWVSSIML-UHFFFAOYSA-N,-10.61
351519::GCBUMMPSFVNQKY-UHFFFAOYSA-N,-15.71
351520::DGOBVCDUGLUZMU-UHFFFAOYSA-N,-16.98
351521::BZLNIUFWAWPNOW-UHFFFAOYSA-N,-10.11
351522::KJLBXUKNKUWCED-UHFFFAOYSA-N,-11.34
351523::HFDJFCJNMFTWOT-UHFFFAOYSA-N,-11.22
351524::UJKCNZDTMJJLEP-UHFFFAOYSA-N,-11.05
351525::SROSEDFOBYVYCH-UHFFFAOYSA-N,-11.13
351526::ATNQJIZWZJGBST-UHFFFAOYSA-N,-9.733
351527::FYJMEEVVSSJUMQ-UHFFFAOYSA-N,-11.32
351528::BYRDCUSCDUCHLA-SFHVURJKSA-N,-11.63
351529::FZGGLLMOLZVRHY-UHFFFAOYSA-N,-10.64
351530::BQCYIIVLNTWNSU-UHFFFAOYSA-N,-13.72
351531::HFTHZTJJBJKTGD-UHFFFAOYSA-N,-10.5
351532::WVXLPNDNCDLCQW-UHFFFAOYSA-N,-9.735
351533::ILENFMLSOQJLGD-UHFFFAOYSA-N,-10.92
351534::QYJJHEKFWCNKKZ-UHFFFAOYSA-N,-12.22
351535::BADQNHXUQWKUBJ-UHFFFAOYSA-N,-13.39
351536::UKANZOMXIMJQJI-UHFFFAOYSA-N,-11
351537::TUJUURQEVYFCIN-UHFFFAOYSA-N,-11.37
351538::XNADADUSWUFNQO-UHFFFAOYSA-N,-11.29
351539::KZIOAIIQBIYJTQ-UHFFFAOYSA-N,-42.15
351540::PWNBTHIQJMPMTI-UHFFFAOYSA-N,-10.79
351541::RGUFKCMSOMSTHM-UHFFFAOYSA-N,-12.54
351542::KOSFAPNTMAEMEM-UHFFFAOYSA-N,-12.74
351543::OUPSOAXLJSDWRF-UHFFFAOYSA-N,-10.85
351544::QFHBQKXGJZQISJ-SFHVURJKSA-N,-10.62
351545::QHTZGTDGFHTCOG-FQEVSTJZSA-N,-10.94
351546::PLPFTGVPIXWCIC-UHFFFAOYSA-N,-14.68
351547::JHVXCKPKPWJTHM-UHFFFAOYSA-N,-10.75
351548::JZVGJCJOXIONNM-UHFFFAOYSA-N,-11.39
351549::HYOURUDRVAZLAG-UHFFFAOYSA-N,-10.17
351550::QOEMXTGSYTXSBD-UHFFFAOYSA-N,-12.03
351551::ZTUNVYDNGSGYLT-UHFFFAOYSA-N,-9.627
351552::BTGGKWOJEKOLEQ-UHFFFAOYSA-N,-10.64
351553::ZQCZQQPQOHFPCA-UHFFFAOYSA-N,-11.78
351554::VDNKDMALAXYLFZ-UHFFFAOYSA-N,-9.903
351555::ZEIOSBCSTUSZSU-UHFFFAOYSA-N,-17.55
351556::AVADFQHEIADTFF-UHFFFAOYSA-N,-10.08
373698::BTIIVZRTAZXKHX-UHFFFAOYSA-N,-12.26
373704::KVMBBUXCOHWOBJ-DHIUTWEWSA-N,-9.36
373705::KVMBBUXCOHWOBJ-WTQRLHSKSA-N,-13.34
373708::KVMBBUXCOHWOBJ-GOTSBHOMSA-N,-16.73
373709::KVMBBUXCOHWOBJ-XZOQPEGZSA-N,-14.22
373714::CNTYSAQKPONNER-UHFFFAOYSA-N,-9.317
373717::ZPSWYIUCRQOXDP-UHFFFAOYSA-N,-10.42
373722::FCVXPCQHDKWFDB-UHFFFAOYSA-N,-9.642
376978::QNASGLOSLGUVJL-BWAMLYQTSA-N,-13.32
376981::YVHXQRMYSCGHHI-UHFFFAOYSA-N,-13.1
376982::WLUQXMUQTUSNQU-UHFFFAOYSA-N,-11.61
376984::DJYATPHHHLNWAW-OTOKDRCRSA-N,-10.77
376990::DVJFZHPFZJTTAE-UKRRQHHQSA-N,-10.56
376991::VTYXHVBTYQEMQD-RDTXWAMCSA-N,-10.13
378885::YHVHYWYQEFELOW-HZCBDIJESA-N,-12.81
378887::LQSGDXCDNZWTJN-UHFFFAOYSA-N,-11.85
417095::WHWCDPNFKYPGLX-CQSZACIVSA-N,-13.09
417099::ISGCONBGMBZTBY-PSCVZVROSA-N,-11.81
417102::LJPLFVMTTSZANM-UHFFFAOYSA-N,-12.24
417103::CDYJEXHUNHAFCV-UHFFFAOYSA-N,-13.96
417105::JRJJWQAWVFEJHN-QGZVFWFLSA-N,-12.32
417111::QPRWSDJDCLWFBD-GUYCJALGSA-N,-11.54
417112::YEEJNCDOAQYNAH-LIRRHRJNSA-N,-9.524
450875::XNQWZHLNMCVUGP-UHFFFAOYSA-N,-9.136
471590::IJKYTLFDLUSRSJ-SGRGSNTQSA-N,-12.47
471591::IVBJRBFTTSFLEL-UHFFFAOYSA-N,-12.71
471592::UTEBIAARMJMFTP-HXUWFJFHSA-N,-12.32
471593::CIJBMAVGEQAUFG-UHFFFAOYSA-N,-14.25
471594::IDQNCHCNBVCUHC-DEOSSOPVSA-N,-16.16
471595::ZRVSNTHEJAEBPX-UHFFFAOYSA-N,-14.01
471596::YZQDBWXUDUMPDB-UHFFFAOYSA-N,-12.71
471597::FXWPQOUICUZLQL-UHFFFAOYSA-N,-12.2
471598::UBVNZFYGRMRQBW-UHFFFAOYSA-N,-13.04
471599::PQHWOPVEQRGKDE-UHFFFAOYSA-N,-12.8
471600::OZUTVNCMEXTUSJ-DEOSSOPVSA-N,-10.94
471601::WHVYGFFHRSIWJX-UHFFFAOYSA-N,-34.92
471602::UVCRUPLTNLNJDD-DEOSSOPVSA-N,-14.46
471603::MDETYADVGPGFDK-UGKGYDQZSA-N,-19.69
471604::MGBJUGCCYZJVGR-QHCPKHFHSA-N,-16.33
471605::TXCQCMLMNBGYGD-QHCPKHFHSA-N,-14.25
471606::AQJDDFRQEZZVKP-UHFFFAOYSA-N,-17.75
471607::ZLTFASVQAZRPFR-UUOWRZLLSA-N,-13.97
471608::MIBKJUHJDKQUKH-IUTQVRIDSA-N,-14.23
471609::XXPUXVSLXRNZFH-UHFFFAOYSA-N,-12.56
471610::KHOPHRHAXOWMRK-UHFFFAOYSA-N,-14.46
471611::FXGTVDHLZGHHIJ-UHFFFAOYSA-N,-11.95
471613::SVADEPXNDKFAGJ-YADARESESA-N,-11.35
471614::PNSDGFBORXQSHA-UHFFFAOYSA-N,-11.52
471615::IDQNCHCNBVCUHC-UHFFFAOYSA-N,-16.9
471616::IDQNCHCNBVCUHC-DEOSSOPVSA-N,-14.07
471617::SDEAXTCZPQIFQM-UHFFFAOYSA-N,-11.43
474105::XZAATUBTUPPERZ-UHFFFAOYSA-N,-11.2
50007744::CQZRHVILVDPGCV-UHFFFAOYSA-N,-9.344
50007745::WDQXCAKHPJSZET-OWOJBTEDSA-N,-10.43
50012070::VCMMXZQDRFWYSE-UHFFFAOYSA-N,-7.922
50020165::BYSPSKYBWHPEJW-UHFFFAOYSA-N,-12.24
50020471::BTWVWABAWDKQNJ-UHFFFAOYSA-N,-12.67
50020476::SMOPKEHQPPXRSH-UHFFFAOYSA-N,-13.45
50030375::PILNXPUSWCNKOU-UHFFFAOYSA-N,-5.92
50030376::BGPAHUNSGVWHIG-UHFFFAOYSA-N,-8.898
50030377::JPDVCJYBXBQWPC-MUUNZHRXSA-N,-5.16
50030378::FOWBUFQXVVPKOE-AREMUKBSSA-N,-20.44
50030379::UIKHYQLSZPHCKO-UHFFFAOYSA-N,-9.969
50030380::BGPAHUNSGVWHIG-SANMLTNESA-N,-6.387
50030381::SWMGNCSEVSFTQH-SSEXGKCCSA-N,-15.75
50030382::DFGKFQWBYFTPQH-UHFFFAOYSA-N,-11.4
50030383::BGPAHUNSGVWHIG-AREMUKBSSA-N,-4.573
50030384::ULXXLCZMVVOIBI-UHFFFAOYSA-N,-6.205
50030385::RENFOOCUNGUUHO-HSZRJFAPSA-N,-5.746
50030387::RENFOOCUNGUUHO-UHFFFAOYSA-N,-5.09
50030388::SBDHHGPMARTGSE-UHFFFAOYSA-N,-6.984
50030389::RENFOOCUNGUUHO-QHCPKHFHSA-N,-5.594
50033377::YGVOTPAIXFJINL-AFPJDJCSSA-N,-10.59
50033378::GYFJBUOSPWKVQK-GATIEOLUSA-N,-13.39
50033379::RFXHNJBBKBSDIB-GRKMDYAMSA-N,-11
50033382::UNTXLEZCEUSPFP-RAFOXNIDSA-N,-15.19
50033386::DKOJJTJTHLDNCA-APSNUPSMSA-N,-14.24
50033388::CPKOOPNFOWNEFT-UKWGHVSLSA-N,-12.14
50033390::DJAMFWBXWBHEQD-YVNNLAQVSA-N,-13.61
50036678::SMPHSAOFBCCNMS-DJKKODMXSA-N,-9.194
50036682::VUUXIIIZODMBCO-UHFFFAOYSA-N,-6.896
50036685::LSTSYXGQPRASQW-MKMNVTDBSA-N,-10.22
50036690::PWAFUGMDLMAVBQ-CAOOACKPSA-N,-10.3
50036692::YKKHGAQJLNLGMM-VZUCSPMQSA-N,-10.94
50036701::MUFCOBQTESUAKV-WUXMJOGZSA-N,-9.03
50036704::IOIKLYGLEHRULX-VZUCSPMQSA-N,-8.273
50039650::GDUOSVIOUNAARR-UHFFFAOYSA-N,-8.958
50039651::PWPSIWFFYVGDHO-UHFFFAOYSA-N,-8.983
50039654::WMECTFBVYBAOOF-UHFFFAOYSA-N,-8.974
50039655::HBXDLZBPKJEWHZ-UHFFFAOYSA-N,-8.85
50054654::OYCSOHYBEPDQKO-UHFFFAOYSA-N,-10.47
50057300::VLRCFULRQZKFRM-KQYNXXCUSA-N,-6.695
50061709::KZNGPZVIURSTQL-UHFFFAOYSA-N,-10.32
50061711::JAIWPTBQSVSBST-UHFFFAOYSA-N,-8.94
50065271::UGWOQEABVJFWIV-WQRHYEAKSA-N,-12.51
50065272::ZGCKMTQNGWQKEN-CLFYSBASSA-N,-8.196
50065273::FEISFUIEFYIRAS-FLIBITNWSA-N,-8.715
50065274::WIWNKOJNZFTMRN-FLIBITNWSA-N,-8.552
50065276::YKIYMEVKKILHAK-JXAWBTAJSA-N,-11.34
50065277::DVKIICSQTRTPIE-BOPFTXTBSA-N,-10
50065278::CVNRNJTZYYQYLI-DHDCSXOGSA-N,-10.53
50065279::CWXPHBALXZAFCS-TWGQIWQCSA-N,-8.786
50065280::FWFISWZSIAJQSO-LGMDPLHJSA-N,-9.881
50065281::YILTUWKDVMACDH-LCYFTJDESA-N,-10.32
50065282::LIRKGVXMEOVEPG-GHXNOFRVSA-N,-10.08
50065283::FRFBYLIZAQERFO-WQLSENKSSA-N,-13.46
50065284::GWLUGYITWVGWFU-UHFFFAOYSA-N,-10.44
50065285::XEFHBSLLSUQSHE-ZROIWOOFSA-N,-11.5
50065286::CCFZIYLSHQCVQI-ZROIWOOFSA-N,-10.04
50065287::UUKMQWDTHJLSMU-WDZFZDKYSA-N,-9.365
50065288::ODBURYRLZZGLFM-WQLSENKSSA-N,-9.682
50065289::VRMXPMBMTRWBBB-ZROIWOOFSA-N,-14.23
50065290::GOJTWENDGDLCOU-AQTBWJFISA-N,-12.16
50065291::RDCSKHKMKUBCAJ-UKTHLTGXSA-N,-8.56
50065292::KRYNNRXFWOEDRQ-JYRVWZFOSA-N,-9.932
50065293::DNHCCOIAADOQFR-HMMYKYKNSA-N,-9.675
50065294::GWWWFPNOJLCQSC-PTNGSMBKSA-N,-9.214
50065295::MFRZHGSWQHNIEA-LCYFTJDESA-N,-9.839
50065296::SOHLANGNFXOOEF-UVTDQMKNSA-N,-8.889
50065297::IRQQWCZKCUQNSO-LFIBNONCSA-N,-9.481
50065298::LOKIDPYAWKSLHG-DHDCSXOGSA-N,-10.08
50065299::BWIHZZBWTTUUMW-WQRHYEAKSA-N,-11.28
50065300::WSUCIBGSTGQSRL-XFXZXTDPSA-N,-8.363
50065301::PGZGBDVILWVGSF-DHZHZOJOSA-N,-8.605
50065302::JFVLMRYDPQMRFA-XFFZJAGNSA-N,-10.16
50065303::HKJUJLRPOAIDLV-ZROIWOOFSA-N,-9.196
50065304::PLAOAGFXNCEZMZ-LCYFTJDESA-N,-10.52
50065305::INAOSTJXLBNFMV-LCYFTJDESA-N,-9.318
50065306::ZNFJBJDODKHWED-AQTBWJFISA-N,-10.58
50065307::OHYZPHUXMLDXTQ-NVMNQCDNSA-N,-10.49
50065308::PMUJUSJUVIXDQC-LCYFTJDESA-N,-9.466
50065309::DWJWWZSAYOTJGO-XYOKQWHBSA-N,-8.712
50065310::VBZGAESQTIHMPD-BOPFTXTBSA-N,-10.11
50065311::RSEXIUPHAVGKPO-GHXNOFRVSA-N,-11.79
50065312::KBPBXFBACWNRGQ-LGMDPLHJSA-N,-10.38
50065313::NWSAURDZWOHHFM-AUWJEWJLSA-N,-10.77
50065314::GPIVAXYAJQADBC-LGMDPLHJSA-N,-10.24
50065315::TUNFCKFZFPSXAU-VBKFSLOCSA-N,-9.958
50065316::NQKLYDSSGXCLDH-UVTDQMKNSA-N,-9.231
50065317::SYFAEBVHHBJQER-XFFZJAGNSA-N,-9.394
50065318::WBDQHTACMQEIFX-PTNGSMBKSA-N,-10.24
50065319::ONXUHKXDKGXHFK-WDZFZDKYSA-N,-8.465
50073941::LOOADDNERSICKU-UHFFFAOYSA-N,-10.83
50073942::XVYFFLKPJMPMPH-UHFFFAOYSA-N,-14.06
50073943::XJKWUSYIOHJDIM-UHFFFAOYSA-N,-12.65
50077231::HIONRJFCDLKILS-UHFFFAOYSA-N,-9.315
50077232::YJJIOYPSLPQCAL-UHFFFAOYSA-N,-11.07
50077233::YGFCGWOZJQMOOG-UHFFFAOYSA-N,-10.1
50077234::HRLHWOFWUMHHIP-UHFFFAOYSA-N,-8.552
50077236::ZQAIYVKPDMZOOX-UHFFFAOYSA-N,-9.529
50077240::XHVDNUGMYNEUDS-UHFFFAOYSA-N,-10.84
50077241::CIGSBJHMSOROSY-UHFFFAOYSA-N,-9.077
50079565::AVMUXOWCRXLJPW-UHFFFAOYSA-N,-11.79
50082539::WFVYENBQHIIIQE-UHFFFAOYSA-N,-8.276
50087066::VHRIFFSWPSMYNR-UHFFFAOYSA-N,-10.19
50087069::WUTKDVWWIGSHGA-UHFFFAOYSA-N,-9.898
50087071::FNDAEXWGUUPCOX-UHFFFAOYSA-N,-9.68
50087072::FHHOEGKZVIYWLM-UHFFFAOYSA-N,-10.04
50087073::RSAVYUKMYLHWGE-UHFFFAOYSA-N,-10.68
50087076::AHRFAYIIMKQRQN-UHFFFAOYSA-N,-9.356
50087077::DTKYOILJQJQIHX-UHFFFAOYSA-N,-9.801
50087082::DWKWPKBAUKFSKF-HWKANZROSA-N,-9.859
50095273::JFCHPYHJJFGZSB-UHFFFAOYSA-N,-11.45
50095952::QZIQXTJSJONATN-ZCUDWAKFSA-N,-10.28
50099959::DTDOKRXSUWPVDY-UHFFFAOYSA-N,-12.17
50099960::YILRBOLKDDWRKU-UHFFFAOYSA-N,-11.97
50099961::FKJCZRCJMVYSPV-UHFFFAOYSA-N,-11.03
50099962::QGFNHEXCTWPTLL-UHFFFAOYSA-N,-11.99
50099964::STIOXNKQSXTMJD-UHFFFAOYSA-N,-11.57
50099966::OITXPRQFNDGVOT-UHFFFAOYSA-N,-12.01
50099967::HSEFNFDMTWKPLM-UHFFFAOYSA-N,-12.02
50099968::HRXDZJIGRRYXTC-UHFFFAOYSA-N,-12.27
50099969::HKZADGIXTKBZTF-UHFFFAOYSA-N,-11.26
50099970::DIHYLNFJZYXPHB-UHFFFAOYSA-N,-12.31
50102247::NVSJOASGKCGXBZ-PMMKVRKUSA-N,-11.94
50102463::FXIJTKOHALGCSK-UHFFFAOYSA-N,-7.494
50102485::JFTJIDLBLONTOH-UHFFFAOYSA-N,-5.887
50102488::NZCFZYLWOZGILT-UHFFFAOYSA-N,-6.697
50102489::MXEAILACTROCRJ-UHFFFAOYSA-N,-8.126
50102490::NPGBELHVYUDFLP-UHFFFAOYSA-N,-9.819
50103526::KEBDTWIJQBZJTD-UHFFFAOYSA-N,-6.207
50103527::HLJXQHQCDQKSKB-UHFFFAOYSA-N,-7.674
50103528::VMPPAIQZJOHRHV-UHFFFAOYSA-N,-7.964
50103529::ZYYJHCQYLROBNC-UHFFFAOYSA-N,-11.92
50103530::GBGMVSCSSCQLIY-UHFFFAOYSA-N,-6.058
50103531::VYCYQJITXAJCMW-UHFFFAOYSA-N,-12.2
50103532::OSPYQHKLIVOIGI-UHFFFAOYSA-N,-4.835
50114250::FRQKYYNHZICJDA-UHFFFAOYSA-N,-12.17
50119071::OPYYYPKXOUKXEH-UHFFFAOYSA-N,-11.24
50119073::PNKFULCCPOFCJC-UHFFFAOYSA-N,-8.078
50119074::FODAAEGGNDJNFL-UHFFFAOYSA-N,-10.12
50122557::WOFIZAYJDLKJBI-ZZXKWVIFSA-N,-14.35
50122558::OYSSIBSGJAMGFJ-JXMROGBWSA-N,-11.19
50122559::QROTXBMVKQDLPG-ZZXKWVIFSA-N,-12.24
50122560::SNKBFOKVNBZMBE-VMPITWQZSA-N,-9.668
50122562::MSLIBSZZLAWHQM-UHFFFAOYSA-N,-8.402
50122563::KXQYGHZAGFHMDJ-ONEGZZNKSA-N,-10.43
50122564::USKFPOBBUSZDCR-OWOJBTEDSA-N,-11.31
50122565::NYRBHASTRFCNHY-UHFFFAOYSA-N,-10.79
50122566::OXGRVGJNLBMVAH-UHFFFAOYSA-N,-12.8
50122567::ABDIOQXDBJMGHB-QPJJXVBHSA-N,-8.902
50122568::TVFXIBINWPOVQP-ONEGZZNKSA-N,-11.55
50122569::HXKRMSOKTIQJRY-UHFFFAOYSA-N,-8.775
50122570::CCUWFRBLNGOQSJ-UHFFFAOYSA-N,-10.99
50122571::CFVOLTWOOMEMAM-DUXPYHPUSA-N,-8.476
50122572::PLQLHGCLAWKBJG-UHFFFAOYSA-N,-9.736
50122573::PBDJWRUCRSLDEM-UHFFFAOYSA-N,-12
50122574::OEDJWFCIVDMVRU-SNAWJCMRSA-N,-11.18
50122576::XXOLFZCJKCTSFL-ZZXKWVIFSA-N,-16.84
50122577::YSDJJHLEMPHMFB-UHFFFAOYSA-N,-11.58
50122578::XVHPHLVYCRDHSU-UHFFFAOYSA-N,-9.774
50122579::SKHNDANTAUGBJJ-UHFFFAOYSA-N,-9.125
50122580::FZGMFMLMNGWHRX-UHFFFAOYSA-N,-12.89
50122581::VTUZXOFBDITYJD-RMKNXTFCSA-N,-12.69
50122582::MXBVVVDUUIDCNR-UHFFFAOYSA-N,-9.055
50122583::HKLOKSUROGEMSK-UHFFFAOYSA-N,-8.795
50122584::NASQXHHMCASBFI-QPJJXVBHSA-N,-9.615
50122585::RAKHHLWOXRVOCS-NSCUHMNNSA-N,-9.831
50122586::WPNUYJGYQVXMPI-HWKANZROSA-N,-12.78
50122587::LQJFAOUCESCUCC-VMPITWQZSA-N,-10.58
50122588::JWORJWFEXVTKPW-UHFFFAOYSA-N,-8.446
50122589::BYEZGHDYNSABOZ-VOTSOKGWSA-N,-14.07
50123803::VBYMFAOTZHNONG-UHFFFAOYSA-N,-8.726
50130358::GHGGSEOJMIIUDQ-UKTHLTGXSA-N,-8.869
50130359::KRENYFOTHGXVJG-LURJTMIESA-N,-7.229
50130360::ZJKWJHONFFKJHG-UHFFFAOYSA-N,-5.983
50132489::JCMIPNLNEAFFHI-UHFFFAOYSA-N,-11.4
50132491::HTNWEOHOYGRLPU-UHFFFAOYSA-N,-11.06
50132492::LRCDTAPSEBUEOO-UHFFFAOYSA-N,-13.5
50132493::DEXIJEFBJFUCPN-UHFFFAOYSA-N,-9.763
50132494::HVRYIRJKLABXOI-UHFFFAOYSA-N,-12.7
50132495::XEWDTZOOQNFSOM-UHFFFAOYSA-N,-11.43
50132496::TZBMPCSTFWCCIU-UHFFFAOYSA-N,-10.27
50132497::XAKLZFYPIQVZMO-UHFFFAOYSA-N,-12.98
50132498::JGCYWQUYTPYNRI-UHFFFAOYSA-N,-9.862
50132499::YRNJBFWSGJXXBX-UHFFFAOYSA-N,-9.714
50132500::XUJGWUNUPCSKNE-UHFFFAOYSA-N,-10.59
50132501::ZZPJUIRSEQUVBV-UHFFFAOYSA-N,-15.57
50132502::FSOJETPJLCRYOH-UHFFFAOYSA-N,-14.66
50132503::STQXJADJAGHYFB-UHFFFAOYSA-N,-10.63
50132504::RTBZZZASZOKFFS-UHFFFAOYSA-N,-10.85
50132505::MUGLOCWLMWYPOS-UHFFFAOYSA-N,-10.98
50132506::LPTUQUIXMYJCLI-UHFFFAOYSA-N,-12.87
50133382::AWAYNEMCHILZCF-UHFFFAOYSA-N,-11.5
50133384::NFBCSWGEYDCCDW-UHFFFAOYSA-N,-9.344
50134226::XRWHSRBIHREGDO-UHFFFAOYSA-N,-10.23
50134236::KTIOIWKPYJUSTA-UHFFFAOYSA-N,-10.11
50134241::HZKRIAYPKCGAPE-UHFFFAOYSA-N,-10.37
50134252::OQCSFFGUVREAKY-UHFFFAOYSA-N,-9.799
50134253::RJQSBCKLTGILQO-UHFFFAOYSA-N,-10.29
50134254::ANSWUIBOAMGTKA-UHFFFAOYSA-N,-10.93
50134255::GTTKYEXGNWQYRL-UHFFFAOYSA-N,-9.009
50134256::KNPKMRVTWSOBDS-UHFFFAOYSA-N,-9.243
50134257::AMGFBSMVLAHKRN-UHFFFAOYSA-N,-10.72
50134258::DMMPWCJPEZQOPE-UHFFFAOYSA-N,-10.18
50134259::WUZJUVCMTGFTDE-UHFFFAOYSA-N,-10.12
50134260::JNBDLDLZBBRMKI-UHFFFAOYSA-N,-17.64
50134261::WXFJAWWXWDNJPZ-UHFFFAOYSA-N,-10.57
50134262::IGJWJUSLCTWOTR-UHFFFAOYSA-N,-10.02
50134263::UWERUQQBFCQSFI-UHFFFAOYSA-N,-10.69
50134264::RACDIYVVIGQFAY-UHFFFAOYSA-N,-12.48
50134265::VNZISEQYSUOOCP-UHFFFAOYSA-N,-8.433
50134266::NPLNGNUAEBHRJI-UHFFFAOYSA-N,-10.29
50134267::QIZIADMZXFUUMW-UHFFFAOYSA-N,-9.68
50134268::PYKAVGMHBXWHKV-UHFFFAOYSA-N,-8.993
50135286::ZEHBZHZMQSHZFI-UHFFFAOYSA-N,-13.41
50141642::LJBBRTULKIXLKU-UHFFFAOYSA-N,-9.625
50141647::JCYJEGMUKHOEDZ-UHFFFAOYSA-N,-9.172
50141653::CVENWNABVTUKRE-UHFFFAOYSA-N,-5.809
50141657::RMKXHEPYDGCAAP-UHFFFAOYSA-N,-7.78
50141659::KEHGPMVXFROKID-UHFFFAOYSA-N,-9.438
50141660::JSZHVUIZGLCBJP-UHFFFAOYSA-N,-8.292
50141662::PYGMGVZVGQYEGF-UHFFFAOYSA-N,-9.247
50141665::QQUJEUGNKCSQPP-UHFFFAOYSA-N,-8.539
50141667::OBPBWDICVLAZAK-UHFFFAOYSA-N,-9.646
50141668::LRPVMNFUGWCSFJ-UHFFFAOYSA-N,-9.577
50141669::XLSRHUQCTDISSD-UHFFFAOYSA-N,-7.301
50141670::WRTRKQNELWWYGA-UHFFFAOYSA-N,-6.019
50141671::IUODVBYYCGATTD-UHFFFAOYSA-N,-7.887
50141940::LYTFKJLREPIGGC-UHFFFAOYSA-N,-9.679
50142027::CPSNDIISTKABIL-UHFFFAOYSA-N,-9.836
50142028::XXKKLMVAVKRRTQ-UHFFFAOYSA-N,-9.654
50142029::RULQLIYSPUITNW-UHFFFAOYSA-N,-9.73
50142030::FUHKGVKQAGCDHW-UHFFFAOYSA-N,-9.885
50142031::HMOPMHCEXHHXEM-UHFFFAOYSA-N,-9.517
50142033::STJXUXNPVKFNLO-UHFFFAOYSA-N,-11.02
50142034::MLIIROXKDDZAQZ-UHFFFAOYSA-N,-10.91
50142035::APEHBMOICBLOJP-UHFFFAOYSA-N,-9.129
50142036::NSDAIDHIWWAWPP-UHFFFAOYSA-N,-9.453
50142037::XOJUWLRYTUGULU-UHFFFAOYSA-N,-9.469
50143216::YFPYQMFBXQUNHH-UHFFFAOYSA-N,-9.743
50146993::YYNURGNEOVXFOP-UHFFFAOYSA-N,-13.07
50146994::LAGOMBUWVFIOGF-UHFFFAOYSA-N,-11.51
50146995::ATEOIYJMIPIXFL-UHFFFAOYSA-N,-12.78
50146996::SONXKFRJLOFCTO-UHFFFAOYSA-N,-10.95
50146997::PPURPCBFUCBUMT-UHFFFAOYSA-N,-10.82
50146998::BHVRWHBURXJQCE-UHFFFAOYSA-N,-11.63
50146999::WDSCXVWICBGGBP-UHFFFAOYSA-N,-10.09
50147000::ILELYGJULOBWTL-UHFFFAOYSA-N,-15.81
50147001::GLDIGKHKFSWTRF-UHFFFAOYSA-N,-11.37
50147002::JRGVLAVWVKFVTO-UHFFFAOYSA-N,-11.83
50147003::ZCCCRESXCWSEMU-UHFFFAOYSA-N,-13.21
50147004::CAGIQISZZASCGO-UHFFFAOYSA-N,-10.73
50148690::SAMLUEXYGUANPP-UHFFFAOYSA-N,-10.62
50148692::BARFMAOTOPEJFY-UHFFFAOYSA-N,-10.21
50148694::NTPLIHVIDFWRGV-UHFFFAOYSA-N,-7.878
50150776::MQUDAGONIFHBJH-UHFFFAOYSA-N,-9.188
50150778::VRDYCFRZLGLDCE-UHFFFAOYSA-N,-1.425
50151366::PUNYTBZWCMNSRO-AWEZNQCLSA-N,-9.3
50154255::BWQQOASTOBPYOA-UHFFFAOYSA-N,-11.63
50154284::OTFQIRDSLHXCMT-UHFFFAOYSA-N,-14.75
50155801::HABJJBKAYOUYTJ-UHFFFAOYSA-N,-10.56
50155802::CFXVLHBHLPCFKI-UHFFFAOYSA-N,-11.21
50155842::NQQGDNBOZWWGMY-UHFFFAOYSA-N,-11.3
50156383::YXLQJZQRBVGUCM-ZVDOUQERSA-N,-11.53
50157305::FTDKWXYBRRFDHH-UHFFFAOYSA-N,-9.881
50157306::RWIQIXOKKRITPC-UHFFFAOYSA-N,-11.67
50157307::KWARNOGWLHQIKF-UHFFFAOYSA-N,-11.01
50157308::HMNQFOZPGCBNJL-UHFFFAOYSA-N,-10.32
50157309::JVBRYDUIZXYSDV-UHFFFAOYSA-N,-11.36
50157310::KAVQLSKBSJOJAR-UHFFFAOYSA-N,-9.317
50157324::SXHAJJSUWPCOGJ-UHFFFAOYSA-N,-11.63
50157358::MOSAREMUBHMKIV-UHFFFAOYSA-N,-14.41
50157364::FPVOGFVOUBMABC-UHFFFAOYSA-N,-11.64
50157385::ALCAVIPBOMZBAS-UHFFFAOYSA-N,-11.26
50157390::FFISLEBJBDWQBI-UHFFFAOYSA-N,-15.2
50157416::VCAXIBJZSZWZBM-UHFFFAOYSA-N,-12.99
50157422::ZMOJWHVXEPJUGU-UHFFFAOYSA-N,-11.07
50157426::MMNRWYHXYIKIBU-UHFFFAOYSA-N,-11.12
50157628::KJDKBIYPTUYYHT-ZCNNSNEGSA-N,-10.99
50157879::AECDBHGVIIRMOI-GRGXKFILSA-N,-10.46
50157881::UYHKCQAFCWYUAF-DSKINZAPSA-N,-12.79
50157901::KGMPHIGFGPMSLD-UHFFFAOYSA-N,-10.6
50157902::WVGOPAGMOGHXMZ-UHFFFAOYSA-N,-11.66
50157903::LDIRICACJZEUNH-UHFFFAOYSA-N,-10.96
50157904::ZMDBPJYOYRDINU-UHFFFAOYSA-N,-10.39
50157905::YDOSGCJDQXDSAQ-UHFFFAOYSA-N,-10.55
50157906::UKKJMFRHPMLFDC-UHFFFAOYSA-N,-10.17
50157907::NTSMYTABXGQELU-UHFFFAOYSA-N,-7.896
50157908::KACYYCYNVFVSAL-UHFFFAOYSA-N,-12.87
50157939::HWWXIZUVQNCATG-UHFFFAOYSA-N,-10.6
50157940::JUOKRSVRPCWHDD-UHFFFAOYSA-N,-10.18
50157941::QKOJPEXCCASSHF-UHFFFAOYSA-N,-8.577
50158429::LYOCYPVMXHFJAK-YFHMBBFDSA-N,-10.17
50159361::AYBXAEKBNVWBKD-GFCCVEGCSA-N,-9.123
50160871::FDMQDKQUTRLUBU-UHFFFAOYSA-N,-9.268
50161876::WHAIZABWYXHNPG-DHZHZOJOSA-N,-10.6
50161877::XOYJBTWSRNRWGI-DHZHZOJOSA-N,-10.22
50161878::DXPKZKIRPDLRJZ-RMKNXTFCSA-N,-10.8
50161880::RDZCSFHYEHBJON-VMPITWQZSA-N,-11.84
50161881::XGESIFJYTSFXBI-JXMROGBWSA-N,-10.45
50161882::DVSGFQOBLRVWCK-NTEUORMPSA-N,-9.565
50161883::YJFISNXQNZZQFP-DHZHZOJOSA-N,-13.41
50161884::FRHVWTKQTWRREX-RMKNXTFCSA-N,-14.35
50161885::JUXPIUCKZXFRKA-GQCTYLIASA-N,-13.22
50161886::YGQSKEDKNOJYBW-JXMROGBWSA-N,-10.2
50161887::MZVYVYXQVKSACU-AATRIKPKSA-N,-15.51
50161888::LPYSKYXLEUHMAA-DHZHZOJOSA-N,-10.37
50161889::HJOLBCDSMBNJFV-XYOKQWHBSA-N,-9.742
50161890::UTHCWAKCUYYOJY-AATRIKPKSA-N,-14.14
50161891::TZPIFYXBGQBABB-AATRIKPKSA-N,-14.55
50161892::GDOJCYYTUJELBC-MDZDMXLPSA-N,-8.044
50161893::BMTLFVUIPBHECG-FMIVXFBMSA-N,-11.84
50161894::OCOAWZRMFFUFOR-SNAWJCMRSA-N,-9.255
50161895::BQZMCLZHBMFQQD-AATRIKPKSA-N,-9.497
50161896::GASRAFPOGFLNOD-UHFFFAOYSA-N,-9.879
50161897::UCDGCUOHOAAMOX-JXMROGBWSA-N,-12.52
50161898::HBFLTOMPSWKWMR-RMKNXTFCSA-N,-10.34
50161900::CJOFPUIXYQYKPH-JXMROGBWSA-N,-10.7
50161901::FRQFIGQZHAECJO-FNORWQNLSA-N,-15.88
50161902::URLZPDCQQKRKNR-VZOQVYJPSA-N,-10.64
50161903::XWNXMJQZGQBBQD-JXMROGBWSA-N,-13.76
50161904::GLSOBAXGEXVXAA-DHZHZOJOSA-N,-11.68
50161905::FAEABHLBQFONPS-ZRDIBKRKSA-N,-13.06
50161906::SEBXYMBDVHCYBM-JXMROGBWSA-N,-18.38
50161907::QDGDKZPMYPEBOC-RMKNXTFCSA-N,-14.67
50161908::NERXPXBELDBEPZ-RMKNXTFCSA-N,-9.215
50161909::IITZAVGTWUTYHX-DHZHZOJOSA-N,-14.34
50161910::KTFFJRYMJYJAJY-DHZHZOJOSA-N,-11.79
50161911::ULMZSUGIZVDJDK-JXMROGBWSA-N,-12.98
50161912::QAKHEFALDLMWRF-SAPNQHFASA-N,-15.64
50161913::VZMNZEALGODQPC-JXMROGBWSA-N,-11.14
50161914::CAWAMBOTFXXXBZ-JXMROGBWSA-N,-10.31
50161915::YBXSDKSXXVAXIS-DHZHZOJOSA-N,-12.7
50161916::FDLNUHGKXIYPDA-DHZHZOJOSA-N,-10.49
50161917::WOAVUZPOSJDYLY-JXMROGBWSA-N,-9.388
50161918::HEWAOSRCHKDFBK-UHFFFAOYSA-N,-10.07
50161919::JSFBWAVHVHBINF-AELAXVIFSA-N,-10.88
50161920::VJBGCGWDTBHXQK-DTQAZKPQSA-N,-13.48
50161921::URLZPDCQQKRKNR-ZRFOIIEFSA-N,-14.68
50161922::NYRHVFBFQMTSLO-SOFGYWHQSA-N,-13.5
50161923::GMUFWWACMCRWGR-UHFFFAOYSA-N,-11.6
50161924::AAAAZQPHATYWOK-JXMROGBWSA-N,-10.82
50161926::DVUATEKKQZRNJW-RMKNXTFCSA-N,-13.09
50161927::UASPTJWQFPYJIQ-DHZHZOJOSA-N,-10.46
50161928::LCDBKVBITYDADF-DHZHZOJOSA-N,-10.43
50161929::QWQZKRUEXGQYOZ-DHZHZOJOSA-N,-8.831
50161930::VAEBOYGSUMEZLQ-SNAWJCMRSA-N,-8.918
50161931::BCVLPPYKGAHAMX-DHZHZOJOSA-N,-10.47
50161932::YMGSXLGOBDZXQH-AATRIKPKSA-N,-17.35
50161933::BIHVFACLXYTHDA-UHFFFAOYSA-N,-11.18
50161934::CBNJCHVHBCJGBE-RMKNXTFCSA-N,-18.44
50161935::VDXVVMLTFUWAMZ-VMPITWQZSA-N,-8.973
50161936::QWYNDGPXFFALKC-UXBLZVDNSA-N,-11.17
50161937::JSFBWAVHVHBINF-BKUMGXLKSA-N,-9.103
50161938::CFFCHXQRKUPYPT-FMIVXFBMSA-N,-10.98
50161939::CQJUFAUBDFYNPH-AATRIKPKSA-N,-14.1
50161940::AILSWWUTQDGMFN-JXMROGBWSA-N,-9.513
50161941::BMAOWXTVCYAPFY-JXMROGBWSA-N,-14.5
50161942::OZHWQXHMFVYGIW-VOTSOKGWSA-N,-12.51
50161943::MSNUOLHOXQPCSP-RMKNXTFCSA-N,-9.531
50161944::HLVUTYRQJVXXMA-AATRIKPKSA-N,-9.486
50161945::GFRRUJXUMZJUGB-DHZHZOJOSA-N,-10.95
50161946::PCAULTNLFAMHON-DHZHZOJOSA-N,-10.71
50161947::QIHBCJUYVFGGLJ-UHFFFAOYSA-N,-11.45
50161948::HLWNQNFLDPUOHI-MDWZMJQESA-N,-10.12
50161949::ZVJKJOPDVJJONM-JXMROGBWSA-N,-10.64
50161950::YDUHWIGPWFJEMF-NTEUORMPSA-N,-13.03
50161951::BJAGGLCSYNEXDA-DHZHZOJOSA-N,-13.03
50161952::YJDWLSMDQCVYOQ-JLHYYAGUSA-N,-8.917
50161953::QDRWCBFRDFJYSO-AATRIKPKSA-N,-16.62
50161954::IMDOIOFYKKBZEN-MDWZMJQESA-N,-11.56
50161955::XQMZYPWMBLSXOO-JXMROGBWSA-N,-11.77
50162160::NZYLXYBIWNIAGH-UHFFFAOYSA-N,-12.39
50165281::OENDJQYCPXNUJP-UHFFFAOYSA-N,-14.7
50165304::HCIBJWRRCCOAEZ-UHFFFAOYSA-N,-7.771
50165313::VJHQQVOFWCXUBZ-UHFFFAOYSA-N,-8.228
50165314::MCNAGVNOAQTXRV-UHFFFAOYSA-N,-9.228
50165315::HKCGVSYYAMBCJV-UHFFFAOYSA-N,-8.434
50166076::XKQNBVAZAFAZFL-FTCCNZMVSA-N,-10.7
50166077::QVJYGMLAIWRCFT-IHDYSDQQSA-N,-10.65
50166121::QSDUMEKQISKWQM-CULIEIDSSA-N,-10.73
50166350::ZEKIJJKMJBIZDL-UHFFFAOYSA-N,-11.07
50166569::IDTNHVSQAQYIPW-UHFFFAOYSA-N,-10.78
50166941::JGVSJOHBWPEWKW-UHFFFAOYSA-N,-8.554
50166942::UGWGOOAEFJICES-UHFFFAOYSA-N,-11.4
50166943::BULITYBNVIHSDM-UHFFFAOYSA-N,-9.947
50166944::MTXGVGJDJNQPCL-UHFFFAOYSA-N,-8.413
50166945::YXBJKXUKIDUKIH-UHFFFAOYSA-N,-12.4
50166946::WAZLQAVHYOQHHY-UHFFFAOYSA-N,-14.39
50166947::XJCBAYFIITUVDS-UHFFFAOYSA-N,-8.896
50166948::LYCJWVRLAGIQEB-UHFFFAOYSA-N,-12.06
50166949::UUAOWKSAEYOOIY-UHFFFAOYSA-N,-8.208
50166950::YDWRFDRHSNTINI-UHFFFAOYSA-N,-9.299
50168387::DSBPVMDUESDKNK-UHFFFAOYSA-N,-11.04
50168389::ITQSJZWWFWDOKJ-UHFFFAOYSA-N,-12.86
50168392::XYGDYCMPYIUPHS-UHFFFAOYSA-N,-11.21
50168402::FAYFMVHYNQOQRQ-UHFFFAOYSA-N,-13.05
50168403::BPXQYAXTDCQZHB-UHFFFAOYSA-N,-9.734
50169694::QKLKMSSJIUYOIB-UHFFFAOYSA-N,-7.363
50169696::SXKKJDFMAPGQSG-UHFFFAOYSA-N,-15.66
50169697::XYKNCRFMAKMJKI-UHFFFAOYSA-N,-12.57
50169699::IVNIGGUBKAEFHI-UHFFFAOYSA-N,-12.65
50169701::KHIJZOQIPUVEBP-UHFFFAOYSA-N,-9.991
50171249::NDHNEUUBLJKLCP-UHFFFAOYSA-N,-11.11
50171250::VQXONFAAUSCWAP-UHFFFAOYSA-N,-12.65
50171251::WWZJQIRRGMAENV-UHFFFAOYSA-N,-10.05
50171252::BUMADWVVVPZKNG-UHFFFAOYSA-N,-14.24
50171253::MKNGJNHUZSCTJU-UHFFFAOYSA-N,-11.8
50171255::URQBZIUFPRGLCE-UHFFFAOYSA-N,-10.26
50171256::DXHVWHPBMGIYNQ-UHFFFAOYSA-N,-11.48
50171257::NGKDXIDMJWVNHU-UHFFFAOYSA-N,-17.49
50171514::VBXDUSMRNQVJRO-UHFFFAOYSA-N,-10.27
50171515::BOTQXVZWXJGWAV-UHFFFAOYSA-N,-9.356
50171520::XDYCDXFDVOBDOO-ONEGZZNKSA-N,-11.25
50171877::WHZWIUHEEWZECR-UHFFFAOYSA-N,-10.46
50171878::XODLISJMYZQRRX-UHFFFAOYSA-N,-13.13
50171879::PJADTLKXGYODKV-UHFFFAOYSA-N,-9.365
50171880::XYGJPSHVCKGCKO-UHFFFAOYSA-N,-11.54
50171908::WUAZUOXCWOXJJP-UHFFFAOYSA-N,-9.794
50171909::CHBBYOIXEZCTDF-UHFFFAOYSA-N,-11.65
50171910::GSVZKVUECPSJDL-UHFFFAOYSA-N,-8.964
50171911::SYCYMWZFELUOFO-UHFFFAOYSA-N,-9.414
50171912::GHDLYUNTQJYIGQ-UHFFFAOYSA-N,-8.811
50171913::FXBZQEFBHYYPIF-UHFFFAOYSA-N,-11.78
50171914::KTXKGFHGOIKTLE-UHFFFAOYSA-N,-9.543
50171915::XNPBVLWYKQZCCY-UHFFFAOYSA-N,-10.66
50171916::FSRMUDDPGLEQSI-UHFFFAOYSA-N,-20.53
50171917::RJJLWCAGCDVRBE-UHFFFAOYSA-N,-9.316
50171918::ZTFLPLUQKZDWQE-UHFFFAOYSA-N,-10.76
50171919::DKDVAKLTCAGCOZ-UHFFFAOYSA-N,-10.61
50171950::AIVRNQLIHRYIBB-UHFFFAOYSA-N,-9.935
50171954::QXBBWXNHVHJSBC-UHFFFAOYSA-N,-9.796
50171955::IXEYRVNJMLKDSE-UHFFFAOYSA-N,-9.107
50171956::ONRWTAOPQXIJBJ-UHFFFAOYSA-N,-10.43
50171957::HWZKUDPVOFVABK-UHFFFAOYSA-N,-16.55
50171958::KPOWUQIMHGWQLY-UHFFFAOYSA-N,-11.04
50171959::AHIUTLRONNLURJ-UHFFFAOYSA-N,-9.021
50171960::WSTBLMCKOCVKHH-UHFFFAOYSA-N,-10.62
50171961::VLQWKBJABCENOH-UHFFFAOYSA-N,-22.76
50171962::ZWNCQIXWOVNQET-UHFFFAOYSA-N,-11.95
50171963::TUOAPNJJVOHHOI-UHFFFAOYSA-N,-9.394
50171964::MBMAILZVMBYPRI-UHFFFAOYSA-N,-10.13
50171965::NGGPOIUATFTCNX-UHFFFAOYSA-N,-9.791
50171966::JRRBFBKACYJFKD-UHFFFAOYSA-N,-9.638
50171967::FPTALKMKVJRZRL-UHFFFAOYSA-N,-22.82
50171968::KCRPGGNYGKRTRF-UHFFFAOYSA-N,-14.41
50171969::DYSPBKSWPGPRBB-UHFFFAOYSA-N,-12.01
50171970::HXQGOXYMNOCPIV-UHFFFAOYSA-N,-10.49
50172007::HYAOSZCIKQDSNH-UHFFFAOYSA-N,-9.932
50172008::HDTUBNQMTYLVSV-UHFFFAOYSA-N,-12.39
50172018::FKTDPTZOFGBLDH-UHFFFAOYSA-N,-9.993
50172056::OGWFAERQSXEIRH-UHFFFAOYSA-N,-12.32
50172057::JHORFMWVOBDQIU-UHFFFAOYSA-N,-13.62
50172492::PGQWALGGBUYLQF-UHFFFAOYSA-N,-11.07
50174539::RXSZUVQJEAVKRW-ATMGAIRJSA-N,-9.043
50174540::VEVHOMZSENWUED-UHFFFAOYSA-N,-8.319
50176000::OAVQAUQHQJNYKR-UHFFFAOYSA-N,-9.152
50178152::WVTZAXXUQNHGQF-UHFFFAOYSA-N,-12.38
50178154::MVRKXURTIJFBPH-UHFFFAOYSA-N,-10.55
50179493::OISUOPIGXVGIBE-UHFFFAOYSA-N,-10.13
50179494::JHRFCGXRLWMAKU-UHFFFAOYSA-N,-9.203
50179497::GUJCOZPKOPABIC-UHFFFAOYSA-N,-9.412
50179499::XDUMFDDLQURJLV-UHFFFAOYSA-N,-10.43
50179500::NGEDWBUXLPGYBW-UHFFFAOYSA-N,-9.574
50179508::PPRJOMHKRXELRQ-UHFFFAOYSA-N,-9.213
50179509::YPWGXALFLMAGJH-UHFFFAOYSA-N,-9.439
50179510::JPUXGMPWGVEAMX-UHFFFAOYSA-N,-10.37
50179511::WVXFPLPIKDKMON-UHFFFAOYSA-N,-13.23
50179512::HAQCJWCZBZBVHO-UHFFFAOYSA-N,-10.62
50179513::HNTRYOBVOOQKFI-UHFFFAOYSA-N,-9.698
50179516::GBYAVSVYSJQDNZ-UHFFFAOYSA-N,-11.1
50179517::VXROMVYZCFBGLT-UHFFFAOYSA-N,-11.64
50179518::LXVQPXNSHGAJCM-UHFFFAOYSA-N,-10.73
50179519::LGBSKUTVIKIYQF-UHFFFAOYSA-N,-9.461
50179520::OBDIAJMTIKZKPR-UHFFFAOYSA-N,-11.31
50180301::JPPCGDGMQGJGQK-UHFFFAOYSA-N,-9.085
50180302::SUPVGFZUWFMATN-UHFFFAOYSA-N,-7.599
50180303::DLZALBVCWWQWAJ-UHFFFAOYSA-N,-9.835
50180304::IQOUGKPSADGLPZ-UHFFFAOYSA-N,-7.636
50180305::BZOAIOKTNVREBR-UHFFFAOYSA-N,-8.265
50180306::MWGWLDJLENCVRQ-UHFFFAOYSA-N,-8.149
50180308::WGCZSSWSEAXTCL-UHFFFAOYSA-N,-9.87
50180309::NANFVDQWIFFKGJ-UHFFFAOYSA-N,-7.426
50180310::QGPOJWKORWNCCI-UHFFFAOYSA-N,-8.579
50182689::OMYOVWAUIIJSPG-UHFFFAOYSA-N,-9.548
50182695::RHNCTEJANSMRNV-UHFFFAOYSA-N,-9.92
50182891::KHQLMFFPQINCMZ-UHFFFAOYSA-N,-29.75
50182892::KLTQGAMYJOKNCI-UHFFFAOYSA-N,-17.17
50182893::KLYDITFOXCQQER-UHFFFAOYSA-N,-16.15
50182894::IARDESHMMYHYBU-UHFFFAOYSA-N,-11.05
50182895::BIMWWEYHEVYXDA-UHFFFAOYSA-N,-12.05
50182896::XQWATEKYOOFROO-UHFFFAOYSA-N,-11.49
50182897::IWKYADYEFPLAEG-UHFFFAOYSA-N,-11.37
50182898::SMSOSQRBSNFBDH-UHFFFAOYSA-N,-13.07
50182899::FSIMWMZEBKRAMX-UHFFFAOYSA-N,-12.65
50182900::WRXRFFUVXFNKGG-UHFFFAOYSA-N,-12.97
50182901::HPHUGTTXFHEACH-UHFFFAOYSA-N,-11.29
50182902::DRTZXIIFBAIOBW-UHFFFAOYSA-N,-11.22
50182903::QTJJFCPBQRQZAR-UHFFFAOYSA-N,-12.74
50182904::KOKYNLBDBNLOPA-UHFFFAOYSA-N,-11.06
50182905::YKQCCMOWWKAYOX-UHFFFAOYSA-N,-10.34
50182906::XCIKLSSUHGYTCI-UHFFFAOYSA-N,-10.37
50182907::UZGXHZBWNFJHQD-UHFFFAOYSA-N,-10.5
50182908::KJDFHCUXSFQUTK-UHFFFAOYSA-N,-11.21
50182909::QCSMBZIRYHZMOU-UHFFFAOYSA-N,-14.06
50182910::PTARQPWAPBTGAG-UHFFFAOYSA-N,-12.16
50182911::KIUAMDPDOOLKMH-UHFFFAOYSA-N,-9.666
50182912::KOOYTOMPIPMGEP-UHFFFAOYSA-N,-11.76
50182913::CNRXAYAWNNSNLT-UHFFFAOYSA-N,-12.24
50182915::IJCQFRPHONNGRV-UHFFFAOYSA-N,-12.13
50184276::RLDJDBCCYQMCLV-UHFFFAOYSA-N,-12.56
50188455::YJPDSCHNEKNQAA-UHFFFAOYSA-N,-9.57
50188456::MBAKBFMFUHKHAN-UHFFFAOYSA-N,-10.07
50188457::ZLJXNOJTRKIARN-UHFFFAOYSA-N,-9.437
50188458::GBANDHWBCXOTHA-UHFFFAOYSA-N,-10.61
50188459::ZCKFRMIUXBQEAX-UHFFFAOYSA-N,-10.39
50188460::ONOZVTJDHKAIOL-UHFFFAOYSA-N,-10.38
50188461::YGKHBSOOIDIVBR-UHFFFAOYSA-N,-10.08
50188462::FAZUHUXMTHLPAZ-UHFFFAOYSA-N,-9.643
50188463::SFZSLQNVKFDVLY-UHFFFAOYSA-N,-9.987
50188464::IWBVCRRXSCJLQC-UHFFFAOYSA-N,-9.645
50188465::ZXLPAHMADMWUCE-UHFFFAOYSA-N,-9.792
50188466::UERRLLRAXBKLET-UHFFFAOYSA-N,-9.304
50188467::NFRDLORGBPIOJT-UHFFFAOYSA-N,-10.15
50188468::XHZBOSUWEVHTOZ-UHFFFAOYSA-N,-11.81
50189105::RRURVOSFXQLYQR-UHFFFAOYSA-N,-11.99
50189106::NVTIQCRSEMKCEN-UHFFFAOYSA-N,-13.51
50189107::RMPVKBBFQRDYJT-UHFFFAOYSA-N,-12.14
50189108::HTIFVTQSFKUCDX-UHFFFAOYSA-N,-14.47
50189109::BHZWACACNOOTKB-UHFFFAOYSA-N,-12.11
50189110::CJGPKVRBUPRPTR-UHFFFAOYSA-N,-15.78
50189111::SOFMGJHORUKREC-UHFFFAOYSA-N,-11.5
50189112::ZZOFSNIYKIWAIB-UHFFFAOYSA-N,-26.41
50189113::QLLLIGGXRUNRDR-UHFFFAOYSA-N,-12.8
50189114::AZDCMGDGNHSVCZ-UHFFFAOYSA-N,-12.88
50189115::HBNMFZZQCIPDOK-UHFFFAOYSA-N,-10.66
50189116::PMNXVLOADVXDDY-UHFFFAOYSA-N,-16.91
50189117::JGUKCUUOQNQOBB-UHFFFAOYSA-N,-17.32
50189118::HMLZGBGVRSDTPO-UHFFFAOYSA-N,-13.42
50189120::NAHPEMQMXDXGBZ-UHFFFAOYSA-N,-10.33
50189121::NXQXZOZVAHCESP-UHFFFAOYSA-N,-12.23
50189122::JZWRJCKVZCYRLF-UHFFFAOYSA-N,-13.35
50189123::BDCAOKLPNVNFEL-UHFFFAOYSA-N,-11.58
50189124::RZEMPBRXCDBLDH-UHFFFAOYSA-N,-11.06
50189125::AERGSELXAOHCKG-UHFFFAOYSA-N,-14.33
50189126::IRPQLCLTIKGBTQ-UHFFFAOYSA-N,-11.74
50189127::LOWIJALPIWAMBK-UHFFFAOYSA-N,-11.14
50189128::JLBVWHHVKVXOOR-UHFFFAOYSA-N,-11.31
50189603::CUPLTRAPYIXFAX-UHFFFAOYSA-N,-11.65
50189787::BAWZESLJEVSFRN-OAHLLOKOSA-N,-12.54
50190725::LRXHBDUMXINFMM-UHFFFAOYSA-N,-12.74
50190726::KRZUYDHNTSGCKX-UHFFFAOYSA-N,-10.49
50190727::ATRQYYQRKRQPJP-UHFFFAOYSA-N,-10.15
50190728::UXPURPRPVSKBPC-UHFFFAOYSA-N,-11.39
50190729::WGYFFABRRMMMFS-UHFFFAOYSA-N,-12.18
50190730::KEGSHKNUFZQPHG-UHFFFAOYSA-N,-12.11
50190731::YNPXWNQBZQDHOP-UHFFFAOYSA-N,-11.88
50190732::DQSGJJVIERVHHA-UHFFFAOYSA-N,-10.77
50190733::VCFABRFLWPSRSF-UHFFFAOYSA-N,-14.54
50190734::CBBJKEWGUCYSAO-UHFFFAOYSA-N,-15.1
50190735::UUBGEOAHQOBCDH-UHFFFAOYSA-N,-11.57
50190787::HVDZCCXJWIROKH-UHFFFAOYSA-N,-10.48
50190792::OQMRHQNPXVSUBR-UHFFFAOYSA-N,-9.485
50190799::OSYFQPJNLCUQEU-UHFFFAOYSA-N,-13.72
50190800::IZTHTJXMNUPBNG-UHFFFAOYSA-N,-10.73
50190801::RGPPENXNCJVEBN-UHFFFAOYSA-N,-11.12
50190802::KWIJFVWUCXSFKE-UHFFFAOYSA-N,-10.21
50190803::PBSHQQJKKJPYHE-UHFFFAOYSA-N,-9.14
50190806::HXJTXNQQLJWMEZ-UHFFFAOYSA-N,-15.51
50190807::MLUJQJKMFNMWBV-UHFFFAOYSA-N,-15.29
50191475::ASXBFKMZPZRWDW-RMKNXTFCSA-N,-12.57
50191476::PWLHYVUELGJGPD-QPJJXVBHSA-N,-24.03
50191477::YOLVGSGGIWJSLQ-UHFFFAOYSA-N,-11.38
50191478::XILHUDGNEDEXFJ-UHFFFAOYSA-N,-14.63
50191479::NELOELKXGMSYHF-DHZHZOJOSA-N,-12.02
50191480::JGLZFCYSDWVBJK-SOFGYWHQSA-N,-10.6
50191481::KIMIFWRATWXZEO-RMKNXTFCSA-N,-12.57
50191482::YLFINAUVWATNCS-UHFFFAOYSA-N,-11.75
50191483::RSJGJVCLGCMCLO-UHFFFAOYSA-N,-11.72
50191485::AEBKFOMFJMJUFH-VPGRUKGMSA-N,-12.02
50191486::CNRMVFRKCDVXKW-JXMROGBWSA-N,-13.93
50191487::CZRDEUGQKBEMMH-VQHVLOKHSA-N,-12.15
50191488::YBEIPHUFRFGXCJ-SNAWJCMRSA-N,-11.39
50191489::BIHYRPIDCXHQKD-FMIVXFBMSA-N,-15.3
50191490::GAYUJMWHGBAPKD-UHFFFAOYSA-N,-11.36
50191491::GZIRRVFQWRHYHQ-UHFFFAOYSA-N,-10.64
50191495::KCHHPNMKOHRFDK-RMKNXTFCSA-N,-12.52
50191497::RSEKNDZBPQNPGL-JXMROGBWSA-N,-11.74
50191498::WPKVIBFJECQBCV-RMKNXTFCSA-N,-11.49
50191499::LZOXKAMRMJSFJT-VMPITWQZSA-N,-27.66
50191500::KPSPYNLYPZNCGV-DHZHZOJOSA-N,-9.726
50191501::DIYFLUKUTVHJCO-UHFFFAOYSA-N,-11.67
50191502::AUMBQDJVOLYTCC-QPJJXVBHSA-N,-10.97
50191503::NBXCNCMWLZADMG-GQCTYLIASA-N,-13.51
50191584::AHONPWLSTJWLMC-UHFFFAOYSA-N,-11.53
50191586::HNYGKXWZBOTZFA-RMKNXTFCSA-N,-11.55
50191587::GCUYIMVZVRRUPD-ONEGZZNKSA-N,-9.856
50191589::OCPAAPUDKSPSJT-DHZHZOJOSA-N,-11.77
50191592::IZRQFKYNXNFFQT-DHZHZOJOSA-N,-19.4
50191593::JLWZRGNJHZVVKD-FNORWQNLSA-N,-13.11
50191595::BXWNXYKEYCNVLR-UHFFFAOYSA-N,-11.66
50191640::LWXXXBLCUHRMAR-UHFFFAOYSA-N,-9.62
50191641::KZVDSZYFRUKCEQ-RMKNXTFCSA-N,-13.04
50191643::AQEJOYTVPDGMEW-RRSRKQOQSA-N,-11.17
50191644::JABKEJXCSLSSEV-FNORWQNLSA-N,-11.24
50191645::WJGBEIOIHHBCIV-RRSRKQOQSA-N,-16.8
50191646::NYCRPERPKUAEHF-DHZHZOJOSA-N,-12.82
50191651::YUEWCBSNZWDONI-UHFFFAOYSA-N,-11.5
50191652::CXDUFDRGOOEEHL-UHFFFAOYSA-N,-11.59
50191654::NWZQTNDYDHXMOE-DHZHZOJOSA-N,-12.68
50191655::UCBARNSJTRWXQT-RMKNXTFCSA-N,-12.51
50191656::JEXCBQDTESMXHL-RMKNXTFCSA-N,-11.68
50191657::PQMINPFSUDRKEW-JXMROGBWSA-N,-9.025
50191658::ATULKYAWEUGYSF-UHFFFAOYSA-N,-11.81
50191659::IYNUCTYYDUIRAG-UHFFFAOYSA-N,-11.51
50191660::QSGIGRAFESHIBA-NSCUHMNNSA-N,-10.45
50191661::OMVRJIWYIOEXTO-JXMROGBWSA-N,-10.55
50191662::SLSKTJBHIGULOP-RMKNXTFCSA-N,-10.73
50191663::GFPQRHXCPZSHRH-SOFGYWHQSA-N,-11.54
50191664::JFBQFAKGLQJGIL-OWOJBTEDSA-N,-11.86
50191666::QYBXJSPKRPAHQB-UHFFFAOYSA-N,-11.48
50191668::LJRGBEPLXWZRBM-VOTSOKGWSA-N,-10.67
50191670::ACNYXAIBELJFSP-JLHYYAGUSA-N,-12.59
50191672::UVEBHXRRTIKHPI-UHFFFAOYSA-N,-10.72
50192858::CGXHFSJDSWAEMT-UHFFFAOYSA-N,-9.92
50195876::CASSAPBDIVDPCC-UHFFFAOYSA-N,-12.98
50195879::PILHXMMEJPSZLL-UHFFFAOYSA-N,-9.114
50200534::BLTNVYOBZUELAP-UHFFFAOYSA-N,-11.64
50200755::ZVDAOQQCWRBCHU-UHFFFAOYSA-N,-8.28
50200756::YSERCXMDLKSYIW-UHFFFAOYSA-N,-7.473
50200757::XXZNRCRDQRVMNN-UHFFFAOYSA-N,-14.01
50200758::KBDVIKMDRWVMPM-UHFFFAOYSA-N,-8.157
50200759::SYPJOSSWJOUPDE-UHFFFAOYSA-N,-8.576
50200760::NRPHCRAZRPAUDS-UHFFFAOYSA-N,-7.862
50200761::KHRXUZBXDSNCBO-UHFFFAOYSA-N,-8.297
50200762::NSQUWOUGEKUVKL-UHFFFAOYSA-N,-6.818
50200763::KXACXWLKMFKIHQ-UHFFFAOYSA-N,-7.842
50200764::WEMPWGDVLUDOBY-UHFFFAOYSA-N,-8.617
50200765::SKCRCHJZYFYITH-UHFFFAOYSA-N,-8.226
50200766::LHOBXXROLCTUBM-UHFFFAOYSA-N,-9.734
50202760::UBDAMLJKQGPQFB-UHFFFAOYSA-N,-11.2
50203525::KALKLNBLKRHXMI-ROUUACIJSA-N,-14.49
50203527::CKZHFOKQZRZCPF-ROUUACIJSA-N,-12.65
50203528::YCCUTKPNUYYNML-ROUUACIJSA-N,-11.61
50203530::IWNGNUDBGMCFNB-RDJZCZTQSA-N,-9.79
50203531::CDQQKPZINNWUDS-ROUUACIJSA-N,-13.58
50203535::RINLHBFSMHCDCB-ZWBSKUQPSA-N,-10.69
50203536::ONHHOEXQJXSXKC-KKUMJFAQSA-N,-9.666
50203537::MITLEGOYVUMBJH-IRXDYDNUSA-N,-10.53
50203538::ZCDHAHOTIYZFKF-HOTGVXAUSA-N,-10
50204115::IGODIYJKZLOCRX-UHFFFAOYSA-N,-11.17
50204116::TVMGXFANDKLGPL-UHFFFAOYSA-N,-12.64
50204117::UEJUKJJOSDYORR-HSZRJFAPSA-N,-14.26
50204118::QIHGEXNGPGTFID-UHFFFAOYSA-N,-22.76
50204119::NKAFAOZJYRUFSQ-UHFFFAOYSA-N,-12.27
50204120::QKLWVDQKXUTTEU-UHFFFAOYSA-N,-11.8
50204121::QUMXZLSLZVWESB-UHFFFAOYSA-N,-11.95
50204122::MEHRBVQTOVMMDP-UHFFFAOYSA-N,-12.23
50204123::AYUJWVQYAUDNQZ-UHFFFAOYSA-N,-10.31
50204126::MYVUJYZUPJWAOE-UHFFFAOYSA-N,-11.68
50204127::FHXTXHDRGUEYSH-UHFFFAOYSA-N,-13.41
50204129::QGTJGYUQPVBUGS-QFIPXVFZSA-N,-11.01
50204130::RSIUAJHRAOKMFS-UHFFFAOYSA-N,-12.82
50204131::JJHHXMMEZIIKRB-UHFFFAOYSA-N,-12.23
50204132::CJHNARCORXPMOD-DVECYGJZSA-N,-15.41
50204133::APCFVCIEZAMJBU-FQEVSTJZSA-N,-13.5
50204135::UXFJZTSGDOCCSL-UHFFFAOYSA-N,-10.97
50204136::CJHNARCORXPMOD-CYFREDJKSA-N,-13.01
50204137::JFPGALAHAHQULC-UHFFFAOYSA-N,-11.55
50204138::MRDZXMOZCRVRBY-UHFFFAOYSA-N,-11.25
50204139::SGYAQGSCPQGXLC-UUOWRZLLSA-N,-14.44
50204140::XWOBYUGXRJUXJF-UHFFFAOYSA-N,-10.58
50204141::VLYYUZFBTALINK-QHCPKHFHSA-N,-12.76
50204142::SGYAQGSCPQGXLC-KOSHJBKYSA-N,-14.62
50204143::OSNPLDLPFDTALJ-UHFFFAOYSA-N,-10.33
50204144::YZSXZMHGIYILFK-UHFFFAOYSA-N,-9.205
50204145::GZOONDSECSSONX-QFIPXVFZSA-N,-13.98
50205255::WZZXMNBOPNKKSX-BKHFGAQXSA-N,-13.82
50205256::AMKFBXVTNZFKFF-UHFFFAOYSA-N,-12.86
50205257::VQLJIZZYDFSRTB-UHFFFAOYSA-N,-10.23
50205258::RZBKGDSTLKCOCW-UHFFFAOYSA-N,-13.95
50205259::XMHFNOVIKVSOEA-UHFFFAOYSA-N,-14.6
50205260::GQWVZXYZPPWMNU-UHFFFAOYSA-N,-10.16
50205261::NCUZLDZWYWPMHU-UHFFFAOYSA-N,-12.94
50205262::YBLBBOHIJOJAPV-UHFFFAOYSA-N,-10.98
50205263::JDBWHHHWEABNEC-UHFFFAOYSA-N,-11.34
50205264::PCKCQQLBJXBCNU-UHFFFAOYSA-N,-11.01
50205265::UIXUAKVMQUZXGY-UHFFFAOYSA-N,-10.71
50205266::LDBOHQXRMNACLS-UHFFFAOYSA-N,-11.45
50205267::XTWOENWSROIPBI-UHFFFAOYSA-N,-10.28
50208397::ZVGNUEJXGIEGLJ-UHFFFAOYSA-N,-14.38
50208398::KLBORDPMVQMMRO-UHFFFAOYSA-N,-12.31
50208399::ZCTRJOQXUHMAGQ-UHFFFAOYSA-N,-13.44
50208400::NFDDLNNYPCZJSB-UHFFFAOYSA-N,-15.1
50208402::ISWJWVDIXBDXGN-UHFFFAOYSA-N,-13.14
50208403::AWFCPTZKALKFEK-UHFFFAOYSA-N,-14.49
50208404::QHGVESLEXVDJPY-UHFFFAOYSA-N,-10.84
50208405::PDXYGSYLHJULFZ-UHFFFAOYSA-N,-13.5
50208406::YRLXEVJADNDLHA-UHFFFAOYSA-N,-13.23
50208407::DQYLUXJFGRYNJA-UHFFFAOYSA-N,-12.03
50208408::XHEGSRSQWOQKMA-UHFFFAOYSA-N,-19.84
50208409::JIGUCXPMOHEAMU-QHCPKHFHSA-N,-13.39
50208410::QBWGGFOGWBCOKX-UHFFFAOYSA-N,-12.28
50208411::BOURCKXZYDOVSP-UHFFFAOYSA-N,-13.78
50208412::OYULNTIUXDXAGV-UHFFFAOYSA-N,-11.41
50208413::KAQAVWVXKVKDIM-UHFFFAOYSA-N,-15.88
50208414::UEGFAJFCHWZVEB-UHFFFAOYSA-N,-12.13
50208415::BVMZNZPGSFCWPC-UHFFFAOYSA-N,-13.64
50208416::JIGUCXPMOHEAMU-HSZRJFAPSA-N,-14.29
50208911::XLFNLJYGUOLEJS-SFHVURJKSA-N,-10.24
50209337::GLEROIKGELQNRO-UHFFFAOYSA-N,-10.35
50209346::NZSOECPTESNCTF-UHFFFAOYSA-N,-10.45
50209352::CXWGFZRBLKUTRZ-UHFFFAOYSA-N,-26.63
50209354::AIKCGGJZJKSMHT-UHFFFAOYSA-N,-13.15
50209356::ISILMZCZQDUENR-UHFFFAOYSA-N,-11.29
50209357::PULRNRPEJMZPQI-UHFFFAOYSA-N,-10.02
50209358::SCPDXSGJBNCTBA-UHFFFAOYSA-N,-10.88
50209361::XFZZOYBVFSUOKN-UHFFFAOYSA-N,-10.74
50209365::DPGKUIBMCVPINF-UHFFFAOYSA-N,-10.17
50209367::OJQDSNSDUVKDNP-UHFFFAOYSA-N,-11.92
50209369::VHVSXASVBMWAMX-UHFFFAOYSA-N,-18.85
50209373::CMZBLRKWGWFDGA-UHFFFAOYSA-N,-13.5
50209374::UVXYOMBULTYUII-UHFFFAOYSA-N,-12.3
50209375::HVSGXWBTVXETFN-UHFFFAOYSA-N,-13.5
50209376::AIWRIXMXKBNVNS-UHFFFAOYSA-N,-14.69
50209377::NFDAOEMCMIHMCF-UHFFFAOYSA-N,-10.81
50214095::URLYPAWCHVXIAA-UHFFFAOYSA-N,-10.2
50214096::ISABFXAQXIFBSS-UHFFFAOYSA-N,-10.87
50214097::KYLXOJOIXAIVQX-UHFFFAOYSA-N,-11.63
50214098::NTRCIHPFGKPYRR-UHFFFAOYSA-N,-11.94
50214099::VBYCLUNCQJLFHE-UHFFFAOYSA-N,-11.86
50214100::HAIHTRCFSLFERU-UHFFFAOYSA-N,-10.88
50214101::QOPPMJHDHWOCMW-UHFFFAOYSA-N,-10.61
50214102::HPGCVHHKMXXSAL-UHFFFAOYSA-N,-11.67
50214103::UZNNPFJNMZEOIY-UHFFFAOYSA-N,-11.25
50214104::XIWOLOQEUBVCHM-UHFFFAOYSA-N,-10.63
50214105::VCQAGQAPRXRROI-UHFFFAOYSA-N,-11.09
50214106::SZVKQFOSCWNKPT-UHFFFAOYSA-N,-11.98
50214107::WLIGHAXZSXWZCO-UHFFFAOYSA-N,-10.08
50214108::DPAOHEUWPLGQDY-UHFFFAOYSA-N,-10.55
50214109::JGSTUMYDBLTVRO-UHFFFAOYSA-N,-11.2
50214110::UQABTPYYEALKPO-UHFFFAOYSA-N,-12.27
50214111::QKVCYCAAFKGTNA-UHFFFAOYSA-N,-10.81
50214112::BIQVQJNGLKCTKT-UHFFFAOYSA-N,-10.28
50214113::WALDVLHIHTVOPR-UHFFFAOYSA-N,-11.34
50214114::CQLOGIXSWIMBBT-UHFFFAOYSA-N,-10.3
50214115::WNOFAMMMUOEJEM-UHFFFAOYSA-N,-10.05
50214116::QSDYIYAFRFRSKH-UHFFFAOYSA-N,-10.66
50214117::AJJOCYLKITUOSA-UHFFFAOYSA-N,-11.15
50214118::CPKRSUOVRJCBQP-UHFFFAOYSA-N,-10.44
50214119::ITLMSAKDJJHLOE-UHFFFAOYSA-N,-9.847
50214120::AHZUHDSHQGQZRW-UHFFFAOYSA-N,-12.98
50214737::UWKGJPRWKLDGPQ-FYWRMAATSA-N,-10.46
50214738::GLQDOKOXZHCCCL-BUHFOSPRSA-N,-10.83
50214739::MGJDMZIDKBZFGS-BUHFOSPRSA-N,-11.59
50214740::YBFQUMSUKDCEKY-BUHFOSPRSA-N,-10.93
50214741::CRBRXGPBHTVVFQ-BUHFOSPRSA-N,-9.661
50214742::QWNLRYXWBYVRQP-OUKQBFOZSA-N,-9.647
50214743::HTZFRRGDAGASIC-OUKQBFOZSA-N,-11.87
50215745::TYNOFSAXDJGXIY-UHFFFAOYSA-N,-10.26
50215746::USLJLFIVPBIWSH-UHFFFAOYSA-N,-9.572
50215747::KKTHQEGRHGWTAG-UHFFFAOYSA-N,-9.353
50215748::KQMUZJKDXSIZDM-UHFFFAOYSA-N,-10.04
50215749::FVEOSFBMLSDRHJ-UHFFFAOYSA-N,-10.49
50215750::WENOTWRMBOBLIZ-UHFFFAOYSA-N,-9.7
50215751::QJUNJGLRELVJKL-UHFFFAOYSA-N,-8.649
50215752::LTPJBJXFWRHNJB-UHFFFAOYSA-N,-10.86
50215753::UGFPMKJYLKNPOF-UHFFFAOYSA-N,-9.978
50215754::FCHLWRKNJFORCX-UHFFFAOYSA-N,-10.54
50215755::DPLYRWPGMCSKLU-UHFFFAOYSA-N,-10.63
50215756::WZMDQWFGHYPLKD-UHFFFAOYSA-N,-9.891
50215757::OKRLCDNMDXJZIY-UHFFFAOYSA-N,-9.04
50217185::VSXDSBHUFXBAHM-OAQYLSRUSA-N,-13.85
50217186::YNFCRDTVTDENKG-UHFFFAOYSA-N,-13.61
50217187::PHYKCHVITBAQIF-UHFFFAOYSA-N,-12.6
50217188::XJKTUTUQMCPTDY-UHFFFAOYSA-N,-11.02
50217189::SRIYNYFAYVOGRJ-UHFFFAOYSA-N,-11.36
50217190::VTBGXVHIEWGJBV-UHFFFAOYSA-N,-10.44
50217192::YVHIBMWTWVBAAS-UHFFFAOYSA-N,-16.49
50217193::XFUGKGRUXXJRJA-UHFFFAOYSA-N,-11.33
50217194::VSXDSBHUFXBAHM-NRFANRHFSA-N,-12.56
50217195::WUPUQIUJIDRWAX-UHFFFAOYSA-N,-12.88
50217196::VNSGZPKJDBAOQI-UHFFFAOYSA-N,-13.39
50217197::DBBVLPYZSAWTHY-UHFFFAOYSA-N,-11.91
50217198::MLYHNVDOBUQIID-UHFFFAOYSA-N,-12.77
50217199::NLIUCSKZGNJKGU-UHFFFAOYSA-N,-13.21
50217200::NLZSXRKDMHPVOQ-UHFFFAOYSA-N,-13.13
50217201::XBSPHUIHEWDMHZ-UHFFFAOYSA-N,-13.21
50217202::BFBSQOKQECCEPF-UHFFFAOYSA-N,-14.01
50217203::JKJHAFYDAMDTAT-UHFFFAOYSA-N,-11.61
50217204::ZZRGSHVUZJRFKX-UHFFFAOYSA-N,-12.41
50217205::VWQGZWGCZQZISM-UHFFFAOYSA-N,-17.67
50217206::MUDNFYFQYCKQEI-UHFFFAOYSA-N,-11.17
50217207::NUJUYKXECYPXAW-UHFFFAOYSA-N,-13.79
50217208::YDACLKUOFPGAGO-UHFFFAOYSA-N,-13.28
50217209::HRJCFUJRPZRZAO-UHFFFAOYSA-N,-12.57
50219382::PDJARQSWGDDFHH-PSWAGMNNSA-N,-12.31
50222489::ZROBAJVGRYCCGH-QGZVFWFLSA-N,-24.58
50222490::FSHWIHXFSFIOAL-HXUWFJFHSA-N,-15.48
50222493::HXMKNGQXLJHQDQ-QGZVFWFLSA-N,-11.27
50224883::AZTMYWWWILJAKW-UHFFFAOYSA-N,-10.71
50230417::YKWQMQSCCFKVSX-UHFFFAOYSA-N,-8.324
50230419::IFGRZKHRJZWZKC-UHFFFAOYSA-N,-9.625
50230420::KAQHUJGJYUUQSI-UHFFFAOYSA-N,-8.454
50230421::GQKBKXCKNKSJGG-UHFFFAOYSA-N,-8.151
50230422::NWQZWJNXAGKRAC-UHFFFAOYSA-N,-7.903
50230561::NMKALLBHRSIRRM-UHFFFAOYSA-N,-9.979
50230562::BYYWPKXODYXSLS-UHFFFAOYSA-N,-10.14
50230563::RESZILDIQVNANF-UHFFFAOYSA-N,-9.955
50230564::PBRAZUJVTFOSPC-UHFFFAOYSA-N,-15.97
50230565::AXVWVFHQMYQWLK-UHFFFAOYSA-N,-9.6
50230566::UWXPWGQSXVNVTA-UHFFFAOYSA-N,-12.32
50230567::KKNXUMNCAJWDKL-UHFFFAOYSA-N,-9.475
50230568::NSRXPGZCZVRKGV-UHFFFAOYSA-N,-10.53
50230569::PLUOKMHXJSTGCQ-UHFFFAOYSA-N,-15.02
50230570::JTZXTHGTQRHIRO-UHFFFAOYSA-N,-9.542
50230571::QINSOUANYOEWLZ-UHFFFAOYSA-N,-8.675
50230572::AWXKATNXTVAFSM-UHFFFAOYSA-N,-9.289
50232319::YCOVCAZFTSJSEX-UHFFFAOYSA-N,-10.99
50232320::SKURHCCLIBABGC-UHFFFAOYSA-N,-10.35
50232321::WSUPAWGFLAOISO-UHFFFAOYSA-N,-10.31
50232322::VMYNFFQXYNOIEA-UHFFFAOYSA-N,-10.96
50232323::GLNRSAJLZFLIFA-UHFFFAOYSA-N,-11.11
50232324::FBDNRKNDDONSOP-UHFFFAOYSA-N,-10.24
50232325::XIEDBRMNHVILCQ-UHFFFAOYSA-N,-11.37
50232326::OSHRLMBZRPMAQZ-UHFFFAOYSA-N,-10.85
50232327::QTCFUIHSDZEVMP-UHFFFAOYSA-N,-10.74
50232328::AORSHELSJMHDBV-UHFFFAOYSA-N,-10.85
50232329::UBEVQYMSHABHOM-UHFFFAOYSA-N,-10.78
50232330::HDKMMBRKVCIVNF-UHFFFAOYSA-N,-10.36
50232341::PRHCQSIFZOASTC-UHFFFAOYSA-N,-9.907
50232344::QTILXTTYIGTLDB-UHFFFAOYSA-N,-11.87
50235544::YQQFRBUHZZNTGY-UHFFFAOYSA-N,-10.13
50236367::XGGPNQWFYUZWNO-KRWDZBQOSA-N,-12.85
50236368::PJOBQWOUMSIZKE-LJQANCHMSA-N,-12.28
50236371::SMSWJYWJBIOKNH-IBGZPJMESA-N,-14.96
50236372::PMDGVRFVXOHVGF-MRXNPFEDSA-N,-12.81
50236373::BBJFDODASSZYKE-QGZVFWFLSA-N,-13.33
50236374::SPQOUTREGZQUFW-OAHLLOKOSA-N,-32.02
50236375::BBJFDODASSZYKE-KRWDZBQOSA-N,-15.08
50236376::FCBLJVFIYLTZPQ-OAHLLOKOSA-N,-15.36
50236377::FCBLJVFIYLTZPQ-HNNXBMFYSA-N,-12.44
50236378::SMSWJYWJBIOKNH-LJQANCHMSA-N,-12.26
50236379::RVVGPIUUCSXRDL-CYBMUJFWSA-N,-12.27
50236380::OPUMJZOXVSSCCU-QGZVFWFLSA-N,-12.77
50236381::RZPOCZHUFDCVQZ-KRWDZBQOSA-N,-13.14
50236383::RGTLKPMCFJUHDZ-OAHLLOKOSA-N,-14.04
50236384::WXVGRYVQNLPYBE-MRXNPFEDSA-N,-14.36
50236387::SPQOUTREGZQUFW-HNNXBMFYSA-N,-16.68
50236388::HUSDYKHBBUDXHX-CQSZACIVSA-N,-11.45
50240590::MMTDBTBWXXXAEZ-UHFFFAOYSA-N,-10.37
50240779::UMBIRSZUCJNBHB-SANMLTNESA-N,-12.45
50240780::QXIOZIFTPMAING-VWLOTQADSA-N,-11.58
50240781::GCDSDVNITVBCDW-VWLOTQADSA-N,-13.18
50240782::ROHJEIACUNTGFP-VWLOTQADSA-N,-14.15
50241984::GDQQKBZRPYUTRS-UHFFFAOYSA-N,
50243930::ZFKGDYZACMFEDS-UHFFFAOYSA-N,-7.494
50243931::GCWMGQFAGIVZCJ-UHFFFAOYSA-N,-11.01
50243977::PRGQUWCDXPFMCG-UHFFFAOYSA-N,-11.36
50245323::NBFUBQZWLQRDFS-UHFFFAOYSA-N,-10.03
50245361::VMWBVIFBGIIXSH-UHFFFAOYSA-N,-10.27
50245362::KTEDMAIKTUKLAP-UHFFFAOYSA-N,-13.42
50245363::CYQGGEIFCSVNDW-UHFFFAOYSA-N,-15.7
50245364::BQGLDSZPKUBDDR-UHFFFAOYSA-N,-11.38
50245407::OUKDWNYVCNEMPJ-UHFFFAOYSA-N,-11.25
50245408::RURBVASLDVOVQE-UHFFFAOYSA-N,-9.795
50245409::PILVVZXXLLAZDK-UHFFFAOYSA-N,-10.55
50245410::VGJXHWMSDLZKOL-UHFFFAOYSA-N,-11.49
50245442::DDVUCDAKPMYAMU-UHFFFAOYSA-N,-11.22
50245443::QGRYIZRZEGPOEO-UHFFFAOYSA-N,-11.68
50245444::DNJLGPOTNUZJMO-UHFFFAOYSA-N,-10.6
50245445::LBJMYNVKLCTMEK-UHFFFAOYSA-N,-10.12
50245471::QXIJLZUHVBQWAZ-UHFFFAOYSA-N,-10.88
50245472::ASRPLHQXFWEEDQ-UHFFFAOYSA-N,-10.48
50246774::RUTCIZOQGCWURK-UHFFFAOYSA-N,-11.38
50248086::SPSMUNLXZBAXDD-UHFFFAOYSA-N,-10.58
50248087::PZXJFNOGRSYDFV-UHFFFAOYSA-N,-11.04
50248116::MVXAWROAJALYHX-UHFFFAOYSA-N,-11.78
50248117::IXMITROVYBNKPV-UHFFFAOYSA-N,-10.84
50248118::OFMHGXYMLMHJTB-UHFFFAOYSA-N,-10.09
50248120::LEIAHMPZLJHAET-UHFFFAOYSA-N,-9.249
50248147::HSMLVQPVLGLUCI-UHFFFAOYSA-N,-10.32
50248148::CZUVMGAHFHQKLM-UHFFFAOYSA-N,-11.54
50248149::CXJQAZDGOBZGLJ-UHFFFAOYSA-N,-10.35
50248150::OJBMEBMIUCBAAE-UHFFFAOYSA-N,-13.43
50248182::AOUMXCXOJGAKLX-UHFFFAOYSA-N,-9.843
50248184::DPBAOWACXDVJKP-UHFFFAOYSA-N,-10.49
50248185::ZCGDFAQAYLXLJV-UHFFFAOYSA-N,-12.22
50248186::YVZHTPUIVFSOKV-UHFFFAOYSA-N,-12.86
50248228::LRLIJRSPYLLOIV-UHFFFAOYSA-N,-10.11
50248229::RSIMWZIJZCXPJV-UHFFFAOYSA-N,-10.38
50255996::NXPQOKLTKBGJEH-UHFFFAOYSA-N,-10.13
50255997::OHVZOXZMVPDEDV-UHFFFAOYSA-N,-11.01
50255998::ZUDQNEUWKCAHQC-UHFFFAOYSA-N,-11.61
50256015::SSYMKGVXLKENJR-UHFFFAOYSA-N,-12.15
50256016::XYUIVHYWMAPVBZ-UHFFFAOYSA-N,-13
50256017::CREMXLIEDCOOOC-UHFFFAOYSA-N,-11.64
50256018::FMSVVUDMNOXYTG-UHFFFAOYSA-N,-13.22
50256021::ZXVPQQUYVOHTBO-UHFFFAOYSA-N,-12.03
50256022::KAJJGLKWPUKTKG-UHFFFAOYSA-N,-12.81
50256023::OORGVIGRGYYYEO-UHFFFAOYSA-N,-14.75
50256024::YCHMPCBHRODLET-UHFFFAOYSA-N,-10.26
50256032::RRBYOZUVIOQSSM-UHFFFAOYSA-N,-11.38
50256033::MFBTVPWNHQVGPL-UHFFFAOYSA-N,-11.89
50256034::GYCAMAWPCOYTTF-UHFFFAOYSA-N,-11.5
50256035::NXSMOWZBERTEAU-UHFFFAOYSA-N,-15.87
50256036::RAKHTNLGXMUAQG-UHFFFAOYSA-N,-11.17
50256038::ATEQNOXHLBHSBB-UHFFFAOYSA-N,-13.32
50256039::ZKRKJAPDCNQMCJ-UHFFFAOYSA-N,-11.95
50256040::VXPOFHMNNNIQLJ-UHFFFAOYSA-N,-11.36
50256041::PBIJKZCHYCDPPC-UHFFFAOYSA-N,-10.96
50256042::VKGQZQGDXLIZTP-UHFFFAOYSA-N,-11.4
50256478::HMXWMMRCKSDFCV-UHFFFAOYSA-N,-16.42
50256479::SKFDSQFYKXYVPS-UHFFFAOYSA-N,-14.38
50256480::MOSKATHMXWSZTQ-UHFFFAOYSA-N,-10.64
50263183::WZUVPPKBWHMQCE-XJKSGUPXSA-N,-7.383
50268223::FJJRVJOTLKWVLC-UHFFFAOYSA-N,-9.412
50268904::KMMSPMPORWBMTE-QBDLAISOSA-N,-9.796
50268905::VXPAAABROXRBQT-XHXISMBCSA-N,-14.27
50268906::JUKNHBAVDHQUJP-LMBAYHJBSA-N,-12.35
50268951::HOYBUULCSXDSPC-KAOUJKNGSA-N,-11.71
50268952::VOGZLMQCZGOADJ-FLJXZVEISA-N,-14.2
50268953::UMKOSVICWGLVQX-HOTGVXAUSA-N,-9.504
50268954::ZFHJWQWVJPMAIW-IRXDYDNUSA-N,-10.21
50268999::JQTQTEMWCRRECT-LLQWEQGGSA-N,-17.47
50269000::SPGSQKKTHWOODB-GFUWAVFVSA-N,-11.5
50269001::AVCGYVHCLDMOAW-GFUWAVFVSA-N,-14.31
50269002::DSPHOALBCOPTJE-LLQWEQGGSA-N,-10.04
50269056::FXUWJFZELUGOAQ-YPHDSLMMSA-N,-10.61
50269057::SPGSQKKTHWOODB-BVSLBCMMSA-N,-10.34
50269058::SPGSQKKTHWOODB-HJNYFJLDSA-N,-11.56
50269059::ZABUEZYWKJKVJI-MZBJOSPHSA-N,-9.632
50269615::OSAWFUCUZJNEID-CQSZACIVSA-N,-9.477
50270523::RWQQYKXBUWKJFM-UHFFFAOYSA-N,-11.06
50270524::ZTDGISKEIHFQJM-UHFFFAOYSA-N,-11.65
50270525::XKQOCHOBKQOARA-UHFFFAOYSA-N,-11.18
50270583::XUHKLLVTRWGKQX-UHFFFAOYSA-N,-11.9
50270646::HAWGHXJHNDVCGX-UHFFFAOYSA-N,-9.225
50270647::CHAYZJWZKSNHRQ-UHFFFAOYSA-N,-11.04
50270648::GKYBQAYLLPHLMG-UHFFFAOYSA-N,-11.69
50270677::KRZRUVYAWYFFLS-UHFFFAOYSA-N,-9.639
50270678::RGISSVUJJMJRCR-IZZDOVSWSA-N,-11.1
50271239::WZZXMNBOPNKKSX-RLPLKTQASA-N,-13.09
50271271::KSEHVVCEIFMPAP-MRXNPFEDSA-N,-17.64
50271272::NIWCLOVPIUBQEZ-UHFFFAOYSA-N,-12.32
50272883::ITVLSWHERKANSP-RWINEGRVSA-N,-11.84
50275499::BUAIGJRXIAKFCN-UHFFFAOYSA-N,-10.14
50276157::LCSDQFNUYFTXMT-UHFFFAOYSA-N,-9.794
50278391::XWWMKFBPGTZJND-UHFFFAOYSA-N,-13.08
50278392::RCAPTXCVXVNKPS-UHFFFAOYSA-N,-11.89
50278393::JSZXDRLZCGZCFN-UHFFFAOYSA-N,-14.4
50279044::QMPQJWQHTDPWNU-UHFFFAOYSA-N,-12.95
50279045::BQUCMYBIGNGMFC-UHFFFAOYSA-N,-8.82
50293250::FNYHTKUCTLSINN-SFHVURJKSA-N,-11.01
50293251::WAFFZBGYOIPMFM-JOCHJYFZSA-N,-12.88
50293252::GJDNPLFIVITRLH-HXUWFJFHSA-N,-12.08
50293253::SJNOIJITAJHKOV-OAQYLSRUSA-N,-11.54
50293254::PQJQRBWLIHKVMV-HXUWFJFHSA-N,-11.86
50293255::SUSUDFJYOFEUFG-IEBWSBKVSA-N,-10.77
50293256::SFLDOYMGTGAPKO-TZIWHRDSSA-N,-11.33
50293257::SHMDVAIGKWZURP-UYAOXDASSA-N,-11.88
50293258::MKBPBVLIFVBKCV-TZIWHRDSSA-N,-10.66
50293259::DRBUBMJZARVZMC-TZIWHRDSSA-N,-16.04
50293260::ORZGZOQPWHJRAI-TZIWHRDSSA-N,-14.01
50293261::HZCGTIZXDADJDG-TZIWHRDSSA-N,-11.53
50296347::NOSGURMRDGOTBW-HZCBDIJESA-N,-12.11
50299081::WAODYHWCESZZOF-DEOSSOPVSA-N,-9.751
50299083::NCGGCRHITOMNJS-VWLOTQADSA-N,-9.895
50299487::OEIFFQPPBJFHDE-UHFFFAOYSA-N,-12.89
50299488::XYSQNPURJDRMJW-VRXNAAEZSA-N,-16.75
50299489::HVJQYIDZJSEHCZ-QFYVYTDBSA-N,-17.06
50299490::MZXYVIPIHWTADU-LWAJAQLZSA-N,-14.4
50299491::IWUDGWPMXMXFFH-LWAJAQLZSA-N,-17.85
50299492::HKJCXQLAQCWDCR-UHFFFAOYSA-N,-17.4
50299493::VDEFSHMEYOAABL-UHFFFAOYSA-N,-16.66
50299494::IZUJRRQQMYQCBU-UHFFFAOYSA-N,-18.65
50299495::LXEFMJMGOVUZJS-UHFFFAOYSA-N,-15.59
50299496::JLLZADRFOWOBPP-UHFFFAOYSA-N,-20.02
50299497::RWAFVRRIJKQZIU-UHFFFAOYSA-N,-13.88
50299498::KEVRXXIPROHNSG-UHFFFAOYSA-N,-16.96
50300026::TXSZGBMOPCXBTP-FQEVSTJZSA-N,-8.454
50300027::JTLHPKSZESHKCP-IBGZPJMESA-N,-8.77
50301101::GMXIFCSQVFGFBC-ZRTMLZEBSA-N,-13.93
50301102::KSBCPHOBEZMZNM-FHWLQOOXSA-N,-13.01
50301103::RTBFVYBTGAGBSP-FYQYPFLCSA-N,-13.6
50301104::YDJAXPJDHWQNLF-YPJRHXLCSA-N,-15.03
50301105::VVWOQMJGNBQWHG-YPJRHXLCSA-N,-12.36
50301106::FQUKTXLABCFONX-KXNJDZORSA-N,-10.4
50301107::VLUAXQQDRZDFOF-YPJRHXLCSA-N,-10.3
50301108::XLCDJKIIBWOGQT-UFYCRDLUSA-N,-24.33
50301109::YLTJCMLZAIRVFF-FHWLQOOXSA-N,-13.7
50301110::JRJYBZYDJRBFTK-FHWLQOOXSA-N,-16.47
50301112::QHTFXHUNNOAYME-BSOSBYQFSA-N,-11.25
50301113::YYMXPNNILUETLE-UFYCRDLUSA-N,-14.76
50301114::KMMXFFDNBCQBEI-UFYCRDLUSA-N,-8.24
50301115::VPNMZNYQFRFELQ-BZSNNMDCSA-N,-11.42
50301116::FQSNZGGDFVIKEV-UFYCRDLUSA-N,-10.39
50301117::JOTYZMGPCUSZKL-FHWLQOOXSA-N,-14.18
50301118::PDNKMRBXZXHUFT-ACRUOGEOSA-N,-8.496
50301119::PFMDDCHUGSRIJN-FKBYEOEOSA-N,-11.73
50301120::MIUJFEWUCGLALV-VABKMULXSA-N,-9.765
50301121::YDJAXPJDHWQNLF-AABGKKOBSA-N,-14.17
50301122::OKGOBXODUWTHAJ-RNLLHNEJSA-N,-8.937
50301123::XYYDUHNDMZDPKL-UZVDJONISA-N,-14.04
50301124::QQKFJAPYPOIWRW-JBZVSFTFSA-N,-8.907
50304193::DCKMTGBFLNPJPS-UHFFFAOYSA-N,-12.13
50304194::ZEXJBANGHOAHDZ-UHFFFAOYSA-N,-10.2
50304195::NQHMMDRPRXVCLT-UHFFFAOYSA-N,-15.21
50304196::UJBJAMOSBBJZBK-UHFFFAOYSA-N,-11.09
50304197::ZUXFIRWLAQBCCS-UHFFFAOYSA-N,-11.07
50304198::SRNHAKVSFVSSPN-UHFFFAOYSA-N,-13.64
50304199::KBJCTAIADOTYHC-UHFFFAOYSA-N,-11.42
50304200::NACVPONJWZPHAP-UHFFFAOYSA-N,-11.2
50304201::PIQNNSKBFMKWGB-UHFFFAOYSA-N,-10.3
50304207::OZWMSXPIQVMFDE-UHFFFAOYSA-N,-12.12
50304208::SSHDKAJDJAVHAF-UHFFFAOYSA-N,-11.48
50304209::XXSQNJQHHHVCBG-UHFFFAOYSA-N,-10.76
50304210::ZQXWSHOYNMQRDD-UHFFFAOYSA-N,-16.63
50304211::MZWALFBOTNMRTP-UHFFFAOYSA-N,-11.79
50304212::MOQBNQNUPNPLCH-UHFFFAOYSA-N,-19.2
50304213::WMBJPWPAQLGSFL-UHFFFAOYSA-N,-12.59
50304214::WZTHBTBWYVSGPF-UHFFFAOYSA-N,-12.23
50304216::DPYASQWYHILTBI-UHFFFAOYSA-N,-14.4
50304217::FLGQTDLHJSQLIG-UHFFFAOYSA-N,-15.66
50304218::IPIWNOAWKGRYOY-UHFFFAOYSA-N,-10.98
50304219::CYXVEZJWVJIFPJ-UHFFFAOYSA-N,-16.97
50304220::KHEXPUZMPCBDCB-UHFFFAOYSA-N,-28.98
50304221::DIOOREPVPOCQKL-UHFFFAOYSA-N,-11.64
50304222::ZGTHJDQZGGIPLL-UHFFFAOYSA-N,-14.94
50304223::WCRYRBRNFCXTTR-UHFFFAOYSA-N,-13.58
50304224::AXMDZPQSJQHLHJ-UHFFFAOYSA-N,-19.59
50304225::DWCZEZXJZXJTHE-UHFFFAOYSA-N,-11.12
50304226::DXQXEQLCDPJFHI-UHFFFAOYSA-N,-11.51
50305006::JPOSFPUHBHRUAX-UHFFFAOYSA-N,-10.22
50307769::ZAFWWWJOUAFSJP-UHFFFAOYSA-N,-10.99
50307770::GRAAVPHBSRABFO-UHFFFAOYSA-N,-9.331
50307771::UCSIYDCODBRGKW-UHFFFAOYSA-N,-22.16
50307772::YTSHEQYHNLLMSR-UHFFFAOYSA-N,-10.19
50307773::CADRLZXVKIQPSG-UHFFFAOYSA-N,-11.82
50307774::XFDYLGGJRSOHKI-UHFFFAOYSA-N,-8.843
50307775::RQYVKBOWLRVISJ-UHFFFAOYSA-N,-10.35
50307776::ISCACOSJZYPVNU-UHFFFAOYSA-N,-10.08
50307777::OYAHQWRTIPQZIR-UHFFFAOYSA-N,-10.57
50307778::IXWWFHBAOSNFBD-UHFFFAOYSA-N,-9.528
50307779::FMDQBAXOPXWFEH-UHFFFAOYSA-N,-12.44
50307780::NEZCKIVFZVYNMQ-UHFFFAOYSA-N,-9.236
50307781::DGORACVWOLFYBN-UHFFFAOYSA-N,-10.42
50307782::FEOPLVISXFSHGK-UHFFFAOYSA-N,-10
50307783::SNGQUXXOIHSAPK-UHFFFAOYSA-N,-12.52
50307784::GWEFXJQVLISMDM-UHFFFAOYSA-N,-8.776
50307785::CNAYRPIRUOIQNH-UHFFFAOYSA-N,-10.55
50307786::VPPDBLLRRNCUSU-KRWDZBQOSA-N,-10.22
50307787::VPPDBLLRRNCUSU-QGZVFWFLSA-N,-9.237
50307788::KHRPCRNETLJSDS-INIZCTEOSA-N,-10.22
50307789::XDFXVPOVSDJRPC-INIZCTEOSA-N,-10.35
50307790::SOCMOTGNRXRMOH-UHFFFAOYSA-N,-10.51
50307791::GGLLZEGVMRMANJ-UHFFFAOYSA-N,-11.1
50308605::RVNYRYCNOIAMAM-UHFFFAOYSA-N,-8.362
50308606::GMEOYAMZWIZJKH-UHFFFAOYSA-N,-8.209
50308607::PFQWCCLLNWHHFH-UHFFFAOYSA-N,-7.993
50308608::DIOFOVKKHUKVGB-UHFFFAOYSA-N,-8.361
50308609::CYRULZRLIMTMIV-UHFFFAOYSA-N,-8.237
50308610::PSGSFCUQOUZIIM-UHFFFAOYSA-N,-9.095
50308611::MWKBSAYARBSHAB-UHFFFAOYSA-N,-8.115
50308612::QSHJAALGOHCQEP-UHFFFAOYSA-N,-8.167
50308613::ZUXHXVSJZRDQAW-UHFFFAOYSA-N,-8.231
50308614::WFWCAYYKRGASDR-UHFFFAOYSA-N,-7.768
50308615::LLDVRBJUNWOJGM-UHFFFAOYSA-N,-8.317
50308616::BGIWKKZONAGBAC-UHFFFAOYSA-N,-8.266
50308617::HBSBMTKFUMGTAC-UHFFFAOYSA-N,-8.147
50308618::XMULJTRVHXFILL-UHFFFAOYSA-N,-8.123
50308619::BOHBJARCSAZZGZ-UHFFFAOYSA-N,-8.136
50308620::AIJDVZNBHNJGLD-UHFFFAOYSA-N,-8.238
50308621::XKNVBIVFLLYZCU-UHFFFAOYSA-N,-8.338
50308622::WPAAPTIPEIQZMH-UHFFFAOYSA-N,-8.466
50308623::MSLAMKYOCOCPQZ-UHFFFAOYSA-N,-7.075
50308624::MBKZHHWUCPNTBG-UHFFFAOYSA-N,-8.326
50308625::OKYNLPCIFBWKOF-UHFFFAOYSA-N,-7.633
50308626::YBTGSICVFTUYDM-UHFFFAOYSA-N,-7.207
50308627::ZZWUWTWYGHYXDJ-UHFFFAOYSA-N,-6.416
50308628::NYADFUOFAACOPW-UHFFFAOYSA-N,-6.726
50308629::HBCSFXYVXXYAFA-UHFFFAOYSA-N,-7.36
50308630::CTCXKWWYXMCWMT-UHFFFAOYSA-N,-6.537
50308631::MSQALUIPMRXAFL-UHFFFAOYSA-N,-9.043
50308632::HSYMTXUHTDJFRK-UHFFFAOYSA-N,-7.663
50308633::NTRKLEJSJWDUKK-UHFFFAOYSA-N,-8.107
50308634::CLYYHKWHUJNBOP-UHFFFAOYSA-N,-9.067
50308635::UGSKHSZUOFAHGH-UHFFFAOYSA-N,-9.29
50308636::NBVZPICHNRCCJN-UHFFFAOYSA-N,-9.899
50308637::YSWRUZSGHZDWJW-UHFFFAOYSA-N,-10.02
50308638::UPLFXZLXSLLHMJ-UHFFFAOYSA-N,-8.773
50308639::ADGFMMGNBWOIFL-UHFFFAOYSA-N,-9.963
50308640::AMPJVHBLKDNTBD-UHFFFAOYSA-N,-10.93
50308641::OKZGFLXEHJXCJM-UHFFFAOYSA-N,-10.84
50308642::YFTNIUONYOIXQQ-UHFFFAOYSA-N,-10.14
50308643::XCGWRJUUHHWCDA-UHFFFAOYSA-N,-8.611
50308644::HHAIRBJJFBLIDZ-UHFFFAOYSA-N,-12.02
50308645::HOMOYDOJHAMLLJ-UHFFFAOYSA-N,-13.13
50308646::DOFNHGGYAVHZBW-UHFFFAOYSA-N,-11.06
50308647::LEJHECNHNIKBPL-UHFFFAOYSA-N,-11.03
50308648::PAZHTUBWGGMCLX-UHFFFAOYSA-N,-10.07
50308649::UEBGIRYMJKQKHD-UHFFFAOYSA-N,-13.45
50308650::AYBZPORZUSISPX-UHFFFAOYSA-N,-8.287
50308651::BKAKEQNATCRPPB-UHFFFAOYSA-N,-11.07
50308652::WFLDRBAFYGEDNV-UHFFFAOYSA-N,-9.712
50308653::UERCBPIXITWGQE-UHFFFAOYSA-N,-9.921
50308654::PGLLJXXZDBFPCN-UHFFFAOYSA-N,-9.831
50308655::AQOVRLPHUSWQJQ-UHFFFAOYSA-N,-7.908
50308656::QSDHRATYXWRXIW-UHFFFAOYSA-N,-8.429
50308657::VKGFFGKYZCWSQV-UHFFFAOYSA-N,-10.84
50308658::TZBDHYWZRVNCMC-UHFFFAOYSA-N,-9.36
50308659::UWNCZMKPXVIIEH-UHFFFAOYSA-N,-8.41
50308660::SOXYLYNQTNNXEV-UHFFFAOYSA-N,-9.185
50308661::LCGCEYCAQPJEBN-UHFFFAOYSA-N,-9.583
50308662::APBCLSCKMPCKMF-UHFFFAOYSA-N,-8.567
50308663::ZJEZFXHLOYIZAT-UHFFFAOYSA-N,-8.771
50308664::ATUGWBRHDFGSKE-UHFFFAOYSA-N,-9.203
50308925::QRMCZLGDRXISCZ-UHFFFAOYSA-N,-9.908
50308926::ZTIZNUWTTGLAGF-UHFFFAOYSA-N,-9.527
50308927::YUHSPIYJWBBMHU-UHFFFAOYSA-N,-11.09
50308928::DBHPUQBVYOYNRL-UHFFFAOYSA-N,-10.69
50308929::IEYXXRSUGCKRPU-UHFFFAOYSA-N,-12.8
50308930::CQQNFOOXUBFINM-UHFFFAOYSA-N,-9.251
50308931::NZRMGYDVIOWIFT-UHFFFAOYSA-N,-9.679
50308932::RUZLWGNXOCCORA-UHFFFAOYSA-N,-11.7
50308933::BLKHBMPRDHTKGF-UHFFFAOYSA-N,-10.29
50308934::PWZYWYPWXWMXFF-UHFFFAOYSA-N,-9.063
50308935::QFWVLMXFGQNABU-UHFFFAOYSA-N,-8.508
50308936::HJTDMSVRZXFXDK-UHFFFAOYSA-N,-8.244
50308937::DYNSRIYCGYNKBV-UHFFFAOYSA-N,-8.788
50308938::XUVJSTLMTULKRD-UHFFFAOYSA-N,-8.348
50308939::ILJUMURTXHBGOA-UHFFFAOYSA-N,-8.128
50308940::NVXIKQZUYLCXPF-UHFFFAOYSA-N,-7.493
50308941::YNGWGAYBPCOHHO-UHFFFAOYSA-N,-9.602
50308942::ZINSNBBECNZPOC-UHFFFAOYSA-N,-10.04
50308943::SMUJOARBULKATQ-UHFFFAOYSA-N,-9.078
50308944::PKAIPZNLOTUQKE-UHFFFAOYSA-N,-10.65
50309547::KRICMVKKVCDVBV-UHFFFAOYSA-N,-8.805
50309548::AQXIMVWUURMKKC-UHFFFAOYSA-N,-8.853
50309549::HRUYZDJOLIPWLW-UHFFFAOYSA-N,-10.21
50310339::LWSWLSGAKCSXBP-UHFFFAOYSA-N,-5.453
50311463::LREJPDVGVCQBEA-UHFFFAOYSA-N,-10.55
50311464::QXWHKOZXCRDBND-UHFFFAOYSA-N,-14.9
50311466::JROJOBDTYUBCFO-UHFFFAOYSA-N,-10.59
50311467::NURBYSCFSBBMLZ-UHFFFAOYSA-N,-10.71
50311468::QDGJXOSRDOUWFQ-UHFFFAOYSA-N,-11.07
50311469::SJCQYTOHJMCKJL-UHFFFAOYSA-N,-13.49
50313647::ZRTDGPKHIJCQNA-VYZLDGAWSA-N,-12.2
50313648::OBDZFXLPCBGQSA-WVZUTIKQSA-N,-11.55
50315887::PKCDDUHJAFVJJB-VLZXCDOPSA-N,-10.14
50315889::UUPXLBHSXVXULD-UHFFFAOYSA-N,-13.7
50315890::OFMCNAPDKXHINQ-UHFFFAOYSA-N,-11.92
50315891::OUEPVFYERDPSQL-UHFFFAOYSA-N,-14.43
50315892::VRTJYLZXQJQCPQ-UHFFFAOYSA-N,-12.41
50315893::BFTPDUXUTFGDLP-UHFFFAOYSA-N,-10.28
50315894::UGZVJMYKCCZXOJ-UHFFFAOYSA-N,-12.52
50315897::UUFDRURWKKKAJF-UHFFFAOYSA-N,-11.55
50315898::MFPBQNCVIIGPOV-UHFFFAOYSA-N,-11.16
50315899::JPSXZEQQHPNTNX-UHFFFAOYSA-N,-14.1
50315900::XQFKEPZMCJQYEV-UHFFFAOYSA-N,-10.8
50315901::AWONUZFYKOTAIK-UHFFFAOYSA-N,-13.29
50315902::BIHMIKVTIYXXKN-UHFFFAOYSA-N,-12.03
50315903::BBYDGVLJODYSJL-UHFFFAOYSA-N,-10.98
50315904::IWHRJPQDFJDKQC-UHFFFAOYSA-N,-9.414
50315905::RTHFWNPDIQOHHX-UHFFFAOYSA-N,-10.26
50315906::HYNCHUCDOVAZSU-UHFFFAOYSA-N,-12.84
50320203::DAZCBQNFGSWSQG-UHFFFAOYSA-N,-10.88
50320831::KHQLZJIASNWTGK-UHFFFAOYSA-N,-9.135
50320832::PWNGBUXSARZEQM-UHFFFAOYSA-N,-13.67
50321943::CMWKVPYIDPPPIC-UHFFFAOYSA-N,-8.118
50321998::QNLDNZHJFQMGHT-UHFFFAOYSA-N,-9.274
50322009::DHEZMKZYJNFVFC-UHFFFAOYSA-N,-8.895
50322322::LMJANEYNZOFINJ-VOTSOKGWSA-N,-8.93
50322323::CTAHCBONHHOZRK-BQYQJAHWSA-N,-8.311
50322324::DDFVEPVOFUZFCZ-AATRIKPKSA-N,-9.251
50322325::CYFPQVFLFVUCKY-AATRIKPKSA-N,-21.5
50322326::NYLURTZYLDYWMN-VOTSOKGWSA-N,-8.579
50322327::WVYOFBIKOJAJSC-MDZDMXLPSA-N,-10.46
50322328::UKJQAMRNOQJBNJ-VQHVLOKHSA-N,-9.804
50322329::GZMNVFUTIXSVMI-QPJJXVBHSA-N,-9.044
50322330::QKYBBNMPJXASCG-QPJJXVBHSA-N,-9.006
50322331::PTSBVBCAYLTQNL-QPJJXVBHSA-N,-8.613
50322332::RHVQGNOZEPBSSD-BQYQJAHWSA-N,-7.967
50322333::IJUNVQOREZBHKC-BQYQJAHWSA-N,-9.782
50322334::BUHRXTFCHFVRAR-VMPITWQZSA-N,-9.659
50322335::XTUYBOXHWRYPPU-RMKNXTFCSA-N,-9.722
50322337::JONMXSMABKQCRS-FMIVXFBMSA-N,-11.03
50322338::NRCCVAAPDNQWEP-VOTSOKGWSA-N,-9.607
50322339::QBNMUADYOCPTHB-VOTSOKGWSA-N,-8.906
50322340::OXGPOTGNEOKMQX-VOTSOKGWSA-N,-9.861
50326046::WPZPUDYAMRTIGH-BTNSXGMBSA-N,-9.965
50326061::VTLBOGLRMDPIDX-CIAFOILYSA-N,-9.935
50327046::TWOLOZGQZKJZKJ-UHFFFAOYSA-N,-12.2
50327949::FYSLYZBOZFMTDD-MEMLXQNLSA-N,-11.87
50327950::QMOJTBYMFQXLLU-WGSAOQKQSA-N,-10.27
50327951::RRXVMGHOCPACNG-WGSAOQKQSA-N,-12.72
50327952::JCKPXXCMARLTQI-UHFFFAOYSA-N,-9.487
50327953::HKJUUPKKOAGVDB-UHFFFAOYSA-N,-9.636
50327954::LDLBFITVAGVRNV-UHFFFAOYSA-N,-11.03
50327955::PSLCBMWJMHKRLT-YHBQERECSA-N,-10.74
50327956::SGQJPPQXKVUHGS-PSWAGMNNSA-N,-11.03
50327957::SGQJPPQXKVUHGS-RQNOJGIXSA-N,-10.68
50327958::PAFOOYBINUNMGT-ZRZAMGCNSA-N,-10.59
50327959::PAFOOYBINUNMGT-YHBQERECSA-N,-11.81
50327960::HAJVSTFCLZBFNA-MXVIHJGJSA-N,-11.3
50327961::NRBXSFVELYFYJD-SZPZYZBQSA-N,-11.83
50327962::SKBWQUPLWQUWPH-KDURUIRLSA-N,-10.08
50327963::DLQXAWIVHRHOQT-OYRHEFFESA-N,-10.27
50327964::HTKPXHSTHMGWJY-OYRHEFFESA-N,-9.469
50327965::BCCBBFDXEPUOFF-SZPZYZBQSA-N,-11.61
50332483::QIGGJMQSVPHSJB-YRNVUSSQSA-N,-11.85
50332484::DWLVUAOJOFAURW-UHFFFAOYSA-N,-14.15
50332485::NVVASLWKXTZLJN-UHFFFAOYSA-N,-13.67
50332486::IBUAKKIEDFKTKJ-RVDMUPIBSA-N,-12.62
50332487::OZWPBBYNOKRDFB-LFIBNONCSA-N,-12.27
50332488::NREXZVOJRVRMAI-LICLKQGHSA-N,-14
50332489::WYZOMYWEQQWFAG-UHFFFAOYSA-N,-18.83
50332490::ZMYUKKKHJVNBAM-UHFFFAOYSA-N,-12.6
50332491::SUBNLERWESOYMX-YRNVUSSQSA-N,-12.16
50332492::QAQXTNHOYJTPGB-AWNIVKPZSA-N,-12.2
50332493::DNZYOZKYEXTOPJ-UHFFFAOYSA-N,-12.27
50332494::HRIQVCCRXNQUAH-KPKJPENVSA-N,-12.69
50333372::CGRLNCABNBKKKW-UHFFFAOYSA-N,-12.71
50333374::YSXGNIUKUJNNPR-UHFFFAOYSA-N,-8.555
50333375::DJURWFMQIHTKEM-UHFFFAOYSA-N,-12.99
50333376::LXGQRZKYRSBDJV-UHFFFAOYSA-N,-9.849
50333377::DNUXMLXSNBBBRZ-UHFFFAOYSA-N,-9.871
50333378::HWTNQKRGLLXUKG-UHFFFAOYSA-N,-10.19
50333379::RKUHGVDFHLNNLT-UHFFFAOYSA-N,-8.465
50333380::JPKXJWBKGYESKN-UHFFFAOYSA-N,-9.406
50333381::NRLAWORQYLUKAL-SFHVURJKSA-N,-9.429
50333382::VVORMAVELBPTAS-UHFFFAOYSA-N,-11.96
50333383::RJCCTILJUFFGCE-UHFFFAOYSA-N,-7.957
50333384::MDJCMNYFTLUIDM-UHFFFAOYSA-N,-9.273
50333385::KVCFBSPPQNDXTQ-UHFFFAOYSA-N,-9.869
50333386::FCECKWFNCCJSMZ-UHFFFAOYSA-N,-9.99
50333387::VPNBNXNQPSWMMV-KRWDZBQOSA-N,-15.89
50335374::QMEZKJBCLUGJTN-WFASDCNBSA-N,-7.124
50338587::QVKVCKWOXKTLCP-UHFFFAOYSA-N,-10.12
50338588::MHAZSVGHNFNZJI-UHFFFAOYSA-N,-11.66
50338589::ZTCDSBCIETVDQK-XMHGGMMESA-N,-11.62
50338590::QZLWDYINRJTWPO-PKNBQFBNSA-N,-12.16
50338591::HJVYBTQSZTWFII-IWIPYMOSSA-N,-12.8
50338592::YWZGJIHGJWOZJE-SOFGYWHQSA-N,-12.28
50338593::YJEHFTZFENYBBO-IWIPYMOSSA-N,-10.47
50338594::YLFPZRPXZQPKNI-MTJSOVHGSA-N,-11.06
50338595::DDUXEFVABXYEDJ-IWIPYMOSSA-N,-11.6
50338596::TXIRDIAXSNWNPA-UHFFFAOYSA-N,-15.59
50338597::DAPDIOHPATXXKN-UHFFFAOYSA-N,-11.02
50338598::DBDJGLFOLVMUOF-QILCKVHPSA-N,-12.2
50338599::XRGMUYHNNJZTJU-UHFFFAOYSA-N,-12.92
50338600::NHXPKHTXOWBCBM-UHFFFAOYSA-N,-12.4
50338601::RAFDIVJEOBJAIO-UHFFFAOYSA-N,-10.92
50338603::UVYILPAEBXSCTR-UHFFFAOYSA-N,-10.48
50338604::WVWYBUKDEAJOCJ-UHFFFAOYSA-N,-14.93
50338605::LLGRWVCEOGRFJQ-UHFFFAOYSA-N,-11.93
50338606::RZXIJFPEMANFOZ-UHFFFAOYSA-N,-17.98
50338607::GAMRNOQXQWDHTN-UHFFFAOYSA-N,-11.16
50338608::XOXCLNHQLHSKHP-UHFFFAOYSA-N,-10.99
50338609::QQDKYSNDWYIWJF-UHFFFAOYSA-N,-10.4
50338610::HREKDLNKESWDHN-UHFFFAOYSA-N,-10.54
50338611::KYLIRXGFQWOYMP-UHFFFAOYSA-N,-10.14
50338612::NPNDHEQUNCNINZ-FJEPWZHXSA-N,-11.11
50338613::PUPXFZQHXRUOTN-WCMJOSRZSA-N,-10.56
50338614::GKWOYHUYOVPTDE-UHFFFAOYSA-N,-13.19
50341628::DORMVCLDXDMKMM-UHFFFAOYSA-N,-10.36
50348880::CQPNJQRTSADQCI-UHFFFAOYSA-N,-12.96
50350069::JSDFIHRUQVWHKK-UHFFFAOYSA-N,-12.01
50352760::XDTMZEAHVJVNJG-UHFFFAOYSA-N,-10.49
50353962::WGUUIXDGODOOAS-UHFFFAOYSA-N,-10.55
50353963::XYXQCXCTBGBGLL-UHFFFAOYSA-N,-7.132
50353964::RKEVYIWMMZTIEB-UHFFFAOYSA-N,-8.02
50353965::AFIJGEFBZOCXKC-UHFFFAOYSA-N,-7.161
50353966::DELBGJJGZCXRER-UHFFFAOYSA-N,-9.745
50353967::WJWDSZSWGLMXLC-UHFFFAOYSA-N,-9.184
50353968::AVZLAUUPFXMAEI-UHFFFAOYSA-N,-8.98
50353969::BAGAPPYMHWWPRR-UHFFFAOYSA-N,-8.481
50353970::UPTLDQNYFPKNGN-UHFFFAOYSA-N,-9.499
50353971::NLUWZXLRLCWBRQ-UHFFFAOYSA-N,-10.6
50353972::KARUNYWUPUPXDW-UHFFFAOYSA-N,-9.076
50353973::BIOWMBMJKQEQBG-UHFFFAOYSA-N,-9.417
50353974::OSILTYUNNGSKAC-UHFFFAOYSA-N,-13.75
50353975::VAJPYTMPGMTMKB-UHFFFAOYSA-N,-8.282
50353976::IVYRMPKFFMKMCU-UHFFFAOYSA-N,-10.79
50353977::ZFSARQGLTKFTDV-UHFFFAOYSA-N,-9.352
50353978::ONQVMCPUHNXZRV-UHFFFAOYSA-N,-10.23
50353979::BYFAOQDSQYRKMW-UHFFFAOYSA-N,-8.651
50353980::PQQWXVQKTIBKQQ-UHFFFAOYSA-N,-10.37
50353981::SAGXYHNKKZAQHQ-UHFFFAOYSA-N,-9.084
50353982::PBQPETHNIUHIBB-UHFFFAOYSA-N,-9.661
50353983::DQZBJDMUMWNFRX-UHFFFAOYSA-N,-11.26
50353984::LOLCZXRSTYWMQO-UHFFFAOYSA-N,-9.373
50353985::OSNQWNBNNAMETH-UHFFFAOYSA-N,-10.21
50353986::DXXKYWAAEKIENQ-UHFFFAOYSA-N,-9.368
50353987::FQYOEBSXPQCDHZ-UHFFFAOYSA-N,-9.859
50353988::FXAUAGVDMBJSQJ-UHFFFAOYSA-N,-9.359
50353989::AWTAJVRCTGKUAG-UHFFFAOYSA-N,-8.6
50353990::XPIMFGVJMFQULC-UHFFFAOYSA-N,-8.241
50353991::LBCJLJLRXUEGLC-UHFFFAOYSA-N,-9.417
50355393::QADPYRIHXKWUSV-UHFFFAOYSA-N,-10.72
50357355::KIFVNEIUOPEMEX-UHFFFAOYSA-N,-5.865
50358431::ZXNLHZGFHDHRCO-UHFFFAOYSA-N,-10.93
50358432::XWHJPZMQYNMSOJ-UHFFFAOYSA-N,-11.09
50358433::LJQVSABKPVFCTG-UHFFFAOYSA-N,-11.14
50358434::AYIGALYNJFDMRN-UHFFFAOYSA-N,-10.22
50358435::OXAZPVDJCIJPFP-UHFFFAOYSA-N,-10.64
50358436::RKUBYGFDHATQAZ-UHFFFAOYSA-N,-10.4
50358437::JEQABWAFHZXXLZ-UHFFFAOYSA-N,-10.15
50358438::IZUCNCXKMINXNV-UHFFFAOYSA-N,-9.614
50358439::LVNYQEFSHJDOCT-UHFFFAOYSA-N,-12.48
50358440::WFWGCFGIGNLAGO-UHFFFAOYSA-N,-11.54
50358441::HCONVOOBXMEDII-UHFFFAOYSA-N,-10.26
50358442::PEGQWGLLBPWDAS-UHFFFAOYSA-N,-11.74
50358443::HHAXMCRVXIYOJR-UHFFFAOYSA-N,-10.77
50358444::NKUFCHJXONJOLU-UHFFFAOYSA-N,-10.89
50358445::QWAHCSOEUYGXDS-UHFFFAOYSA-N,-11.31
50358446::SJMHQTPAHZSCGB-UHFFFAOYSA-N,-10.76
50358447::SZVAKAGCAKQORO-UHFFFAOYSA-N,-10.19
50358448::FXRLTQRMUHOCQN-UHFFFAOYSA-N,-12.17
50358449::RWQIOAPAHWFTMQ-UHFFFAOYSA-N,-13.7
50358450::QFMCOTDYFYKZNH-UHFFFAOYSA-N,-11.16
50358451::YYNUBPUXFJKWOK-UHFFFAOYSA-N,-12.64
50358453::ALLOGFWHFYNGAI-UHFFFAOYSA-N,-11.16
50358454::HNFWPMOZPVUYBB-UHFFFAOYSA-N,-11.04
50358455::CMMUJJHJYMYOJR-UHFFFAOYSA-N,-11.92
50358456::XPUIECRALWERTL-UHFFFAOYSA-N,-12.06
50358457::MHJBSGVISQZKDI-UHFFFAOYSA-N,-10.9
50358458::ABLXXKUDDSMAHU-UHFFFAOYSA-N,-10.99
50358459::QZMGOBDHHJBODW-UHFFFAOYSA-N,-14.42
50358460::JFEKMLAOHVYFGS-UHFFFAOYSA-N,-11.67
50358461::YROLHQZDEFQCCR-UHFFFAOYSA-N,-12.51
50358462::MCEJMTKEBSFUJK-UHFFFAOYSA-N,-12.07
50358463::WTCWMZHEAXFWPJ-UHFFFAOYSA-N,-11.39
50358464::VHGQJLWYOGRRAE-UHFFFAOYSA-N,-12.23
50358465::LOFBARGGJCBDJT-UHFFFAOYSA-N,-13.41
50358466::BWWLZGAQCJRAGF-UHFFFAOYSA-N,-13.76
50358467::VEQYCEHJTJSHLO-UHFFFAOYSA-N,-11.67
50358468::ZYVUNNQGVXTJSW-UHFFFAOYSA-N,-11.96
50360123::JVUPYBZTROENBO-UHFFFAOYSA-N,-12.68
50360124::GSMUJALDXITLGR-UHFFFAOYSA-N,-11.03
50360125::UQBXJPGUOYCCAX-UHFFFAOYSA-N,-12
50360126::XSVCKBHBQOJBFL-VAWYXSNFSA-N,-12.43
50360127::FLOZHBPYVLGNOP-UHFFFAOYSA-N,-9.88
50360128::KSGFHOXKNWEUSE-UHFFFAOYSA-N,-9.879
50360129::DPMWPZDHGZWPOE-UHFFFAOYSA-N,-12.07
50360130::MPAXOULLJGPMCD-UHFFFAOYSA-N,-13.46
50360131::NFDDIPISEURWPF-UHFFFAOYSA-N,-10.85
50360132::JYPMMJJOYSIIGV-NTCAYCPXSA-N,-11.08
50360133::ZXVOSVKXPAHYGK-UHFFFAOYSA-N,-11.49
50360134::ONRLVYYHPWCVNL-UHFFFAOYSA-N,-11.92
50360135::HOXUUWIOGRJBDT-NTEUORMPSA-N,-12.44
50360136::LIPSIDLSBZXGTC-GXDHUFHOSA-N,-12.01
50360137::GMHCEPVFLSLCMH-UHFFFAOYSA-N,-11.37
50360138::UJYVBYOEXMTLSP-UHFFFAOYSA-N,-11.21
50360139::JYTZVBGBNXZMGQ-UHFFFAOYSA-N,-10.88
50360453::MCIKCKGVVBUURA-UHFFFAOYSA-N,-16.11
50360455::BEVIHKFPMPLVPH-UHFFFAOYSA-N,-11.05
50360456::GUEGSLQJUWOOEW-UHFFFAOYSA-N,-25.4
50360457::WWVSQNVNUAFENV-UHFFFAOYSA-N,-11.52
50360458::IKVDAZUYVVSZPS-UHFFFAOYSA-N,-13.87
50360459::RRXSXSCXMPQLTP-UHFFFAOYSA-N,-11.55
50360460::MIEIWELMCWAXHZ-UHFFFAOYSA-N,-12.23
50360461::HEBKNWWRCIXZSC-UHFFFAOYSA-N,-11.74
50360462::KERGPNUFPFTXOL-UHFFFAOYSA-N,-12.58
50360463::CGOUWZICCMZSAS-UHFFFAOYSA-N,-13.75
50360464::WIFKVECUZJKXMX-UHFFFAOYSA-N,-88.34
50360465::BLLJPLGCOYWICB-ZRDIBKRKSA-N,-11.29
50360466::YJARNKOBQXKAJC-ACCUITESSA-N,-12.08
50360467::OTAJLAURFDNMKV-UKTHLTGXSA-N,-17.45
50361196::KCVMRCBFSCVBTH-UHFFFAOYSA-N,-17.28
50365902::PIGFSLMRERKGQI-UHFFFAOYSA-N,-10.34
50365903::PUNQXALVACTHRP-UHFFFAOYSA-N,-8.981
50365904::HZRHRWXQWZWELB-UHFFFAOYSA-N,-7.706
50365905::BQRGQEHXXXZSHK-UHFFFAOYSA-N,-8.518
50365906::ZIADXVILFQFNRQ-UHFFFAOYSA-N,-8.935
50365907::WWCVASMHBCZNKQ-UHFFFAOYSA-N,-8.882
50365908::PHXFSWWSQYUKFM-UHFFFAOYSA-N,-10.05
50365909::IQHQBPXIDRMFMS-UHFFFAOYSA-N,-8.213
50365910::PODILHWRRVMRLZ-UHFFFAOYSA-N,-8.658
50365911::OKVRNRWIIFDYEJ-UHFFFAOYSA-N,-7.749
50365912::LIGRRTJJPFSAPD-UHFFFAOYSA-N,-8.008
50365913::TZGNOCLNPUJSTR-UHFFFAOYSA-N,-8.937
50365914::UXZJVRXEHFRETN-UHFFFAOYSA-N,-8.856
50365915::BLSMXBYXZBWETN-UHFFFAOYSA-N,-9.237
50365916::BNORPTGPKVWAPY-UHFFFAOYSA-N,-9.339
50365917::XZMGFGHEVBEPKS-UHFFFAOYSA-N,-8.245
50365918::AZMWIUYEZBYQSF-UHFFFAOYSA-N,-8.121
50365919::PRMDUKYDGYOIPL-UHFFFAOYSA-N,-9.924
50365920::JOTVNLULGGLFMD-UHFFFAOYSA-N,-8.96
50365921::QIUTZYBWGKVERK-UHFFFAOYSA-N,-8.553
50365922::KXGNCZQOLOIOQE-UHFFFAOYSA-N,-8.313
50365923::WBTFVEFVTJEMNS-UHFFFAOYSA-N,-8.791
50365924::OGPAGXJNVYIHNJ-UHFFFAOYSA-N,-8.018
50365925::JBPRGFOBDNXFFR-UHFFFAOYSA-N,-9.059
50365926::IARLBHSZNIZUSF-UHFFFAOYSA-N,-10.33
50365927::SNNBSQFVUWFITM-UHFFFAOYSA-N,-9.71
50365928::FGTVJPSRNYMUBS-UHFFFAOYSA-N,-9.367
50365929::GWPSOYYSFJEVCB-UHFFFAOYSA-N,-9.367
50365930::LZKNVQAOFBZXDM-UHFFFAOYSA-N,-7.941
50365931::XCFMBOIDCQJEKV-UHFFFAOYSA-N,-9.151
50365932::CIIDMOCYZAQMCR-UHFFFAOYSA-N,-9.016
50365933::BAJUJZGJIACELS-UHFFFAOYSA-N,-8.726
50365934::OEQMEHCVGCRYRS-UHFFFAOYSA-N,-9.639
50365935::LQKQOMSUBIBLAG-UHFFFAOYSA-N,-7.825
50365936::RNVJXTDROUJRKH-UHFFFAOYSA-N,-9.356
50365937::MGRJBEXEUBNOTC-UHFFFAOYSA-N,-9.442
50366114::DGOKKNPUISUUGY-UHFFFAOYSA-N,-9.882
50370758::MTHDVQYDQJZAFB-UHFFFAOYSA-N,-11.55
50370935::DEBQVAUIPWIBMA-UHFFFAOYSA-N,-17.67
50371357::DQSMJIPNCYLKDQ-UHFFFAOYSA-N,-13.41
50371359::DBSISHZEFSMQPK-GOSISDBHSA-N,-12.72
50371360::GOIYYHUARAVZLL-GOSISDBHSA-N,-13.23
50371361::SHUGRJASNGVPQD-FQEVSTJZSA-N,-13.63
50371362::QPPYSOHWFOUKPX-INIZCTEOSA-N,-11.39
50371363::WZEUNGUUUBFSGF-KRWDZBQOSA-N,-17.15
50371364::QPPYSOHWFOUKPX-MRXNPFEDSA-N,-12.57
50371365::DEDWEDQNCVGJQP-UHFFFAOYSA-N,-12.45
50371366::XNXUDGXKTVZKLB-SFHVURJKSA-N,-12.21
50371367::QCTACFWJSRSNOJ-OAHLLOKOSA-N,-11.05
50371368::WZEUNGUUUBFSGF-QGZVFWFLSA-N,-11.04
50371369::RHKOFLSVENLYDP-IBGZPJMESA-N,-11.24
50371370::SNIBNOLMGURVKM-HXUWFJFHSA-N,-12.28
50371371::WZACCHHDKDZYQO-LJQANCHMSA-N,-15.78
50371372::CTFGDXFXTZFJLD-GOSISDBHSA-N,-9.645
50371373::SHUGRJASNGVPQD-HXUWFJFHSA-N,-13.16
50371374::UEUYWFQDPARSJF-UHFFFAOYSA-N,-10.63
50371375::IQNBHURYIWAEOA-UHFFFAOYSA-N,-12.12
50371376::IIDKWOQWPGRLIW-UHFFFAOYSA-N,-12.73
50373854::KOBKLBFNTIJTTR-UHFFFAOYSA-N,-60.19
50373855::BERLNDGSHCXVKP-UHFFFAOYSA-N,-12.97
50373858::UWUFUUGZSOQBCY-UHFFFAOYSA-N,-11.6
50373859::BVXBBIZFISJCMB-UHFFFAOYSA-N,-10.42
50373860::YJELZTGEMAQGHU-UHFFFAOYSA-N,-12.79
50373868::HYWZCMMMRGRRRF-UHFFFAOYSA-N,-9.854
50373869::JNCKWWADGCZZGL-UHFFFAOYSA-N,-12.22
50373870::ZXQYLBWEILBYIE-UHFFFAOYSA-N,-16.75
50373871::YXSPCGHWERIFCY-UHFFFAOYSA-N,-10.07
50373872::RVSMZHTVMMGSFY-UHFFFAOYSA-N,-10.87
50375300::RHTVEOLOMRDENY-UHFFFAOYSA-N,-6.602
50376365::DNLCCAYVZKRIEN-UHFFFAOYSA-N,-11.03
50376366::XIRQUSOSPFDYMI-UHFFFAOYSA-N,-11.84
50377268::ZWFYXFAJZVJGKQ-CGOBSMCZSA-N,-8.708
50377269::OCXORRCMDXTOHV-UBKPWBPPSA-N,-7.921
50377270::LIQFDQDQUXXTBU-BLLMUTORSA-N,-8.284
50377271::WDMFQNOTWHKYOA-ZHSUKTGHSA-N,-12.48
50377272::KWGOTWZNNOUINW-HIWRWHBISA-N,-12.4
50377273::FZRBAMDZJYDNRB-VPUKRXIYSA-N,-11.42
50377274::APHSPKWGAGCFBE-LUOAPIJWSA-N,-11.4
50377275::BPVXVUVOXUUPCU-UHFFFAOYSA-N,-11.02
50377276::GGPWWEAGMSDXFA-YCPBAFNGSA-N,-10.31
50377277::DFPVBLYULSUJRC-YSURURNPSA-N,-13.3
50377278::IHENPELYHGNHBT-KBKYJPHKSA-N,-12.26
50377279::DGVCIMUJVPVQEX-KBKYJPHKSA-N,-11.67
50377280::SRECGCFCXBFPTP-NSKAYECMSA-N,-10.57
50377282::JPNWTWIZJFXVAS-LUOAPIJWSA-N,-11.46
50377283::HVLLPZIYFHPUMI-NSKAYECMSA-N,-10.72
50377284::NTGHOCDQFNLSLU-NGYBGAFCSA-N,-8.052
50377285::KSGYKTRNRCPDHT-KVSWJAHQSA-N,-10.51
50377286::VBFBOJPZZPXTID-IPBVOBEMSA-N,-11.34
50377287::DFXACJCBWLFSNJ-KIBLKLHPSA-N,-11.02
50377288::TUVKKBPRVDBWKZ-OPEKNORGSA-N,-10.45
50377352::OOQXPATWSOGSAV-UHFFFAOYSA-N,-13.07
50377357::LQNDDQQRHZEHDD-UHFFFAOYSA-N,-13.21
50378414::IWKMSLYRBYXTNT-RNLLHNEJSA-N,-9.288
50383044::FVHRPBPPQDUXSJ-UHFFFAOYSA-N,-20.42
50383045::KNUFYYKLIKWKII-UHFFFAOYSA-N,-12.3
50384888::PRTPANUTPYMUDM-UHFFFAOYSA-N,-10.45
50386693::AVHNHPHSQMBYAJ-UHFFFAOYSA-N,-16.94
50386694::SXHXSFDRRRWGRB-UHFFFAOYSA-N,-11.24
50386695::DSVDKYADAKKORA-UHFFFAOYSA-N,-51.44
50386696::WUQQSPODIZWQJL-FQEVSTJZSA-N,-10.58
50386697::JDRIEMWAOXMCLE-UHFFFAOYSA-N,-16.21
50386698::SVRFIUCPQRDGOA-UHFFFAOYSA-N,-13.84
50386699::FWRVTLDCKFPGCK-UHFFFAOYSA-N,-9.075
50386700::SEHAPCZLZSSPLF-UHFFFAOYSA-N,-12.12
50386701::AAGKMGNYUYCEPD-UHFFFAOYSA-N,-11.22
50386702::OSBNTMYQLUCHOK-UHFFFAOYSA-N,-10.32
50386703::NXBDRZNDPDCAAE-UHFFFAOYSA-N,-11.36
50386704::RBVREWVCSCUBOY-UHFFFAOYSA-N,-10.8
50386705::ZFRQPCBLXWLNAT-UHFFFAOYSA-N,-10.2
50386706::GSDQZJWVOBCWHP-UHFFFAOYSA-N,-11.15
50386707::SHKHWNUDFOMKAK-UHFFFAOYSA-N,-11.19
50386708::HGQXZYPOEYQQSH-UHFFFAOYSA-N,-14.1
50386709::ADKLWTJYNHIZGI-UHFFFAOYSA-N,-11.38
50386710::LXVWRCNPCFIKGD-UHFFFAOYSA-N,-11.53
50386711::IKXDZCIRCQRTQF-UHFFFAOYSA-N,-10.99
50386712::PDHPVHXAEDIWBQ-UHFFFAOYSA-N,-11.73
50386713::HYMYAHJTTZILBA-UHFFFAOYSA-N,-9.574
50390444::BWCCBKUPFRNBAM-LBPRGKRZSA-N,-11.07
50390670::CVXGWPCZIJNFAQ-UHFFFAOYSA-N,-21.06
50390673::GGUUHEFKRMTXOW-UHFFFAOYSA-N,-11.14
50390676::ZIWYLPCGKQEKRU-UHFFFAOYSA-N,-11.54
50391641::XJMBQSMRJLKLBY-UHFFFAOYSA-N,-13.25
50391642::SEXLNNKPTDAAAL-UHFFFAOYSA-N,-15.47
50391643::UVBKNBPCVRBUTF-UHFFFAOYSA-N,-11.11
50391644::GCMJIBUKSLVDKY-UHFFFAOYSA-N,-30.43
50391645::RSJIZNRDILNEMO-UHFFFAOYSA-N,-12.52
50391646::FTBHGTXTGYLDBW-UHFFFAOYSA-N,-11.76
50391647::VGJRVAUEDBYNMP-UHFFFAOYSA-N,-12.96
50391648::RUEMCYBCUGHERT-UHFFFAOYSA-N,-15
50391649::XZFMZWHIYIWGAL-UHFFFAOYSA-N,-14.73
50394210::LCVXUFKGARHCPF-UHFFFAOYSA-N,-9.159
50395892::XOXWOPNBJDVSJP-UHFFFAOYSA-N,-10.56
50399676::QPOURHROVVCOHC-UHFFFAOYSA-N,-11.25
50400822::ZXSXVMOHFUGVOY-UHFFFAOYSA-N,-7.617
50400825::FTHJFVFBNZYSBE-UHFFFAOYSA-N,-7.031
50400826::ZXFJKUJFFQDHCO-UHFFFAOYSA-N,-6.388
50400827::YNELQQJKQGMKNY-UHFFFAOYSA-N,-7.715
50400828::NQTIZOAZSXDKCX-UHFFFAOYSA-N,-7.186
50400829::ZYXHFBAQRDHEJZ-UHFFFAOYSA-N,-7.026
50400863::UHNMDZJZAUMGNI-UHFFFAOYSA-N,-6.252
50401285::BSBQPLUISHJULY-UHFFFAOYSA-N,-12.73
50402020::NDIUYMHNCUTVGE-UHFFFAOYSA-N,-10.27
50404281::HJEPFPDXSFKWQH-IBGZPJMESA-N,-13.42
50405914::UVVSNULRSVITMO-RQOWECAXSA-N,-13.17
50405915::ZJAWFUBPEDMNMB-BHQIHCQQSA-N,-11.79
50405916::HWQUYPJEAXXIKD-ALCCZGGFSA-N,-11.93
50405917::DXUUKSQGPDLBMH-ALCCZGGFSA-N,-11
50405918::WWCOUQDEXRRTEL-RQOWECAXSA-N,-12.22
50406868::ULXXDDBFHOBEHA-QDLOVBKTSA-N,-9.115
50409732::ZOYSLPZNUAYMBX-OVCLIPMQSA-N,-12.98
50409733::RLAMUHBEMHXALX-RUDMXATFSA-N,-8.175
50409734::XWBXRICFTFJDSS-BJMVGYQFSA-N,-8.372
50409735::IRGAHACBXIFFNJ-CXUHLZMHSA-N,-9.94
50409736::GJYLOJOXXIEPDN-UHFFFAOYSA-N,-7.977
50409737::PMVJTDWQYNWPQI-UHFFFAOYSA-N,-7.953
50409738::LSTSYXGQPRASQW-NSIKDUERSA-N,-10.31
50409740::ANNOGSJJXIDSKS-NTUHNPAUSA-N,-11.54
50411406::KTBZRPANEUUZDW-UHFFFAOYSA-N,-11.14
50413752::CZVAYVPOBIDGLC-ZSOXZCCMSA-N,-6.486
50415616::QLDFAHVPALXKAU-UHFFFAOYSA-N,-9.238
50415620::FRZUSJCWOONEQS-UHFFFAOYSA-N,-10.87
50424976::XGLHIWOCCSHJJN-UHFFFAOYSA-N,-9.057
50424977::NEOSQRVTGAPRQV-UHFFFAOYSA-N,-10.31
50424978::PLZGWUVPCJPYTP-UHFFFAOYSA-N,-10.44
50424979::FKDQCZXKHAHMAN-UHFFFAOYSA-N,-10.64
50424980::RBVCYNLTWDNKOT-UHFFFAOYSA-N,-11.08
50424981::MKPKWKJVSARVQR-UHFFFAOYSA-N,-10.39
50427225::PWQAYVPGWSRNKH-UHFFFAOYSA-N,-9.353
50427226::MDZUGYWTXFSAGX-UHFFFAOYSA-N,-10.28
50427227::UGQFOLZMNOEWLQ-UHFFFAOYSA-N,-11.34
50427228::PMNCGPKTYMEYRZ-UHFFFAOYSA-N,-10.21
50427229::QAEQSYBSVNAKON-UHFFFAOYSA-N,-9.474
50427230::AXCWTPZBNBDGJR-UHFFFAOYSA-N,-8.425
50427231::ARTXCXRRTXRAOJ-UHFFFAOYSA-N,-9.339
50427232::ZFTKFOAKOQEOAJ-UHFFFAOYSA-N,-10.11
50427233::XYMFZAWLOAIXSJ-UHFFFAOYSA-N,-10.71
50427234::HZSFWOABFOFUGI-UHFFFAOYSA-N,-10.64
50427235::WCVWWGMNEYDXSB-UHFFFAOYSA-N,-10.08
50427236::LGGXKYNJQDCCPN-UHFFFAOYSA-N,-9.512
50427237::KURMNYSHIPGJRW-UHFFFAOYSA-N,-14.35
50427238::WRQKYTMPGPMLPI-UHFFFAOYSA-N,-14.73
50427239::NCIQGHZNVPEPHS-UHFFFAOYSA-N,-11.06
50427240::YOWWEQRTMDLMLL-UHFFFAOYSA-N,-10.4
50427241::JQWZMXNLCJLCOJ-UHFFFAOYSA-N,-12.11
50427242::YYRLRYVLVLGRLU-UHFFFAOYSA-N,-9.104
50427243::HADVGAWGEIOCTD-UHFFFAOYSA-N,-9.247
50427244::RGUNUECSTMHJBW-UHFFFAOYSA-N,-8.971
50427245::XFEHHJQRPUGUMO-UHFFFAOYSA-N,-10.99
50427246::IRZMVHVAKKIUEZ-UHFFFAOYSA-N,-8.913
50427247::DURYAAKIQVDWGP-UHFFFAOYSA-N,-9.324
50427248::WFADQLXGYLZEED-UHFFFAOYSA-N,-8.79
50427249::RDNWDRUSXRDQOG-UHFFFAOYSA-N,-10.15
50427250::MXWHQDKBDRIKNI-UHFFFAOYSA-N,-10.29
50427251::NPKZOJCZCANPQC-UHFFFAOYSA-N,-10.28
50427252::IPBTVEGUKBCCDA-UHFFFAOYSA-N,-8.843
50428737::KSBCGWKXTJXPLL-UHFFFAOYSA-N,-10.74
50428738::HJVFTUSVRMGBLM-UHFFFAOYSA-N,
50428740::UANKKVHUCCKCOK-UHFFFAOYSA-N,
50429477::NZCHGHMPHKCWLR-UHFFFAOYSA-N,-10.86
50429867::LNFBAYSBVQBKFR-UHFFFAOYSA-N,-6.857
50430287::AVFJKWOKOZKXRX-UHFFFAOYSA-N,-11.76
50430288::ASUBFYXRDNJNOB-UHFFFAOYSA-N,-9.792
50430289::ISXAVIPPPMJTPN-UHFFFAOYSA-N,-10.33
50432373::QHUDPFOODLMGQO-UHFFFAOYSA-N,-12.05
50432374::BDLBQHQWRICEGB-UHFFFAOYSA-N,-14.62
50432375::LOTDTZWETDFBTC-UHFFFAOYSA-N,-13.08
50432376::QRXMEGUJRZKMEO-UHFFFAOYSA-N,-15.29
50432377::TVQSEOBXKSIHNK-UHFFFAOYSA-N,-13.87
50432378::SVZZZOQIVCYFKH-UHFFFAOYSA-N,-12.84
50436152::MOYLWFAZPQYOGQ-VURMDHGXSA-N,-8.826
50442174::XHJPFLSAHTYUNW-ONEGZZNKSA-N,-12.12
50455738::KJRVCMVPIKELBC-LJQANCHMSA-N,-9.326
50462400::ICPLDAGNUBFYDI-RRMLGFFMSA-N,
50462403::AZURUGWKKSTBSL-HEURMSRJSA-N,
50462407::GAKXGNSPLDCQIF-DOFJNMHWSA-N,
50466660::RBDSMNWWGHWDMP-AWEZNQCLSA-N,-9.636
50466664::INXMROPBPUKGSQ-FQEVSTJZSA-N,-8.322
50466671::MLJSOTTYIVCEQO-VQTJNVASSA-N,-10.12
50468245::ZAJXXUDARPGGOC-UHFFFAOYSA-N,-9.807
50468246::WCOVFXVCWRMHFE-UHFFFAOYSA-N,-15.39
50468247::LPFWVDIFUFFKJU-UHFFFAOYSA-N,-9.967
50468248::PDXFYKHCQHPMFZ-UHFFFAOYSA-N,-13.92
50468412::XIQQPHOWVZOQQP-UHFFFAOYSA-N,-12.95
50468492::ZTYNNPMPRUWCIF-UHFFFAOYSA-N,-13.81
50468493::LWORINFAHRPALE-UHFFFAOYSA-N,-13.7
50468494::TWDYINDEKINRQQ-UHFFFAOYSA-N,-14.63
50468495::XQNBRKJAXBTZMN-UHFFFAOYSA-N,-16.7
50468496::DENWVAYZRYZBAE-UHFFFAOYSA-N,-16.57
50468983::WPPDHWSWHZDVQN-UHFFFAOYSA-N,-8.576
50478426::CTHGIINQRBTFRV-ZZXKWVIFSA-N,-8.238
50478427::IMEGXEIERXOCFE-QPJJXVBHSA-N,-8.105
50478428::LEWMERXWKZWRBX-DAXSKMNVSA-N,-8.767
50478529::RGECQXLUMNQMGW-QMAWHTDNSA-M,-9.854
50478530::APMXOILDEQXLEO-JOFWAJLLSA-N,-10.91
50478531::SALJZRCSOZEVES-LAAQXVIISA-M,-10.63
50478532::FVMGWFHZSIUXPU-PYHSYOTJSA-M,-10.42
50479261::GJIALGLHOBXNAT-KPOBHBOGSA-N,-10.77
50479262::JAAWVSLYMPCCOD-UHFFFAOYSA-N,-8.584
50479263::LACFACJZTLCIGY-UHFFFAOYSA-N,-6.737
50479264::IOBDCMVQCAWFQQ-UHFFFAOYSA-N,-10.2
50479265::KZPGRZQYEBJXQJ-SNVBAGLBSA-N,-6.745
50479266::BVYAURIYXKOUPX-UHFFFAOYSA-N,-9.058
50479267::CEBXXEKPIIDJHL-UHFFFAOYSA-N,-9.64
50480482::WNKYPOGUIDZODB-BVEPWEIPSA-N,-9.291
50480483::IOPGGNYCFGEWPF-UHFFFAOYSA-N,-9.677
50480484::FKTPLNFTYJEAAB-UHFFFAOYSA-N,-9.443
50480485::VSMBLBOUQJNJIL-JJXSEGSLSA-N,-8.295
50489201::IGCZSHRZOSFXMV-OLTWUHDKSA-N,-8.922
50489202::KDYLDEPSAMJSSH-IAOVCDLUSA-N,-8.687
50489203::IAMSURZACLERPY-XMRYUXBUSA-N,-9.148
50489204::IGCZSHRZOSFXMV-VDDQIKNDSA-N,-9.295
50489205::BJERDOMCCSOVLH-PITGTEGRSA-N,-8.83
50489206::DRFGKHJHUXIKNZ-VJZFOKPYSA-N,-9.014
50489207::VPEBRIFNBKFIFR-GYAOZCJBSA-N,-9.699
50489208::IVFHAENEFMWGJJ-FJMKJROUSA-N,-9.57
50489209::DRFGKHJHUXIKNZ-QORRTFGKSA-N,-9.9
50489210::VPEBRIFNBKFIFR-ITRWQBHKSA-N,-8.95
50489211::UROJLZLBFBJHLR-SJQLYEFGSA-N,-9.228
50489212::BJERDOMCCSOVLH-UFWCJVTCSA-N,-8.858
50489213::VPEBRIFNBKFIFR-GNRNFJKQSA-N,-12.32
50489214::IVFHAENEFMWGJJ-CGAQOQAFSA-N,-9.3
50489215::ZSZJXLIMGWEGIK-ZVULCFKQSA-N,-10.86
50489216::RDBDWSGJCBFVNX-ABZGJHIISA-N,-10.91
50489217::WRSGNGCVOFVSNB-KMUHAJROSA-N,-9.212
50489218::VPEBRIFNBKFIFR-DBWIEHIASA-N,-9.769
50489219::WRSGNGCVOFVSNB-HFWQXQBYSA-N,-8.784
50489220::IVFHAENEFMWGJJ-WXSWDZEQSA-N,-8.892
50489221::IVFHAENEFMWGJJ-DVBNQLSCSA-N,-8.203
50491762::VCWFAEZKDDTJAN-MDZDMXLPSA-N,-12.26
50491763::TWMZKGXRZWPZRK-OXDGOREKSA-N,-11.47
50491777::OYABZIPDNINJFK-MDZDMXLPSA-N,-11.4
50491786::LGRVXYADPSWNIY-RGNKTVKFSA-N,-11.46
50491787::YRXYQXDOPAYQGP-UHFFFAOYSA-N,-10.08
50493296::VFZGFLQJVHZUBY-UHFFFAOYSA-N,-9.917
50493299::FKCUYPRSQWUHTJ-UHFFFAOYSA-N,-12.71
50493759::FPCLOYOGYNGFSX-UHFFFAOYSA-N,-14.34
50493760::XVMMZTTYUZMATQ-UHFFFAOYSA-N,-12.57
50493761::FPFVOXIARGRQQR-UHFFFAOYSA-N,-14.07
50493762::CQCHWVJIDPPZIH-UHFFFAOYSA-N,-11.87
50493763::IOWFCZSAGHCMTJ-UHFFFAOYSA-N,-13.25
50493764::KYIOPHOSYULFRB-UHFFFAOYSA-N,-11.26
50493765::NYGBDKPPQUPSIG-UHFFFAOYSA-N,-11.73
50493766::QXBRLYYVUXFWHN-UHFFFAOYSA-N,-15.28
50493767::FHRFXRXFROWCGZ-UHFFFAOYSA-N,-12.02
50494206::DJRPCPJWIBWMJV-DEOSSOPVSA-N,-11.15
50494207::KOEKPENHENCDPT-DEOSSOPVSA-N,-11.07
50494208::NHCQCTRJCYFSFH-NDEPHWFRSA-N,-12.91
50494209::MMNBFIZFTKJPBY-MHZLTWQESA-N,-8.533
50494210::ZERRYWSZOPNVOR-SANMLTNESA-N,-11.33
50494211::JKMKVANXOAOXAM-NRFANRHFSA-N,-9.58
50494212::NSAJROLZGLVIST-HHHXNRCGSA-N,-9.939
50494213::KLXWCPIRHYKNRS-VWLOTQADSA-N,-8.655
50494214::VXCBUMCIOKCXNK-UHFFFAOYSA-N,-17.28
50494215::ANOJHRBABLZKIY-SANMLTNESA-N,-12.77
50494216::ANOJHRBABLZKIY-AREMUKBSSA-N,-17.61
50494217::CYZFATWGGZSCIQ-UHFFFAOYSA-N,-15.22
50494219::PYBABMFTQNANEK-SANMLTNESA-N,-12.81
50494220::ZIETVRSYZYJSDW-VWLOTQADSA-N,-8.373
50494221::WPKFTRYAFVFPIH-FQEVSTJZSA-N,-13.67
50494222::FQHRBBXIMFSJRB-DEOSSOPVSA-N,-10.04
50494223::DUDFWGDXPRDGEH-VWLOTQADSA-N,-10.58
50494224::NQRXMBVOEORPDS-UHFFFAOYSA-N,-22.94
50494225::OREFCTWERPKHHA-DEOSSOPVSA-N,-9.782
50494226::NSAJROLZGLVIST-MHZLTWQESA-N,-10.14
50494227::YQTYBOJYCJRMTF-QFIPXVFZSA-N,-8.991
50494673::MPIQYQIEOBCLFG-VQHVLOKHSA-N,-9.712
50498972::WPZKCOGUAMITHT-UHFFFAOYSA-N,-9.965
50498973::BPMVYYLSRDJWNL-DOMZBBRYSA-N,-9.646
50498975::WBAMFNDJQOEJFN-YOEHRIQHSA-N,-8.856
50498976::WBAMFNDJQOEJFN-PBHICJAKSA-N,-9.772
50498977::QUOQTGPAFKSIQB-UHFFFAOYSA-N,-11.08
50498979::IBVWYYCFTLKCAL-UHFFFAOYSA-N,-11.46
50498980::HVRZVMCNHMWTOQ-UHFFFAOYSA-N,-9.145
50498981::ZZSGWKOZQAXJQS-UHFFFAOYSA-N,-11.76
50498982::CBMMZVNQSZODPO-UHFFFAOYSA-N,-11.27
50498983::GCQOXKGFFOKJEO-UHFFFAOYSA-N,-9.197
50498984::MTUQMGZENJYREJ-UHFFFAOYSA-N,-17.39
50498985::SXBQBMPZTKSXKA-HNNXBMFYSA-N,-10.23
50498987::CTUOWUBSEUXLDY-SOFGYWHQSA-N,-10.04
50498988::NMZMPVANOBBUBA-SOFGYWHQSA-N,-9.609
50498989::BJQBLOLTVCVLLZ-CJNGLKHVSA-N,-9.022
50498990::PXBGUQFPFOVMDS-HNNXBMFYSA-N,-10.56
50498991::VOVOJNOXHDWRNB-UHFFFAOYSA-N,-8.657
50498992::BJQBLOLTVCVLLZ-BBRMVZONSA-N,-8.855
50498993::UYZYANPFOAPRFB-UHFFFAOYSA-N,-8.575
50498994::YJXDRUZZNZTVEI-UHFFFAOYSA-N,-10.92
50498995::RNRPHSIIFXHBMJ-UHFFFAOYSA-N,-13.55
50498996::UMJAMNNZTJYPHO-UHFFFAOYSA-N,-7.978
50498997::XPOBVOKPEMRIMI-UHFFFAOYSA-N,-10.76
50498998::KGZAVBXWUBVOQO-UHFFFAOYSA-N,-9.042
50498999::CGDZTEHAPAOWKF-UHFFFAOYSA-N,-12.24
50499000::UCZUTCUHEHGTJN-UHFFFAOYSA-N,-9.341
50499001::BROYMMFRLLTITA-UHFFFAOYSA-N,-8.644
50499002::ZNCRTOWCSZYNSA-CJNGLKHVSA-N,-10.23
50499003::CETLUXCQLCEHTG-UHFFFAOYSA-N,-9.309
50499004::SHYWETJFHVMCJS-UHFFFAOYSA-N,-8.749
50499005::SPPAJTSZHAHTMB-UHFFFAOYSA-N,-11.16
50499006::ISEOHVYXZDFSGA-UHFFFAOYSA-N,-9.635
50499007::LXWYQYPWFLGFEO-UHFFFAOYSA-N,-10.28
50499008::PBSKYLGNVPSCSA-UHFFFAOYSA-N,-9.817
50499009::YFJUAMUPMFOZBJ-UHFFFAOYSA-N,-9.382
50499010::FYQBREXHKBTBID-UHFFFAOYSA-N,-24.58
50499474::DKYMPVIRCOVXIQ-HKRAOGPISA-N,-13.02
50499476::GUNGLHVTYBPXSV-KIBLKLHPSA-N,-9.912
50499477::AWHHCFVTKDJWJG-APXRIWSKSA-N,-12.41
50499479::ZOONTTAYNCWDMZ-RWPZCVJISA-N,-11.98
50499482::DJNKMGAGSHHRKZ-LTXFQSEHSA-N,-10.98
50499483::ONZJVLAOVOQGTB-XKJRVUDJSA-N,-9.144
50499485::VNXHLXXQPIDCEK-MAQKOMCASA-N,-10.72
50499634::WAAWETUDFSIYSD-UHFFFAOYSA-N,-10.9
50500089::NLSNSCBPWXRRPL-UHFFFAOYSA-N,-11.13
50500090::RSNNOUWADQQHGE-UHFFFAOYSA-N,-10.88
50504102::GXIHBWCRCZNSHX-UHFFFAOYSA-N,-15.25
50504104::HKMTYQNMRIBAHX-UHFFFAOYSA-N,-11.43
50507316::PXGDIYNZVLBJPI-UHFFFAOYSA-N,
50507319::JBSDBYXRHGAOIT-UHFFFAOYSA-N,
50507551::GZVQZLVAKXRTHU-UHFFFAOYSA-N,
50508279::AHSHLCHRUOLDSB-VQHVLOKHSA-N,
50508283::CYQSRZQWLBOOCC-BQYQJAHWSA-N,-9.31
50509949::KKJMPXBLFLQRJJ-QGZVFWFLSA-N,-8.775
50510133::XYNOVGMRAYSMEO-UHFFFAOYSA-N,-11.21
50511997::LXURGGKEOPHREO-DENIHFKCSA-N,-16.14
50518523::SUMLGNXNNUFULV-UHFFFAOYSA-N,-14.98
50518524::AFWYYXKXLMISDO-UHFFFAOYSA-N,-12.26
50518525::IWDPHKMXZATXEI-UHFFFAOYSA-N,-11.11
50518526::IJHIBLXDVDXQDY-UHFFFAOYSA-N,
50518527::FXZXGCSIPRGRIG-UHFFFAOYSA-N,
50518528::RFSXIPRAZZPVFM-UHFFFAOYSA-N,-11.96
50518529::QKTKDJIEUPRNOB-UHFFFAOYSA-N,
50518530::RPRAZNCIOCLZNW-UHFFFAOYSA-N,
50518531::GPRREFHLBPUWFY-UHFFFAOYSA-N,-12.16
50518532::HPDMZZRKXWZKHV-UHFFFAOYSA-N,
50518533::DFDUYVRHGNUQHL-UHFFFAOYSA-N,
50519662::WVGDUQVQWLHVEA-UHFFFAOYSA-N,-10.43
50520589::GDRLJBDXWDATLA-UHFFFAOYSA-N,
50520597::ZMYXCQOKPQVAIY-HNNXBMFYSA-N,-10.3
50525254::FTLXEEZMWYOWNE-PFBVQCKNSA-N,
50528842::RLBYKRSCHUVFAG-UHFFFAOYSA-N,-10.18
50528843::MFRSLBCAYUHKEI-UHFFFAOYSA-N,-9.013
50528844::LLEGONWDLMTBGZ-UHFFFAOYSA-N,
50534722::JKIVVKXQGRWKDP-NSCUHMNNSA-N,
50534724::JMIAHUUVJVWQPL-ONEGZZNKSA-N,
50534725::OJZOATKRUUBXBM-SNAWJCMRSA-N,
50534726::HHTCQPURTHSGTL-NSCUHMNNSA-N,
50534733::RJZUVQHBSXINFT-GQCTYLIASA-N,
50534734::JWMBDFBXVNJSMO-OWOJBTEDSA-N,
50535309::QRYCUSXBKIUASA-UHFFFAOYSA-N,-11.06
50535314::KOFUQOSYLNBEDS-UHFFFAOYSA-N,-10.74
50535325::ZORWAVAQHOXTHK-UHFFFAOYSA-N,
50536675::QNABDSWBQJKBHK-UHFFFAOYSA-N,
50536678::UEFCSGDOOJJXTN-UHFFFAOYSA-N,-11.41
50536679::LYADGAGFYYXXIO-ZWKOTPCHSA-N,
50536681::NGFGTMFVWSDFPS-UKRRQHHQSA-N,-9.155
50536790::HVEABAGWWBLXHR-UHFFFAOYSA-N,
50537742::GXEXIUKEWXZCEF-UMVBOHGHSA-N,
50539773::FUCZYDBKFNOERW-UHFFFAOYSA-N,
50545277::HAZSHDZWYBFNQU-ZZXKWVIFSA-N,
50545278::LSCYWBZWOOITKQ-GORDUTHDSA-N,
50545281::ZZCPVBCYUULJEG-QPJJXVBHSA-N,
