18193::RZXFACZHKGAOSC-UHFFFAOYSA-N,-8.21
18197::DKTPAKMQCCCINA-UHFFFAOYSA-N,-8.529
18198::HDJRNXPOUGPQHH-UHFFFAOYSA-N,-8.075
18201::PLVSLGFGXYLLNA-UHFFFAOYSA-N,-8.098
18212::WHDBVRBJWGZQAF-UHFFFAOYSA-N,-7.742
18213::SPBFNRFRJLBCIQ-UHFFFAOYSA-N,-8.007
18214::UAYIYIYEAZMBLP-UHFFFAOYSA-N,-8.605
18525::LKJPYSCBVHEWIU-UHFFFAOYSA-N,-8.036
18537::MMLSXRYBGYGQEP-UHFFFAOYSA-N,-9.124
18616::QQGISFDJEJMKIL-JAIQZWGSSA-N,-6.288
18617::UZNBZDTUBTWOBU-MTJSOVHGSA-N,-6.03
18622::VXOKHYHZXBLDSC-UHFFFAOYSA-N,-6.717
18623::XTLUPLYDVHOHSW-BUZNVXKCSA-N,-6.938
18626::CAVTYMQSFAIXRJ-AKXZRBJUSA-N,-6.946
18628::MJQKPIOTILTXNU-ODLFYWEKSA-N,-6.728
18632::QBUKAFSEUHGMMX-MTJSOVHGSA-N,-6.932
18702::FYPGSJVROLPAHA-UHFFFAOYSA-N,-7.25
18706::OTAVWHYNRBBEDJ-UHFFFAOYSA-N,-7.067
18707::XVBNVAJRAFBUFP-UHFFFAOYSA-N,-7.85
18708::XYSOKLVJBGXCFV-UHFFFAOYSA-N,-8.223
18709::UDEKXGMXYOFLCW-UHFFFAOYSA-N,-6.72
18710::UVGDXGWUNNCDKN-UHFFFAOYSA-N,-6.923
18711::ZFOXXXRGHGCJGP-UHFFFAOYSA-N,-8.069
18712::MMEYJCDBDLRVJV-UHFFFAOYSA-N,-7.448
18714::DKLYGWOPRPJURQ-UHFFFAOYSA-N,-8.342
18715::ZIWULKAFQVYSMS-UHFFFAOYSA-N,-7.489
18716::QRLZVPMAUWNKEO-UHFFFAOYSA-N,-8.204
18717::OSHKIGHNCFPISW-UHFFFAOYSA-N,-8.168
18718::QEYIPZOJYLGUHY-UHFFFAOYSA-N,-7.549
18720::AZXWUJXCVIDGJV-UHFFFAOYSA-N,-7.427
18722::YQBRTDYULQKXOO-UHFFFAOYSA-N,-8.814
18724::IHUCBQQFKFUGJU-UHFFFAOYSA-N,-7.562
18725::GWXSFBMSMRCBDS-UHFFFAOYSA-N,-6.964
18727::AHCZZOJYVQVLQG-UHFFFAOYSA-N,-7.377
18728::JJBGOTRJBHAAQW-UHFFFAOYSA-N,-7.512
18729::UQGIWZOYDNHCSJ-UHFFFAOYSA-N,-6.567
18730::RIIJLXFIVQWZNO-UHFFFAOYSA-N,-7.461
18731::JVSMSOQVLPRHJX-UHFFFAOYSA-N,-6.696
18732::IGNUMFRXLRBTMF-UHFFFAOYSA-N,-7.237
18733::LXTIFZGYEFYLBT-UHFFFAOYSA-N,-7.822
18734::KPAXBIAZFPSKKK-UHFFFAOYSA-N,-7.673
18735::UKWDXTKCAKQGJP-UHFFFAOYSA-N,-7.564
18736::JFEUWHWUEKXKKU-VOTSOKGWSA-N,-7.803
18737::DQALECYZLFPXOQ-UHFFFAOYSA-N,-6.914
18738::BNKAEHGIVAYNSJ-JXMROGBWSA-N,-7.099
18739::XLEGIUMNLZUICH-JLHYYAGUSA-N,-7.184
18740::LQSQZDKLBRTUSD-UHFFFAOYSA-N,-8.422
18742::LEVDGZJDDWYGIQ-UHFFFAOYSA-N,-6.986
18743::QRCFBGIHXCXGIS-UHFFFAOYSA-N,-7.864
18744::XYBAXMXTSMKKKQ-UHFFFAOYSA-N,-8.853
18745::ZWZZCNSUUOQZFI-UHFFFAOYSA-N,-6.625
18746::SSAMEZHVGWGDGH-UHFFFAOYSA-N,-8.534
18752::IRNANWRMLGUTHL-UHFFFAOYSA-N,-8.95
19191::PAUIGLFJCJDVFW-VJTSUQJLSA-N,-8.573
19192::LMWKGVHGBOZNCF-VJTSUQJLSA-N,-8.624
19199::MFEARMWUWKRDRV-BQQUOAEZSA-N,-10.42
19200::LMWKGVHGBOZNCF-GPXOXTDOSA-N,-8.723
19201::IPYQHDGIOUODBE-KKUQBAQOSA-N,-9.017
19207::UHCPLNBCYFXVSL-PUHATCMVSA-N,-8.126
19233::NSUUUQRFPXZFLI-ZPCMSWJYSA-N,-7.118
19234::KHLLMEXZTPDMCY-UHFFFAOYSA-N,-7.773
19235::SEVGDNHYESBDRZ-UHFFFAOYSA-N,-8.657
19236::CFZKPYJJGYQRFD-UHFFFAOYSA-N,-7.549
19237::AJAOWKDQDBTLKO-UHFFFAOYSA-N,-7.454
19238::USLSTEHVCOVPEK-UHFFFAOYSA-N,-8.17
25430::CSOANLOTNWGJSK-UHFFFAOYSA-N,-7.899
35909::YPQLFJODEKMJEF-UHFFFAOYSA-N,-7.547
68288::LUJJSVVVOUNZCK-XWXFUNDISA-K,
68289::WACJSQWDWMRABT-MLXIKFOBSA-J,
68290::HYZSNBOATRRRQM-SMINDYTMSA-N,-7.674
68291::HWLLDYUDDBUVIU-WQLFUQHESA-K,
86678::DIQQLBPGHRQICQ-NMSBOQRNSA-N,-8.025
86679::KSWXQSSYLPVCOT-CDQGEJIPSA-N,-7.427
86680::PSGAAPLEWMOORI-UHFFFAOYSA-N,-6.043
141368::VPLFURZOENDKIP-BWGXUDETSA-N,-9.121
141372::ZZWJKLGCDHYVMB-BWGXUDETSA-N,-9.516
141378::WNNXPJZAYDDMCY-BGOLNKOXSA-N,-8.918
141379::BHIQUIYSVRULQI-BGOLNKOXSA-N,-10.04
142632::ZOQCHOPYQLCJAE-ZORRQXKKSA-N,-7.666
142633::JYYDMSJVMDLMPR-XUJOMZSTSA-N,-9.352
142634::OWJRNHUDJKJKDG-BRPNSIIGSA-N,-10.38
142635::KAUYWBKESXHYHY-BUDYZGGTSA-N,-9.01
142636::NPQJUXZKYVHMNY-BUDYZGGTSA-N,-9.316
142637::YOVQILQTFYDVHU-UFMMEHHESA-N,-9.798
142638::INHWHLPFIVXVHK-TVASPAASSA-N,-8.94
142639::IECGUXKNALUNRX-TVASPAASSA-N,-8.913
142640::UWRFZHBVLLTGSN-BUDYZGGTSA-N,-9
142641::QOKBDMCTJPOERX-VDXMOKCDSA-N,-8.697
142643::OTRYZVITNGFGQP-VDXMOKCDSA-N,-7.159
142644::VVMUECDKKOQFSV-LDQMMROCSA-N,-8.346
142645::CIILJZJOLQZJTP-FSSNKTKLSA-N,-9.145
142646::MLKWIDHTFVOTCU-JNHIHOPKSA-N,-8.976
142647::ONJDMPZEYBMANI-ZBKBXQEDSA-N,-9.461
142648::XMUYZDADNDVJIS-DVCXALKBSA-N,-8.6
142649::WLZJZUASQWXOGD-KAFBVOGGSA-N,-7.958
142650::IZIRUZCMNOMEER-NIRRKYISSA-N,-9.652
142651::RZLNRXBPGQEHEO-RFYWBZLDSA-N,-7.943
145862::GNZJIIUXMNGZCY-FPOQGDMISA-N,-8.21
150276::KAVBXXNJZQGZIT-CFCWNOQOSA-N,-9.261
150277::BBPIYWKWDHEGML-GMYFBYKVSA-N,-9.38
150278::OCKLEWKOKFDMHP-WUHVDZIJSA-N,-9.269
150279::FBRSRKWFLZVSLF-WUHVDZIJSA-N,-9.63
150280::KZGODNLSXIAMIQ-WKKHHKSOSA-N,-8.733
150281::CGXAYJDPWPSYLD-GYCQOJBWSA-N,-8.572
150282::NEYLJRNOSBUARA-DUAPPZKWSA-N,-7.538
150283::WAORTEATHIIKSN-GHWTUNCLSA-N,-8.672
150284::WAORTEATHIIKSN-COBLQOHFSA-N,-8.291
158513::VXKBREQCYRAEHY-XUDSTZEESA-N,-10.73
158514::NNEWMMFHUDIZPO-XUDSTZEESA-N,-10.78
158515::QLCLQHCJXWSVTF-JGUZPDMNSA-N,-10.58
158516::USLUSBGRSPWYFF-NLQREHEDSA-N,-8.799
158518::QGNJUOXZTPPCOF-YYGBOFOUSA-N,-9.549
158519::ACDLPCXLODOBHE-ZCPXKWAGSA-N,-8.943
158521::FXOBRTHYLJLPSC-NLQREHEDSA-N,-8.855
158522::KSBBSPJEGUHNTP-YCZZPANZSA-N,-6.697
158523::XAEBVWFWHJQFCD-YCZZPANZSA-N,-8.845
158524::ZEOIRIKFAKERSP-JNFBOQJPSA-N,-6.555
158525::HZRWBHDMULHBAO-PHRMCSLUSA-N,-8.693
332052::BJNAVMMYORPBLT-UHFFFAOYSA-N,-7.487
332400::LLAYKICZBDGIGI-UHFFFAOYSA-N,-7.466
332401::UBRFDZVHGGUVEL-UHFFFAOYSA-N,-7.141
332402::USUVLGWDWVYTDF-UHFFFAOYSA-N,-6.301
332403::RRWMFEXUNNLRMV-UHFFFAOYSA-N,-7.668
332404::RRWMFEXUNNLRMV-SECBINFHSA-N,-7.84
332405::SKDVMPZQJMZEAC-SECBINFHSA-N,-7.767
332406::GIBXFMCQBQGCKE-VIFPVBQESA-N,-6.858
332407::VRUCIOQGHMDWET-UHFFFAOYSA-N,-6.861
332408::GUVXCWSUCSDGOW-OQPBUACISA-N,-7.484
332659::ZQFNDBISEYQVRR-LOSJGSFVSA-N,-8.791
444986::SNPCBJKZSXMVRY-APTODLHGSA-N,-7.097
444988::OUXFXJUDVPDIII-BFQQSILCSA-N,-7.331
444998::DQCNRZPBBUYZOQ-APTODLHGSA-N,-7.544
445000::OHDDNRZGDGYKBR-BFQQSILCSA-N,-8.366
445001::STJWTSUWXXKJNZ-APTODLHGSA-N,-8.156
445004::ONOSXGJCDWPVFI-IZPVIQOYSA-N,-8.518
445005::YKFHUVOJZGWRDY-DGVSTEEASA-N,-6.406
445006::NNWXOVXANQHVST-IZPVIQOYSA-N,-8.378
445012::LCDCPIOGHJGDBP-APTODLHGSA-N,-7.986
445015::JQFDYENGUWMLDJ-BFQQSILCSA-N,-7.481
445016::LUMRHKVOXMIPGU-IZPVIQOYSA-N,-7.744
445024::DJDDNTUYFUVZIC-KLIKBRENSA-N,-7.067
445027::GASWMZGBPZTMAX-WFYWOQIVSA-N,-8.379
445028::MXEOXTXWJGNBGH-RNCXWHAWSA-N,-6.739
445029::LMDPQPFQNKMDNL-NJGZVMNZSA-N,-8.747
445030::LMDPQPFQNKMDNL-NWKGZKDGSA-N,-8.495
445031::DHMLTYBVPKCCCQ-LLIBTFQNSA-N,-7.804
445032::QOSRQKJZZAEYCI-RNCXWHAWSA-N,-7.595
445033::MPEPSOPXQDGEHP-WWBNNTNKSA-N,-7.289
445034::QLZJETYFHQVNRB-MJHMFWKOSA-N,-6.888
445035::TZSWJUXVIXDAFP-GIKMTKBJSA-N,-6.846
445036::ZSQDKVKYFDHRLJ-LAVNOEAQSA-N,-7.766
445037::WFQCSOVOMJIJSZ-KAMHTMOFSA-N,-7.455
445038::FFJPGJNSRNWRSX-FRUWFGJYSA-N,-7.099
445039::KYYOITYDBWGJFD-NDZHPTPASA-N,-6.557
445040::YXBSHEFOZZFYPO-MJHMFWKOSA-N,-8.952
445041::QZQDZOOHRIJKQN-LZZYNOKFSA-N,-7.393
445043::QOSRQKJZZAEYCI-WENIGVARSA-N,-6.953
445044::MXEOXTXWJGNBGH-WENIGVARSA-N,-7.287
445045::OYHQTRCZCQLKPX-WWBNNTNKSA-N,-8.347
445046::XXWVLLGWBXOMHQ-CIIRJJMISA-N,-6.94
445047::WPGAOHWZNCMFLY-LQSNNOPRSA-N,-7.823
445048::SIMVLEKLLFIFBJ-ZAHWGWTDSA-N,-7.759
445049::HGSACWBRJAQDIP-ZZKSWSTFSA-N,-7.954
445050::QFXLFIGPPAXZQQ-JDYFQJKBSA-N,-6.899
445051::HAJBHFSMKOWEHU-ZAHWGWTDSA-N,-6.594
445052::OJVZKFXAMCVCKM-JLFKHTLVSA-N,-7.489
445053::AJRCJKOZPZLBPW-KAMHTMOFSA-N,-7.537
445054::HXJYKDIOBRNHTQ-AYVNCGCOSA-N,-6.42
50001763::DCDROSDZJJENGM-UHFFFAOYSA-N,-6.47
50001764::WFWYPLJPWQFIDB-UHFFFAOYSA-N,-7.818
50001766::CFDUSNZVLMAHPE-UHFFFAOYSA-N,-7.5
50001767::ACXWUSNNWQQMLC-UHFFFAOYSA-N,-7.429
50001768::CFDUSNZVLMAHPE-DEOSSOPVSA-N,-8.142
50001769::PZPQWFDLBYRFRX-UHFFFAOYSA-N,-7.739
50001770::PSVUKSBGYCPEPY-UHFFFAOYSA-N,-8.751
50001818::XLVWWNSBFIWDGB-UHFFFAOYSA-N,-7.757
50001819::UOQDJARZYKYGGM-UHFFFAOYSA-N,-5.814
50001820::MDONCBVHXUPFSV-UHFFFAOYSA-N,-5.973
50001844::XVRMBKTWYOUVHL-UHFFFAOYSA-N,-8.326
50001865::IDQLLXNOYLBCPV-UHFFFAOYSA-N,-7.704
50001873::QHOJOECNCQYKGI-UHFFFAOYSA-N,-9.2
50001918::CFDUSNZVLMAHPE-XMMPIXPASA-N,-7.734
50009583::HIVDHOVSADNOOW-KWMCUTETSA-N,-8.558
50009584::IYSJAKSFBLSTEX-ACSYHNTCSA-N,-8.169
50012238::KWIVMBACKDKFDU-UHFFFAOYSA-N,-6.212
50012239::QWKLZIALZQJOSN-UHFFFAOYSA-N,-5.849
50012248::ANTNYXKRKCAFFM-UHFFFAOYSA-N,-6.076
50012260::VDHXRGDGOVVIMJ-UHFFFAOYSA-N,-6.884
50012261::ZVLMEBRSAAPUQR-UHFFFAOYSA-N,-7.941
50012264::ZSNPVTVSKMYBCK-UHFFFAOYSA-N,-5.908
50012265::RUCDTKJUELSMCT-UHFFFAOYSA-N,-6.924
50012267::NWMRKJJLGPOYJH-UHFFFAOYSA-N,-6.066
50012268::YZYLAPSMVPVKOG-UHFFFAOYSA-N,-6.478
50012269::NKLTUBXOEGMKJS-UHFFFAOYSA-N,-9.153
50012270::LOPKZCKYRROVIE-UHFFFAOYSA-N,-6.869
50012271::MUFMZCVIZNOACI-UHFFFAOYSA-N,-7.316
50012272::UULXHXIRZISPDW-UHFFFAOYSA-N,-5.662
50012273::CJZOGPPJNQBBJJ-UHFFFAOYSA-N,-6.925
50012279::WPXRSSQLGMFIPI-UHFFFAOYSA-N,-6.559
50013413::APPWKMITVMBLGJ-JOCHJYFZSA-N,-8.104
50013414::SYEBWDBFEZMPGA-HSZRJFAPSA-N,-8.167
50013416::OQPWNIVCEUVXQA-LJQANCHMSA-N,-7.956
50013417::SBDSRXRKPFBZKC-HXUWFJFHSA-N,-7.885
50013418::RJQJDEABEOFARD-HXUWFJFHSA-N,-7.775
50013419::UELZZZJHSVGWCD-JOCHJYFZSA-N,-8.066
50013420::XPEDSWFHLZUGLG-HXUWFJFHSA-N,-8.041
50013421::STIUBRUMWDMBIN-QGZVFWFLSA-N,-7.779
50013422::OFYAWCBWRHXDLF-OAQYLSRUSA-N,-8.22
50013423::GIGLOUBLJGBNFW-JOCHJYFZSA-N,-8.215
50013424::SQHLJUMBLUSUDF-HSZRJFAPSA-N,-8.291
50013425::UPCKDXKXFLMNKF-LJQANCHMSA-N,-8.307
50013426::LRBFONSWDTXIPJ-HXUWFJFHSA-N,-7.749
50013427::IUNQMQGEALWGST-OAQYLSRUSA-N,-7.715
50013428::WMKYADUQBAAZDB-JOCHJYFZSA-N,-8.422
50013429::ITUJADZBZLVYSO-HXUWFJFHSA-N,-8.721
50013430::DEFYZGCPPXOTTL-OAQYLSRUSA-N,-8.705
50014432::NMWIJNGJMPMFQG-IBGZPJMESA-N,-9.2
50014433::NUUMMLYSKRRLTQ-INIZCTEOSA-N,-8.712
50041890::AUIFRJWXYUNPPV-UHFFFAOYSA-N,-7.188
50041891::XDLANRATEHYNAI-UHFFFAOYSA-N,-9.576
50041892::OXLAICHJWSSTJE-UHFFFAOYSA-N,-7.535
50041897::JTNNQTQMGYMRGO-UHFFFAOYSA-N,-8.738
50041898::WPHQTOKGVMHYCJ-UHFFFAOYSA-N,-7.079
50041899::AFQIBZSGVWHLSI-UHFFFAOYSA-N,-7.78
50041900::CXXWEXDTTVWKSJ-UHFFFAOYSA-N,-8.692
50041902::COSBNJYEIDBEST-UHFFFAOYSA-N,-10.38
50041903::VVCVRVUPFSJFRH-UHFFFAOYSA-N,-7.184
50041904::GJXAQWRUPWTIBX-UHFFFAOYSA-N,-7.205
50041907::PHUOGFXDMSBGIK-UHFFFAOYSA-N,-8.578
50041908::CVNFMOXXWTZVDU-UHFFFAOYSA-N,-9.223
50041909::TYOOOSONZFYFLZ-UHFFFAOYSA-N,-8.731
50041910::OVDGYTOZNODCOE-UHFFFAOYSA-N,-8.216
50041911::QDMKBJCCHCGTOQ-UHFFFAOYSA-N,-9.541
50041954::JNJSRSUVKCYZLN-UHFFFAOYSA-N,-8.598
50041955::KAEZOVLEAHIZGN-UHFFFAOYSA-N,-8.461
50041957::QGPHIACZTUTSAR-UHFFFAOYSA-N,-8.629
50048137::KDYPCNJWRPAIGJ-UHFFFAOYSA-N,-6.395
50048138::MKZDDTPXEWPKGB-UHFFFAOYSA-N,-7.1
50048141::XPTQEZCSKFHDNI-UHFFFAOYSA-N,-6.806
50048142::GNEMLJHVMXSODL-UHFFFAOYSA-N,-7.393
50048143::BGXXLRSGNGWIOR-UHFFFAOYSA-N,-7.085
50048144::UCJIPGPBTFGJEQ-UHFFFAOYSA-N,-7.114
50048146::FGQBGBIHWBTRKP-UHFFFAOYSA-N,-7.179
50048147::QLIJOARBFPIACM-UHFFFAOYSA-N,-6.904
50048148::FOYSFPHDGNNYMU-UHFFFAOYSA-N,-6.539
50048149::HXRWXTPIAKXJDL-UHFFFAOYSA-N,-8.458
50048150::CSIUOQFQLFCWSB-UHFFFAOYSA-N,-7.575
50048151::GCAMTQZMWGXQSY-UHFFFAOYSA-N,-7.064
50048152::KHLXYBLOYVEAQM-UHFFFAOYSA-N,-7.196
50048153::NFXGORVTGOUZTR-UHFFFAOYSA-N,-6.682
50048154::XRTUUNGHUVPNHC-UHFFFAOYSA-N,-8.278
50048155::DBLRWERIVACADQ-UHFFFAOYSA-N,-7.886
50048156::WVCRJJQIOABWDK-UHFFFAOYSA-N,-8.706
50048157::YAFBUYLGFUEMRI-UHFFFAOYSA-N,-8.245
50048158::FDDHLIKGRGAAEP-UHFFFAOYSA-N,-6.921
50048159::JTSZTPRINPGPPC-UHFFFAOYSA-N,-7.319
50048160::KQRKOTJZLVLZJI-UHFFFAOYSA-N,-7.535
50048161::LBVZDXOTAWYART-UHFFFAOYSA-N,-7.811
50048162::JCQVNHZHSDWZDJ-UHFFFAOYSA-N,-6.989
50048163::BKLSOMLMQKYOSK-UHFFFAOYSA-N,-8.042
50048164::OOAVTSRCEHYJGU-UHFFFAOYSA-N,-7.109
50048165::GZNAJJDNARMWJF-UHFFFAOYSA-N,-9.35
50048166::VZENNTIMTHUAKA-UHFFFAOYSA-N,-6.731
50048167::RFLBIXTXWXYDTK-UHFFFAOYSA-N,-9.001
50048327::YNNPNQRIGVPPSM-QHCPKHFHSA-N,-9.069
50048328::VGLQBWHHRNPDPV-QFIPXVFZSA-N,-8.607
50048329::NAYFBOYXQBLIBL-DEOSSOPVSA-N,-9.481
50048330::QGCIAWJCSRYRFH-DEOSSOPVSA-N,-9.149
50048331::ACSBHYLTZNDEKW-VWLOTQADSA-N,-9.546
50048332::MVTHLHJGOVYPPH-VWLOTQADSA-N,-9.512
50048333::LWRWYSAITIWFEP-SANMLTNESA-N,-9.034
50048334::RXCJCSJXYPPRFI-DEOSSOPVSA-N,-9.156
50048335::NPOGEJLUGFZKIX-QHCPKHFHSA-N,-9.002
50048336::IBQBUMWHRZHHHX-DEOSSOPVSA-N,-9.381
50048337::XHVQOZQOCIBHKR-SANMLTNESA-N,-9.036
50048338::KSINXTGJLYCZIP-PMERELPUSA-N,-8.091
50048339::LPVOSIGKKGTQCK-QFIPXVFZSA-N,-8.91
50048340::DYJSODVHTVCXIA-QHCPKHFHSA-N,-9.374
50048341::QKTUOSGGPMYODZ-QHCPKHFHSA-N,-8.719
50048342::KVBSKVDOWUOCJZ-QFIPXVFZSA-N,-9.588
50048343::UHSGOUYSWYGEIV-QHCPKHFHSA-N,-9.612
50048344::IUOHWOUDFIBXAH-JTSKRJEESA-N,-9.217
50048345::AFAFFWWKUXALNJ-NRFANRHFSA-N,-9.823
50048346::MDMKCVXYKPOLIM-NRFANRHFSA-N,-9.553
50048347::VKVZOFDGLCTSKW-IBGZPJMESA-N,-9.222
50048348::HQFHTXSVKRXPKT-FQEVSTJZSA-N,-8.664
50057651::RJZJEPYCJHLWQR-TUKIKUTGSA-N,-7.558
50062738::DNFJXOOCSWHZAZ-UHFFFAOYSA-N,-8.598
50062739::QRYHWJYOPMFFMA-UHFFFAOYSA-N,-8.861
50062740::YXYZUSSQQRLDOP-UHFFFAOYSA-N,-9.249
50062744::IABFHMOMCPPASA-UHFFFAOYSA-N,-7.852
50062745::ZCQIJZCCPGBHMZ-UHFFFAOYSA-N,-8.336
50062746::CIMCYCJMURYTBV-UHFFFAOYSA-N,-8.659
50062747::ORCKXRWVSVDFEI-UHFFFAOYSA-N,-8.914
50062748::UPZKOHCXEINLNV-UHFFFAOYSA-N,-9.193
50062749::NNQLNQXUQMRJRJ-UHFFFAOYSA-N,-7.956
50062750::GTOQCFAUBZRUME-UHFFFAOYSA-N,-9.036
50062751::SLJCLXGBSSAVTF-UHFFFAOYSA-N,-8.546
50063094::VMUAEYMUOWCJPI-UHFFFAOYSA-N,-9.243
50063095::HFBYUYLUJPFCHQ-UHFFFAOYSA-N,-8.996
50063096::MRXBSJZWWYDSFJ-UHFFFAOYSA-N,-7.809
50063097::FYCXKGHEYHXTOX-UHFFFAOYSA-N,-7.156
50063100::FJUPCQHIHYXXFT-UHFFFAOYSA-N,-9.397
50063101::ALODTGZPEZGVDL-UHFFFAOYSA-N,-8.717
50063102::IJUMJWCKSDCFGS-UHFFFAOYSA-N,-8.963
50063103::CAEHKTJNVMDKLN-UHFFFAOYSA-N,-9.029
50063104::REOPBPDUXSVBMY-UHFFFAOYSA-N,-8.598
50063105::PDXCFTVMFXAKMC-IUCAKERBSA-N,-8.965
50063106::KULRLQMNNXXRGL-UHFFFAOYSA-N,-8.6
50063107::SUOLVBXOGKTSDU-UHFFFAOYSA-N,-7.007
50063108::SWMIPBWORQVDRL-UHFFFAOYSA-N,-9.356
50063109::KXRGUCHKDGYOHL-UHFFFAOYSA-N,-9.544
50063110::JZZWLDBKEAHJDU-UHFFFAOYSA-N,-7.874
50063111::MEKBEAAFIHBSPR-UHFFFAOYSA-N,-8.746
50063112::CKHBTRYMEBPKMF-UHFFFAOYSA-N,-9.137
50063113::SBYAKKSXEUEBBN-UHFFFAOYSA-N,-8.435
50063114::VDLLXEPXPVSVBG-UHFFFAOYSA-N,-8.782
50063115::RJAYIUMTPVLORX-UHFFFAOYSA-N,-9.524
50063116::DAAOORPBZJXDTF-UHFFFAOYSA-N,-8.936
50063117::AETQCZVPWXCWNA-UHFFFAOYSA-N,-9.115
50063118::ORGKYZVJZBDUGT-UHFFFAOYSA-N,-8.369
50063119::HDWOUMOXUDDGSY-UHFFFAOYSA-N,-7.004
50063120::PDXCFTVMFXAKMC-BDAKNGLRSA-N,-9.679
50063121::XCZSJKKONDGKDF-UHFFFAOYSA-N,-7.511
50063123::UOYTXPZOHZGXMV-UHFFFAOYSA-N,-8.029
50063124::FKQVAZSXAKKXRL-UHFFFAOYSA-N,-8.141
50063125::OZOCEQJJPURLNT-UHFFFAOYSA-N,-9.065
50063126::WKPDFIDLZGAWOW-UHFFFAOYSA-N,-7.862
50063127::LCTXHPZYTFNYEN-UHFFFAOYSA-N,-9.38
50063128::AUDNGGNJSXQFMO-UHFFFAOYSA-N,-8.817
50069059::CMHJMUZTXMDMKL-SJLPKXTDSA-N,-9.103
50069062::XEJSGXDGPYBWNF-GDBMZVCRSA-N,-9.837
50069065::JEKLOWJNFQMNLW-NKWVEPMBSA-N,-8.489
50069067::APDOEOQZQMSOFL-IMSIIYSGSA-N,-7.747
50069068::UDMCMALCRGIISA-ZCFIWIBFSA-N,-8.299
50069069::YXFRGFFRCABTFT-NOZJJQNGSA-N,-8.989
50069070::MCZDFWOPLACFDA-QMTHXVAHSA-N,-7.533
50069071::AECUUHUGTSTYSJ-PRHODGIISA-N,-9.427
50076684::NRQQDFFSJPVQFQ-UHFFFAOYSA-N,-9.1
50076685::GTZWEKOQKQIWQD-UHFFFAOYSA-N,-9.196
50076687::XFVHCXVBLVMUSO-UHFFFAOYSA-N,-8.715
50076691::XCAOBUOTWGIJFB-UHFFFAOYSA-N,-9.362
50076692::VTRALRXIBUAIMP-UHFFFAOYSA-N,-8.921
50076693::FVNZFSAGJPHSHT-UHFFFAOYSA-N,-8.374
50076695::NMPSQLMXBXAXQZ-UHFFFAOYSA-N,-8.601
50081069::VWFKACUYWYZVSW-RLLPEYFOSA-N,-7.303
50081070::PDEYZVGOCYDQJF-UHFFFAOYSA-N,-8.526
50089607::FJUZXZJLZZDSKR-YUQJMRAGSA-N,-9.418
50091031::IURHNFGBYOFFDB-WIYYLYMNSA-O,-8.65
50091034::DEYFWGXTPWNADC-IBGZPJMESA-O,-8.641
50091036::BLYMJBIZMIGWFK-OAHLLOKOSA-O,-8.54
50091040::ZJMHBSMHAVKZSY-KEVXWDJXSA-N,-5.994
50091043::ARSOCJAZLCXHOY-KEVXWDJXSA-N,-6.346
50091044::KQQINBWYAPFPKH-UHFFFAOYSA-N,-7.57
50091046::YCRPDBNNDVYMBL-UHFFFAOYSA-N,-7.678
50091047::WOYXGESYPYMTAQ-UHFFFAOYSA-N,-7.818
50091048::VWCZQZNHWPQZGT-UHFFFAOYSA-N,-7.685
50091049::FTBHWGQLEZPPMF-UHFFFAOYSA-N,-8.187
50094569::UWFYSQMTEOIJJG-FDTZYFLXSA-N,-7.065
50103245::QYGXPNCCWFGVRU-UHFFFAOYSA-N,-8.033
50103246::JLKOGSSZSBFPNY-UHFFFAOYSA-N,-7.26
50103247::AZKXBAPRQCXHRZ-UHFFFAOYSA-N,-7.175
50103252::DTJXOGQFYUMFJB-UHFFFAOYSA-N,-7.926
50103254::VAGCBEBNRFICRM-UHFFFAOYSA-N,-7.376
50105569::ORFNUVUYIRTZOK-UHFFFAOYSA-N,-9.03
50107344::LUJGLEQFDNFEOE-UHFFFAOYSA-N,-6.453
50107345::VCKAFJQJFFMCQM-UHFFFAOYSA-N,-5.958
50107346::DWGAKCJFXFNMID-UHFFFAOYSA-N,-6.808
50107348::HXGINZRMCUIHOF-UHFFFAOYSA-N,-6.598
50107349::VBUUALSHELCWMH-UHFFFAOYSA-N,-9.054
50107350::JIGSXDRQEJZDLK-UHFFFAOYSA-N,-6.514
50107351::FYMNMBTVULTQNM-UHFFFAOYSA-N,-5.96
50107352::UPXAYCYCDXAKMG-VURMDHGXSA-N,-6.534
50107353::HCASQQRVVZESNK-UHFFFAOYSA-N,-6.502
50107354::UHLOSEYQXUHVEQ-UHFFFAOYSA-N,-7.458
50107355::CXCNKUDUMXKAFZ-UHFFFAOYSA-N,-7.592
50107356::LTVDMZKEGDEQLE-UHFFFAOYSA-N,-6.288
50107357::MAFYDXRQMZHRCV-UHFFFAOYSA-N,-9.532
50107358::UPXAYCYCDXAKMG-SOFGYWHQSA-N,-7.705
50107359::FPIHUZAABXEZHI-UHFFFAOYSA-N,-6.988
50107360::OKQVQYKHHUXADN-UHFFFAOYSA-N,-6.598
50107361::NAJLTATXAXTVKB-UHFFFAOYSA-N,-7.683
50107362::GWHOLYNFWRVFLD-UHFFFAOYSA-N,-6.842
50107364::LONLTTQFSBAAKV-UHFFFAOYSA-N,-6.595
50107365::VIFBLAKPQHTSPL-UHFFFAOYSA-N,-7.349
50107366::RFDCXOHZVYCSJT-UHFFFAOYSA-N,-6.447
50110730::MFAGIEMFDDDLMT-UHFFFAOYSA-N,-6.72
50110731::KPKCYUMBFMYREG-UHFFFAOYSA-N,-6.377
50110732::DLHJAQJQFLHXNZ-UHFFFAOYSA-N,-7.015
50110733::SAVAEFOXNWPFKB-UHFFFAOYSA-N,-7.751
50110734::XCCRMYVOJIFMED-UHFFFAOYSA-N,-7.629
50110735::SXIDZLMPGLSSSR-UHFFFAOYSA-N,-8.785
50110736::UTPNUAIWPWLJEC-UHFFFAOYSA-N,-7.711
50110737::XUTOMVGDKDXBCI-UHFFFAOYSA-N,-7.618
50110738::CVQKNTTYZMQDMD-UHFFFAOYSA-N,-8.028
50110739::KBXBYJUQOSJVJK-UHFFFAOYSA-N,-6.559
50110743::URYARKSTCIJGME-UHFFFAOYSA-N,-6.87
50110750::MEWQFKSUHJZGCA-UHFFFAOYSA-N,-6.437
50110751::VBGYFNUDIFNZRO-UHFFFAOYSA-N,-7.08
50110789::JXRAVTIDZDMHLO-UHFFFAOYSA-N,-8.518
50113776::CDXXFXPTTWOXBC-QFIPXVFZSA-N,-6.929
50113777::RMPXVMMQXKFIHM-UTKZUKDTSA-N,-6.494
50113778::CDXXFXPTTWOXBC-JOCHJYFZSA-N,-6.938
50113779::RTYKMFMHRRYCIK-OAQYLSRUSA-N,-6.868
50113780::WDSPVCXWXOIFRA-HUVFLSCGSA-N,-6.678
50113781::RTYKMFMHRRYCIK-NRFANRHFSA-N,-7.829
50113783::CNOAOQSZNOTZLQ-OIBXWCBGSA-N,-6.19
50121156::WQFMXZOYAIPMFZ-UHFFFAOYSA-N,-8.547
50121164::WZZPSUKZMZKXTQ-UHFFFAOYSA-N,-8.218
50121165::RBIRLVPGGHVQME-UHFFFAOYSA-N,-8.658
50121166::AWTOGSZGTICREU-UHFFFAOYSA-N,-9.673
50121167::SIVWNWQUUDHRMU-UHFFFAOYSA-N,-9.436
50121168::RTMXGSLXWFFVFT-UHFFFAOYSA-N,-8.754
50121170::IEJRGCKSKIRXCW-UHFFFAOYSA-N,-9.969
50121172::KRVNQLOXQIJQEY-UHFFFAOYSA-N,-9.797
50125087::LVUWGHOKMIGPFO-UHFFFAOYSA-N,-7.619
50129177::DRJGFDIOQNMFDF-UHFFFAOYSA-N,-9.956
50142686::ZOUVODOOOFQPOC-QYBDOPJKSA-N,-6.947
50142698::AWORLHRQSDNJDQ-GKVSMKOHSA-N,-6.71
50142709::AWORLHRQSDNJDQ-NSYGIPOTSA-N,-7.142
50144147::PCEQNBCVZPRGRR-UHFFFAOYSA-N,-6.988
50144149::VYJSUSIGTRGXQC-UHFFFAOYSA-N,-6.675
50144150::YWPNXVQAAHGWCZ-UHFFFAOYSA-N,-6.306
50144153::OKMFMKSZIXQMRJ-UHFFFAOYSA-N,-6.951
50144155::RQUXQDVRWLHMBG-UHFFFAOYSA-N,-7.017
50144158::AWPVKERKWQLOEG-UHFFFAOYSA-N,-6.239
50144159::JRZWVYSKNVMDLP-UHFFFAOYSA-N,-6.872
50144161::JBYMAMMMXLMWFU-UHFFFAOYSA-N,-6.561
50144164::PHCCLYMMALQRTG-UHFFFAOYSA-N,-6.713
50144169::JFBQVFCNTWRGTG-UHFFFAOYSA-N,-6.967
50144173::WFSBONJXUAXVJH-UHFFFAOYSA-N,-6.938
50144442::WRAWKFUWOAFTDQ-UHFFFAOYSA-N,-7.627
50144444::DNKIJWSPAAVFKM-UHFFFAOYSA-N,-8.951
50144448::SGIJFVLJAIDYJM-UHFFFAOYSA-N,-7.96
50144449::BGAWWRLMFNCAKP-UHFFFAOYSA-N,-7.706
50144450::SSSVZQDFTSCDPK-UHFFFAOYSA-N,-8.206
50144457::WGGMBWMYJSVPSG-UHFFFAOYSA-N,-7.719
50144467::WWKUDAJCCSNRRV-UHFFFAOYSA-N,-7.143
50145860::SNHUIUFMXNZBIZ-DGCLKSJQSA-N,-6.937
50145861::LRQSPCAZHXKTHC-UKRRQHHQSA-N,-6.994
50145862::CXFSVKGROITHRY-OCCSQVGLSA-N,-7.044
50145863::CXFSVKGROITHRY-TZMCWYRMSA-N,-7.218
50150332::LFLARVMSGCQYSZ-RKQZMUNISA-N,-7.329
50150336::AEMCKZFBFDARJV-WRFREBFJSA-N,-8.489
50150337::VSBFTVFWFJKINP-WRFREBFJSA-N,-7.633
50150339::GCPNKCRRGYTIOQ-AOJVJNHBSA-N,-7.353
50151059::SSWOCFCYROEANS-UPGCFDGXSA-N,-7.427
50151060::SCLTZUGPKWXVDE-IBSXURLBSA-N,-9.161
50151063::ICMNXRDZVAGHPS-KOVGRZQNSA-N,-8.357
50151065::JDCXFBDZIJWEFO-PLCYUVIZSA-N,-8.288
50151066::DLXBCJBMEVKPIX-DYIFYJHRSA-N,-7.706
50151067::SDXWDHXHERWGDY-ZOCRLUIKSA-N,-7.767
50151068::AOIBSIQVRJDUOX-RPBDTDFQSA-N,-6.732
50151069::AFESNDPGXPZTOQ-MESGNEMJSA-N,-7.085
50151070::IMTGEDOKMRCXLE-DYIFYJHRSA-N,-7.222
50151071::YJQZIBMOUFVTHS-MESGNEMJSA-N,-7.138
50151072::QIWQUMBYZAMEPN-NFCXHWEESA-N,-7.812
50151073::RFZAHUIHPLZLLA-LXGVTRKRSA-N,-6.811
50151074::ZDCMJDVSSLHLLQ-GCNJZUOMSA-N,-7.469
50154358::SPOXLGWYPOBCPZ-OEAKJJBVSA-N,-8.925
50154359::USPGQEVDVWVOTF-BUVRLJJBSA-N,-7.809
50154360::BYMHEMITBJZMDH-MFKUBSTISA-N,-8.865
50154361::AXXQTTPUMYEBOV-UHFFFAOYSA-N,-8.262
50154362::CZHIJMGMBQCQDA-ISGJEAITSA-N,-10.27
50167794::YGMZMSTZNPBQIC-SFHVURJKSA-N,-8.494
50167795::SQWQGCCFUAYKKJ-JZKQVHKSSA-N,-8.618
50167796::HIFFKGJSNMEMDS-VSKRKVRLSA-N,-8.133
50167799::GXCHQFWNFMZMSC-ZLNRFVROSA-N,-9.218
50167808::QVHBWRWKGYSOAM-IBGZPJMESA-N,-9.264
50169340::LFAOOQVRQNFIDF-UHFFFAOYSA-N,-8.7
50169341::QDYXFNLISPSUPN-UHFFFAOYSA-N,-9.769
50169342::OKSDULDNQUCOIS-UHFFFAOYSA-N,-9.983
50169343::VZDASCSPJHTZPV-UHFFFAOYSA-N,-8.947
50169344::POHXDPTXOFZZFG-UHFFFAOYSA-N,-8.838
50169345::GASIXBXBRGROOP-UHFFFAOYSA-N,-7.404
50169346::FTHJEIUIJLXFGP-UHFFFAOYSA-N,-7.533
50169347::UACCKKYRGDHPFL-UHFFFAOYSA-N,-9.031
50169348::BSGCYBUIVUHEGG-UHFFFAOYSA-N,-9.484
50169349::KDVWHTAVLNNMCG-UHFFFAOYSA-N,-9.562
50169350::BWCXCMRQGYFFSR-UHFFFAOYSA-N,-8.629
50169352::JZRXXDCMGOZNML-UHFFFAOYSA-N,-8.81
50169353::AARQZZRJSTWJNF-UHFFFAOYSA-N,-8.451
50169355::QJDGUQDSNKKINO-UHFFFAOYSA-N,-7.753
50169356::HVDQUEFVGDBBFT-UHFFFAOYSA-N,-9.06
50169357::GVRJNEPECNSSKN-UHFFFAOYSA-N,-9.913
50169358::DMHJPSIWDIVDFI-UHFFFAOYSA-N,-8.615
50169359::GEBLNDHVMSYOKF-UHFFFAOYSA-N,-7.599
50169360::VFNRYUCLVZBQMX-UHFFFAOYSA-N,-8.779
50169361::SOKDSKJAKJRYML-UHFFFAOYSA-N,-9.218
50169362::SAJBKPIBKRHVSV-UHFFFAOYSA-N,-9.172
50169363::UVJHHVUGFWINDC-UHFFFAOYSA-N,-8.36
50169542::DZAJAXMVYWGGFN-UHFFFAOYSA-N,-9.359
50172019::QQFIDVOPZHXZPF-UHFFFAOYSA-N,-8.054
50172020::LVZOQUMLGOHFGL-UHFFFAOYSA-N,-8.199
50172021::WUXTURZHMMFRPK-UHFFFAOYSA-N,-9.214
50172023::OZBSREXZWADXQE-UHFFFAOYSA-N,-8.286
50172024::KGFMFEQQZNKWLP-UHFFFAOYSA-N,-8.374
50172026::OSHWKQSKIVSROR-UHFFFAOYSA-N,-7.718
50172027::ZZWNDPPQMABJJG-UHFFFAOYSA-N,-8.448
50172028::WJEDKJKCQOZDNI-UHFFFAOYSA-N,-8.057
50172029::UAWOMCXCZWCTLU-UHFFFAOYSA-N,-9.236
50172030::MGDHDHQGYPSORD-UHFFFAOYSA-N,-8.018
50172031::HQVKFEYATUGVGI-UHFFFAOYSA-N,-8.947
50172032::DXVZGTRLQAZISS-UHFFFAOYSA-N,-9.063
50172033::MHWZNBBELRMCAO-UHFFFAOYSA-N,-9.275
50172034::UCLMIPKAOVLOQS-UHFFFAOYSA-N,-8.033
50172035::XVYWAUINFAXEKA-UHFFFAOYSA-N,-9.104
50172036::DAYFWNQOWUPASA-UHFFFAOYSA-N,-7.757
50172037::JRIIXIXSRVUNTB-UHFFFAOYSA-N,-8.769
50172038::MOMZVCIJGACLFL-UHFFFAOYSA-N,-8.943
50172039::IHUHWAUMFFURSJ-UHFFFAOYSA-N,-8.381
50172040::YGYIVBNMBYBQGZ-UHFFFAOYSA-N,-8.495
50172041::CTRKFGYVXQHNDJ-UHFFFAOYSA-N,-8.013
50172042::UKLYTFISJSJGSO-UHFFFAOYSA-N,-8.964
50172043::GVGUYJORTPWSSZ-UHFFFAOYSA-N,-8.4
50172044::BVSCKUSMKCQTFI-UHFFFAOYSA-N,-8.946
50172045::UFSVWJLQUADLKJ-UHFFFAOYSA-N,-8.754
50172046::GGQRUDKBZGUEAN-UHFFFAOYSA-N,-8.165
50172047::PZTMIXXVWUCYIR-UHFFFAOYSA-N,-8.89
50172048::LKQJUECNABLWPW-UHFFFAOYSA-N,-7.902
50195153::OAYLSAHITBROEB-WKWWZUSTSA-N,-6.815
50195966::PVFYZNUIVXQJMV-UHFFFAOYSA-N,-8.017
50195967::ZHOPKGLQQWWTNM-UHFFFAOYSA-N,-7.984
50195968::ZQZNDFUDOUHMRP-UHFFFAOYSA-N,-8.759
50195969::MXOQZKMGLKSADK-UHFFFAOYSA-N,-7.684
50195970::OPRMPAABGXBHTG-UHFFFAOYSA-N,-8.114
50195971::PDFREMUTAXNRJN-UHFFFAOYSA-N,-8.535
50195972::ZPSAYSOIUOZMIM-UHFFFAOYSA-N,-8.603
50195973::QXKFAMHTDWOYCA-UHFFFAOYSA-N,-7.846
50195974::RYPDLXBZMMQJEZ-UHFFFAOYSA-N,-7.704
50195975::BSYSVALDFDQAGE-UHFFFAOYSA-N,-7.572
50195976::HINGRVCUXDDBIX-UHFFFAOYSA-N,-9.753
50195977::QIELGRBRJQENGT-UHFFFAOYSA-N,-7.78
50195978::HHPIRXFAAXTRNY-UHFFFAOYSA-N,-7.741
50195979::DHJCENVWNNUPCR-UHFFFAOYSA-N,-8.017
50195980::SGSIACSKFVPXQO-UHFFFAOYSA-N,-8.619
50195981::GUAUGWVAZGIIGV-UHFFFAOYSA-N,-7.408
50195982::UZXKDVGZVWWMGK-UHFFFAOYSA-N,-7.991
50195983::KDFQMXOKQLFCLM-UHFFFAOYSA-N,-8.617
50195984::SMIMEYCDQYDTEM-UHFFFAOYSA-N,-8.01
50195985::SXDFJMZSGOYUHH-UHFFFAOYSA-N,-8.078
50195986::DPABUIRNVQEIGL-UHFFFAOYSA-N,-7.91
50195987::CNJCRJFXKFCKJI-UHFFFAOYSA-N,-7.631
50195988::OZGWFKQPBWHVEN-UHFFFAOYSA-N,-8.232
50195989::UFKZXEDTDDSQMC-UHFFFAOYSA-N,-7.797
50198654::WMUFTJZTXOUUGZ-UHFFFAOYSA-N,-6.467
50198655::PSLGMFCCQGEAJP-UHFFFAOYSA-N,-7.227
50198656::GXKNDUSVKJMGRL-UHFFFAOYSA-N,-8.39
50198657::LEKIZVLLNRJJOW-UHFFFAOYSA-N,-7.257
50198658::BYSZGDCMOGZWSE-UHFFFAOYSA-N,-7.082
50198659::GERAGFCKSZQWNG-UHFFFAOYSA-N,-7.927
50198661::BANOSSDEIHMRKA-UHFFFAOYSA-N,-8.348
50198663::YWFKGEUMVYHGIM-UHFFFAOYSA-N,-7.463
50198664::VXATWIJYQKQZHY-UHFFFAOYSA-N,-8.003
50198665::WRAPMDVSJRJPJW-UHFFFAOYSA-N,-8.402
50198666::HJCFEOGFVGBOHS-UHFFFAOYSA-N,-7.886
50198667::ZEYFTTUHHCBVJF-UHFFFAOYSA-N,-7.492
50198669::LXMIMTOWQCYIGR-UHFFFAOYSA-N,-7.503
50198671::SDJZATPJKQQABN-UHFFFAOYSA-N,-6.841
50198672::DYZJWTFYVLRGLB-UHFFFAOYSA-N,-7.667
50198674::XGEXDPDJCULFKB-UHFFFAOYSA-N,-8.398
50198675::RKFJABVANOKYKH-UHFFFAOYSA-N,-7.646
50198676::SUGHXFMEDPEVSG-UHFFFAOYSA-N,-7.537
50198677::WNRLTSAURRVJME-UHFFFAOYSA-N,-6.879
50198678::TUKRWKJJSRKXRW-UHFFFAOYSA-N,-7.858
50198679::JHVNCHPEBJKDDS-UHFFFAOYSA-N,-6.967
50198680::NIDQVGMQJYGJEB-UHFFFAOYSA-N,-8.096
50198681::QNDZZTDLJRUAHV-UHFFFAOYSA-N,-7.582
50198682::HXEBJDKQYNWBEW-UHFFFAOYSA-N,-6.865
50198683::BSKNFIKTIOWYFC-UHFFFAOYSA-N,-7.301
50198684::LXUAEEIMSVKWHV-UHFFFAOYSA-N,-7.704
50198945::HQGRCFOENHIIQG-UHFFFAOYSA-N,-8.164
50198946::VPBRSFFMKTUJNN-UHFFFAOYSA-N,-9.339
50198947::MSOXFKWHWFYDCY-UHFFFAOYSA-N,-8.657
50198953::KDBXYNSMRDJJFO-UHFFFAOYSA-N,-8.571
50198956::FBTRYXIBCVQSAZ-UHFFFAOYSA-N,-6.828
50198959::IMGXWRKTVOMDLZ-UHFFFAOYSA-N,-9.258
50198968::DRUKCDBJSKTKTR-UHFFFAOYSA-N,-8.804
50198978::VPBRSFFMKTUJNN-MRXNPFEDSA-N,-8.392
50200652::HFQCJPQBQUZNQQ-PAQODBCHSA-N,-7.362
50200653::NSPQIIUGJNLGSO-GPVRXJBBSA-N,-7.214
50200654::ZOJNIVLVFGPWTA-LXEMEFDRSA-N,-6.964
50200656::XKWKJRMCRANYBV-LXEMEFDRSA-N,-7.263
50200657::UZRSCKHSQPJWCB-JFAIYWTASA-N,-7.102
50200658::GLKBGMLFLXJOJR-AAJJWQDLSA-N,-7.422
50200659::ZPIIEVCIDAXTFU-VYULJUTASA-N,-6.907
50201080::JJSZJRHRVRGDNH-UHFFFAOYSA-N,-7.601
50201081::DKFBPHVUBSXDJB-UHFFFAOYSA-N,-8.055
50201082::VGCGSAUUQCQDAY-UHFFFAOYSA-N,-8.127
50201083::NZKHJRBHEWBIFL-UHFFFAOYSA-N,-7.495
50201084::UBLZPYJRNVSHFM-UHFFFAOYSA-N,-7.782
50201086::FNAPHRONLYQVOG-RAKKMVLPSA-N,-7.128
50201087::JTIJBQLFJJJIJO-UHFFFAOYSA-N,-6.436
50201088::QHSJNOYFBNQNIZ-UHFFFAOYSA-N,-8.924
50201090::DOSZIFWFKFJGQL-UHFFFAOYSA-N,-8.609
50201091::YRAUBPBLFNFPPH-FSWDVZBNSA-N,-6.84
50201092::NECATTFIGHYGNH-UHFFFAOYSA-N,-7.949
50201093::YUMWHZCQHQAPAQ-UHFFFAOYSA-N,-8.094
50201094::JKPOACVGQYPLBU-UHFFFAOYSA-N,-7.625
50201095::AKVKAFLTKMIROA-UHFFFAOYSA-N,-7.714
50201096::KJOQLFMPAVEWLJ-UHFFFAOYSA-N,-7.565
50201097::ZREYWBOITVVPOZ-UHFFFAOYSA-N,-8.595
50201098::GXMLOARZGCYGOF-UHFFFAOYSA-N,-7.426
50201100::VQMSYLLYQOARPD-UHFFFAOYSA-N,-7.401
50201101::XJFMATJFYVPYBR-UHFFFAOYSA-N,-8.4
50201102::LCTFQUGGLDHXTH-UHFFFAOYSA-N,-8.337
50201103::HHOKWSQIKSJHQJ-UHFFFAOYSA-N,-6.721
50201105::GRBCNFHNMVJUEQ-UHFFFAOYSA-N,-6.825
50201106::DUKSLEMXBDETTE-UHFFFAOYSA-N,-6.656
50201108::YRAUBPBLFNFPPH-QKBJIULESA-N,-7.308
50201109::PVYTWCNJUWKUOG-UHFFFAOYSA-N,-7.023
50201110::LMCRUPDOMZRUSW-UHFFFAOYSA-N,-6.763
50201111::IDCRMONFSJJBMN-UHFFFAOYSA-N,-8.014
50203154::IWBKLHQHASKKSJ-UHFFFAOYSA-N,-8.336
50203155::BDEBUKRSUHDGEY-UHFFFAOYSA-N,-8.344
50203156::UMZDZFYORKOELP-UHFFFAOYSA-N,-7.018
50203157::NZMWVYQPRZLTOY-UHFFFAOYSA-N,-7.237
50203159::QXYFFWDNSHGVFX-UHFFFAOYSA-N,-7.791
50203171::RDRNPFHUNQOZPK-UHFFFAOYSA-N,-9.359
50203172::WJQDJIXVFPOMDA-UHFFFAOYSA-N,-8.366
50203173::HUJCMLQLDYZJPF-UHFFFAOYSA-N,-7.233
50203174::LTRGDRINTLPHRU-UHFFFAOYSA-N,-8.239
50203176::ZYPIVMGGEGFNDR-UHFFFAOYSA-N,-8.198
50203177::FWRZZHDLXXMGJV-UHFFFAOYSA-N,-8.66
50203178::CMCDAZPKZQXEFZ-UHFFFAOYSA-N,-7.484
50203181::WHIVCKYUMMZZFT-UHFFFAOYSA-N,-8.373
50203182::HYQBXEGPCIBWGS-UHFFFAOYSA-N,-8.112
50203183::YRQYMCZVXJVJAW-UHFFFAOYSA-N,-8.295
50203184::VNNYUTBLBOCLFG-UHFFFAOYSA-N,-8.289
50203185::PXRWBCZPWIDSDX-UHFFFAOYSA-N,-8.675
50203186::PANHWXSRURVAHQ-UHFFFAOYSA-N,-6.892
50203187::MILDFWSRQWPPSD-UHFFFAOYSA-N,-7.368
50203189::PCONXHPNURYLEB-UHFFFAOYSA-N,-8.168
50203190::XLGVIYMTBYCWIS-UHFFFAOYSA-N,-8.389
50203191::FFVACEIAQBXYDF-UHFFFAOYSA-N,-8.593
50203192::XUTBPNKVGOPLMU-UHFFFAOYSA-N,-8.939
50203193::TYMJYOJIIUAOJI-UHFFFAOYSA-N,-8.562
50203212::FCOQDVHOIAKYNX-UHFFFAOYSA-N,-8.34
50203213::VRAVHMDFLNAFSK-UHFFFAOYSA-N,-8.437
50203214::BDDYBFKGGNNRHI-UHFFFAOYSA-N,-8.753
50203215::JKEDBSFCSXLTKC-UHFFFAOYSA-N,-8.197
50203216::OHFIWEKSYCYCNL-UHFFFAOYSA-N,-8.17
50203217::HBJFUKUPQSFJCZ-UHFFFAOYSA-N,-8.807
50203218::IBZKBMPIZWHXKP-UHFFFAOYSA-N,-7.798
50203219::OZKSKZQDEIWAHL-UHFFFAOYSA-N,-8.257
50203220::TVUCPMJCZMWCDN-UHFFFAOYSA-N,-8.49
50203221::PKIKNNGPVMOVHH-UHFFFAOYSA-N,-8.15
50203222::TWQXLVJOAIFIAF-UHFFFAOYSA-N,-8.054
50203223::SWCXTFFDWNHRFR-UHFFFAOYSA-N,-7.727
50203417::JZASNJOSLMESTC-GKVSMKOHSA-N,-9.155
50203418::PWKJVVLBXRWXFQ-QLXKLKPCSA-N,-10.52
50203419::UITKQZZSZUEHEA-NYHFZMIOSA-N,-9.418
50203420::NGLPZZZUWGVILU-QLXKLKPCSA-N,-8.845
50203421::WWWKKFOVJNHTTL-LMKMVOKYSA-N,-8.742
50203422::YDRQCGICZKAGCQ-LMKMVOKYSA-N,-9.28
50203424::NVBRVAKHESDYFE-FCHUYYIVSA-N,-7.505
50203426::VZPLUSXTJULLCS-SYQZRHMFSA-N,-8.949
50203438::YZCRFFWBUPSXGV-QLXKLKPCSA-N,-8.999
50203577::BYVDCSLCMPQTKD-LGTDJHALSA-N,-7.4
50203578::LWYLVQVGWUQBSI-IDAMKAECSA-N,-7.627
50203579::BBQPRPRCQIFLIO-PABOLRIOSA-N,-6.836
50203580::SUBXROOMJNLXRP-PABOLRIOSA-N,-6.744
50203581::USFFLHDSLPEFIH-QYQUYBGJSA-N,-7.745
50203582::ZDRUXXZVOLZIBA-LGTDJHALSA-N,-7.36
50203583::JAKSSRUUMBEEAC-ONBAZCQBSA-N,-6.889
50203584::QAJXXFBIGIATMT-BYCPBFBASA-N,-7.05
50203585::YSJVBSSZEGNKMZ-GCNJZUOMSA-N,-7.377
50203586::NVKFRYWNCLQAGR-YNRSWHRWSA-N,-7.172
50206096::AAKKTJVHZGBWLJ-AKOOALSVSA-N,-7.213
50206097::PUBSQRWHEBSORN-ZDRBTZMISA-N,-7.936
50206098::RDPCMUPFQBNYHG-TUNFDJIRSA-N,-7.798
50206099::ZFBYORDYEFKJHK-VAPLLCTJSA-N,-7.69
50206100::GZDMTIVTUMOKOV-TUNFDJIRSA-N,-7.78
50206101::BFTAKCPEXZAIHH-ZDRBTZMISA-N,-7.614
50206102::URLMQCHSGVAQFX-ZDRBTZMISA-N,-8.679
50206103::KJNIFDGJGBMXTN-TUNFDJIRSA-N,-7.511
50206104::GGMBHYJNLWEKTL-XEWBGBLESA-N,-7.908
50206105::UILYDWPVKDMLCL-AKOOALSVSA-N,-7.365
50206106::QMITVKPWYUNGDV-ZDRBTZMISA-N,-7.675
50206107::PSODPFWPYSEDQZ-VAPLLCTJSA-N,-7.685
50206108::VCZBLRUDKGLJSG-ZDRBTZMISA-N,-8.458
50206109::JHTVFZNYPNXNFK-ZDRBTZMISA-N,-7.645
50206110::SREZEGRENRFSJE-AKOOALSVSA-N,-7.325
50206111::XMFQDXHQWXGEHP-VAPLLCTJSA-N,-7.915
50206112::PUDQYVKZUUIVDC-ZDRBTZMISA-N,-7.762
50206113::JAOLQNOGMSKATQ-VAPLLCTJSA-N,-7.676
50206114::XURCMPWGZVTZBK-ZDRBTZMISA-N,-7.751
50206115::DSSSZHYCKLIZGW-ZDHFQYEKSA-N,-7.158
50206116::GTRBALJVIPOIBZ-LHEOBKLGSA-N,-8.517
50206117::LAMUPVVILVBHJF-VAPLLCTJSA-N,-7.707
50214922::ATJGOPJRRWGHHL-XKZIYDEJSA-N,-6.917
50214923::DUVQYORBVMIRPF-FMCGGJTJSA-N,-7.2
50214929::CZOFJQFQALBETE-MXAYSNPKSA-N,-7.496
50214944::OSRXVTVKOPCOGY-UCQKPKSFSA-N,-7.27
50216474::IRZVQRHERMOSEM-UHFFFAOYSA-N,-7.352
50219262::JLDPVBOKSKHILH-UHFFFAOYSA-N,-7.79
50219444::AAJNWJFLYOFHIB-UHFFFAOYSA-N,-6.568
50219445::KIBFFSPWYJTEGK-UHFFFAOYSA-N,-7.855
50219446::ARAFJNZXJVLHDR-UHFFFAOYSA-N,-6.602
50219447::QEMGULFBAZGYKI-UHFFFAOYSA-N,-7.244
50219448::MHSIIOXPCQMXQE-UHFFFAOYSA-N,-8.18
50219449::OTKZWGJLFLAVTD-UHFFFAOYSA-N,-9.336
50219450::LQBYHZIKWGDYLT-UHFFFAOYSA-N,-9.251
50219451::UPKAUNVEGRFAII-UHFFFAOYSA-N,-8.425
50219452::UZSAWQCKBUFFQD-UHFFFAOYSA-N,-7.674
50219453::UGJGTPGLSLQCPP-UHFFFAOYSA-N,-7.163
50219454::KDMGOYHSUFIUAT-UHFFFAOYSA-N,-7.605
50219455::ZEBDSSZIANSDED-UHFFFAOYSA-N,-7.104
50219456::RGFOLWPFGMUETK-UHFFFAOYSA-N,-7.617
50219457::ALDWINSGSURGLP-UHFFFAOYSA-N,-7.802
50219458::KYUGYVXBKPAWOH-UHFFFAOYSA-N,-7.097
50219459::RRDSVYGZMKNAFC-UHFFFAOYSA-N,-6.854
50219460::XZKRNADKQRQVOR-UHFFFAOYSA-N,-6.656
50219461::GODVLDDDFMZIIA-UHFFFAOYSA-N,-6.723
50219462::AGGMHZBJHNUETP-UHFFFAOYSA-N,-7.258
50219463::WLHSXLFNWGZUFE-UHFFFAOYSA-N,-7.112
50219464::JMCNSTVMYJKSPB-UHFFFAOYSA-N,-7.481
50219465::OIXUDXUFFGADIZ-UHFFFAOYSA-N,-7.491
50219466::BXRDIKRRETWSCY-UHFFFAOYSA-N,-8.546
50219467::GAKWAQHHESGFAA-UHFFFAOYSA-N,-6.939
50219468::UKKKPJSCGQJZAT-UHFFFAOYSA-N,-7.502
50219469::KTOKJEZDHROXCU-UHFFFAOYSA-N,-7.476
50219470::RTCUXJJKVDNESS-UHFFFAOYSA-N,-6.963
50219471::CCMNCWDOPDWHKL-UHFFFAOYSA-N,-7.033
50219472::HKQIVQXRLSITNO-UHFFFAOYSA-N,-7.976
50219473::ZVKVUVICAMRYKP-UHFFFAOYSA-N,-7.575
50219474::YTDDWWZHOSEAOO-UHFFFAOYSA-N,-8.815
50219475::LJCMSDCZMOFRFT-UHFFFAOYSA-N,-7.08
50219476::PNAJZOSKCGZBFF-UHFFFAOYSA-N,-7.049
50219477::MPRNSLKNQGUKGG-UHFFFAOYSA-N,-6.841
50219539::FGMYUHULLBIYFO-MRVPVSSYSA-N,-8.093
50220376::SLXHIYYDPFQFMX-UHFFFAOYSA-N,-7.58
50220383::STNCCUKDFSTRBR-UHFFFAOYSA-N,-7.909
50220385::JDHUDWCHCQEQBK-UHFFFAOYSA-N,-7.804
50220388::WZNDOEVWUZFICK-UHFFFAOYSA-N,-7.961
50222085::HEDVRZZOBZFHBU-QYQUYBGJSA-N,-7.872
50222086::DUAREOBRKPUOBM-ONBAZCQBSA-N,-7.935
50222087::DVIBYGTZNAJRGB-IOQHNNRJSA-N,-7.977
50222088::ZPVXFZZEEBNOSH-YVAAILABSA-N,-7.537
50222089::WIUDNDXMQHQJIL-QLAZATLASA-N,-7.257
50222090::YIMHWIPPIFQTPY-QYQUYBGJSA-N,-8.063
50222091::YISCUJJPIJSXKK-ONBAZCQBSA-N,-8.186
50222092::QVAJVVLNYGAVHR-QLAZATLASA-N,-7.623
50228077::QBIRIYASLUPKQB-CBHLJOAQSA-N,-6.912
50228081::MIAURGNSNSBTNK-FQEVSTJZSA-N,-8.883
50233028::CCHXLIAEZCTVBK-LAUBAEHRSA-N,-6.526
50235972::ANOXKDNMHLYCBG-GOSISDBHSA-N,-5.285
50235973::YWJJBRLFZBLSNJ-GOSISDBHSA-N,-5.171
50243849::ZWTQESPCWJXBNK-UHFFFAOYSA-N,-8.438
50247538::BTIJTIZKSUGYMC-INIZCTEOSA-N,-9.029
50248594::OZEYWYWKQCOUOK-UHFFFAOYSA-N,-8.006
50249107::VDMYZVVOWGYDCM-UHFFFAOYSA-N,-8.001
50249150::RKZJWUOBFCJJTR-UHFFFAOYSA-N,-7.326
50249193::QYEYUIJWYCBKBG-WIXQSORDSA-N,-7.536
50249195::ICFLHQGITDWVMH-UHFFFAOYSA-N,-7.469
50249196::KNTPSJWEFWVLCP-NFOQDIRWSA-N,-7.6
50250112::FCNQMDSJHADDFT-WNSKOXEYSA-N,-9.624
50251662::KCTNJALTDRHVIE-UHFFFAOYSA-N,-7.888
50252879::OQFCKLHYKFQRFF-UHFFFAOYSA-N,-9.254
50259977::ZANAAVXGSNLYBQ-UHFFFAOYSA-N,-7.531
50259978::CIIHIZKWQHRFRR-BGUDKVOASA-N,-8.928
50259979::HXWXJCYFLVBYHO-FAORDRHVSA-N,-8.55
50259980::BBICQKYRAXECKV-PZJWPPBQSA-N,-8.298
50259981::ZILACWFNZFWDAS-GHTZIAJQSA-N,-8.318
50259984::MWATWPNPJNMBOV-PZJWPPBQSA-N,-7.871
50259985::DKRLPRIDPDZTJN-PZJWPPBQSA-N,-7.897
50259986::ZMTPDHABBWHKPP-FAORDRHVSA-N,-8.991
50264313::XTAROWJGVVZCKA-UHFFFAOYSA-N,-7.526
50264314::OMPAXBGTKFDCJZ-UHFFFAOYSA-N,-7.528
50264354::LPRQNICNUXCZFV-UHFFFAOYSA-N,-7.327
50264381::UQOQTGNAPADHDP-UHFFFAOYSA-N,-7.863
50264383::UUVHMWSDFOHHCZ-UHFFFAOYSA-N,-6.809
50264384::WTJKKEJFBOOIPY-UHFFFAOYSA-N,-6.573
50264431::MVBYGXGTVIRVQD-FQEVSTJZSA-N,-7.59
50264432::MVBYGXGTVIRVQD-HXUWFJFHSA-N,-7.767
50270573::DRHWQMAETRTTLC-UHFFFAOYSA-N,-8.296
50270574::HBPAPIGFDDVBTN-UHFFFAOYSA-N,-8.338
50270575::OFVNFLUJGDNPPM-UHFFFAOYSA-N,-8.153
50270576::VKIDDGKDOLTLME-UHFFFAOYSA-N,-8.127
50270577::YVKXRROWKVFOLA-UHFFFAOYSA-N,-8.348
50270578::UTJRUJPGOSPLLL-UHFFFAOYSA-N,-8.301
50270580::HTRKFNDRDKEPJZ-UHFFFAOYSA-N,-7.252
50270581::JZBYYJURLHOPNX-UHFFFAOYSA-N,-7.31
50270582::BTSKDVZNCCXZEP-UHFFFAOYSA-N,-9.084
50270598::QRUXQXQDDVAIPM-UHFFFAOYSA-N,-8.489
50270599::HWVPQPHNTYFQOX-UHFFFAOYSA-N,-8.079
50270600::QBINHQGBESEKBY-UHFFFAOYSA-N,-8.431
50270601::HRSBVEZDEVRRFG-UHFFFAOYSA-N,-8.535
50270602::IJAYQVNFSRGSQX-UHFFFAOYSA-N,-8.364
50270603::BIADWZCQGLJVOB-UHFFFAOYSA-N,-8.613
50270604::GCUBPQQBLYOSGD-UHFFFAOYSA-N,-8.565
50270605::KECCRENCUJSFSX-UHFFFAOYSA-N,-8.285
50270606::ZXZKHPOIMBTKFW-UHFFFAOYSA-N,-7.042
50270607::SMNXTWWTMYQOAE-UHFFFAOYSA-N,-7.297
50270622::ZVFPJOKTDISPBW-UHFFFAOYSA-N,-8.194
50270623::YNXVUMWULRNODW-UHFFFAOYSA-N,-8.112
50270624::VWAZKVDTVAFBBT-UHFFFAOYSA-N,-8.839
50270625::CNILOORZJMPYQB-UHFFFAOYSA-N,-8.419
50270626::KHZQNRIQWQFAPR-UHFFFAOYSA-N,-8.469
50270627::ZUSBTUPJMKDXSP-UHFFFAOYSA-N,-8.452
50270628::WTRBRWVNOOZMRV-UHFFFAOYSA-N,-7.85
50270629::XJVCASQPSUGYHU-UHFFFAOYSA-N,-8.119
50270630::BXMUAQLRVCWTKG-UHFFFAOYSA-N,-7.954
50270631::NDHCTRIUTPITKL-UHFFFAOYSA-N,-7.6
50270632::BOBSETZWYSLPKM-UHFFFAOYSA-N,-7.854
50270633::HVQVUCLPZYCYGH-UHFFFAOYSA-N,-8.361
50270634::VFYNKRVUEOCUDH-UHFFFAOYSA-N,-8.263
50270636::MQKFQQKZVWPIOR-UHFFFAOYSA-N,-8.4
50270637::NUKNRAGNGWQDEM-UHFFFAOYSA-N,-9.01
50272397::PGQPSPSQMSIFKS-XGQKBEPLSA-N,-6.787
50272398::UMKDQHBGTUYJCV-SOMXGXJRSA-N,-6.658
50272433::NENUDSFXDAZXLW-SOMXGXJRSA-N,-7.96
50272493::PHWAVYHCWKVPOP-ZZWRUXBSSA-N,-7.563
50272520::RITZPFDVXSENFR-YCUXZELOSA-N,-5.988
50272523::BLPNJKOYOIDEJJ-KIUPRAQXSA-N,-8.86
50276126::KVPALVACWJUWHG-XYEHWOGUSA-N,-7.115
50276127::QMEABTMHWZQTND-AKJWSFQKSA-N,-8.953
50276168::YTKAYWYQPDHXNV-NSISKUIASA-N,-5.977
50276170::LMAFSLWCXOQARP-ATZDWAIDSA-N,-6.098
50276471::LENKTUVVULSELH-FDPIWHGQSA-N,-6.206
50276472::BTHZQGVEPROJRV-DMKHAHDWSA-N,-8.395
50292751::ZVKZIGUVBDEZPL-YEEPMTPTSA-N,-7.048
50292752::GQCDQIIOUJFRSR-ROUCXSTQSA-N,-7.586
50292759::BJQITMRJFUZTCZ-FMHBTXFXSA-N,-7.667
50292762::MOMUOZHPMJSJOU-ONBGVYQJSA-N,-7.367
50292763::VPSDIRLJTITRGX-JINSHIHVSA-N,-7.87
50292764::DNGXVLGKUPMQJT-WFZWGZKUSA-N,-7.368
50292765::DRGOQAUBBSLCDJ-WQQPUSSASA-N,-7.782
50292766::UFPWBOJPIGVROU-MYOLODFCSA-N,-7.382
50292767::GYKUKNLUPOUXOK-MJIFNDCGSA-N,-7.681
50292768::MKGHLQVVVORFNA-BWQSSOLDSA-N,-7.208
50292769::UXIXJONGGGALSI-OZUHXONESA-N,-8.107
50292770::RKQDCTSUSZPYLI-BWQSSOLDSA-N,-6.971
50292771::HDGGCJDELDDYQH-SBMMGGBVSA-N,-7.49
50292772::KPKMRAJDYFOVTK-BDOGIOJZSA-N,-7.664
50292773::CXYQYPUDCUMBCW-BDOGIOJZSA-N,-7.881
50292774::INSJCKULHLDFFL-CTBBFHLNSA-N,-7.562
50292775::VUQDEBHYTGIYGT-IUBAKRFESA-N,-7.48
50292776::YJMRIYPAMBEMGY-IUBAKRFESA-N,-7.397
50292777::FFGODOOIHYYSMZ-WQQPUSSASA-N,-7.89
50292778::SORKTNUTPTTYBZ-WQQPUSSASA-N,-7.569
50292779::CAGNWRAPFLBXLB-CTBBFHLNSA-N,-8.386
50292780::QQBNYAUHNSUDCD-CGWUTTPTSA-N,-8.417
50292781::VDLBUXZADLOASI-NGLNOBBASA-N,-7.526
50292782::DYWZJBIJXQNKMB-KHKJJKDASA-N,-8.604
50292783::WDPIPZWQYFBXSL-ZYJLFFIESA-N,-8.449
50292784::GEXQJTGPAVHQPQ-FACCDQCUSA-N,-7.597
50292785::SIIIPWWSEADMPU-CTBBFHLNSA-N,-8.349
50292786::QKHZRZLCKDVPQH-MYYQLPNJSA-N,-8.442
50292787::XHECBCVOTRJJPI-CGWUTTPTSA-N,-8.261
50292788::SRKZUAQLHOWHDA-NVUQLSLKSA-N,-6.623
50294713::NRNKWZJLUHDQSO-GOSISDBHSA-N,-6.504
50294718::BRHIZRZGCPKLJC-UHFFFAOYSA-N,-6.914
50294719::PUNCQCSTQVHMNG-UHFFFAOYSA-N,-5.659
50295634::GTZDQQUPDCOXFU-DDEQHYEBSA-N,-6.675
50295635::MRKKLHPKGXOABR-UJTNNZJDSA-N,-6.482
50295636::RPHZKNSCEWZAMO-YJKNTMTJSA-N,-6.835
50295637::RXVVCKDZPLPROM-YJKNTMTJSA-N,-6.612
50295638::GCKMJAVBEKTJOI-XPVPTZRYSA-N,-7.646
50295639::HDCJFWTUMAKTNA-DCJUPOQYSA-N,-6.963
50295640::ZXXGFBBNJBARSN-AWTHMBSUSA-N,-7.527
50295641::ZUOVTFWGFULART-ONEWSNCBSA-N,-7.317
50295642::UYBJISPAOAQTKQ-CIMCPGRJSA-N,-7.09
50295643::DZIWDYAOHLYJGW-DDEQHYEBSA-N,-6.906
50295644::MSXGTYHENMHFRJ-XCEQJGIUSA-N,-6.867
50295645::DJRBZWVBECJRTM-DCJUPOQYSA-N,-7.5
50295646::CEDQCHHKNHJFKO-WWHWENCNSA-N,-7.383
50295647::ZJHROHSTVJKUKT-YZKFEUJJSA-N,-7.025
50295648::QHIXHFRNTAVAPK-YZKFEUJJSA-N,-6.946
50296943::GJFAJAHCWGSYHL-GYXROJBQSA-N,-9.523
50299881::MLEKUDPUDCDRFM-UHFFFAOYSA-N,-8.621
50299882::CAOICKPXCSBGBD-UHFFFAOYSA-N,-8.865
50299883::QOMXAHVZUHUTPD-UHFFFAOYSA-N,-8.447
50299884::IQXQUXAACBOTRO-UHFFFAOYSA-N,-8.684
50299885::KERUOBJEACFSBE-UHFFFAOYSA-N,-8.473
50299886::SIZLKWJHGVJXPL-UHFFFAOYSA-N,-8.7
50299887::RKDGCHKATUKDEB-UHFFFAOYSA-N,-8.574
50299888::FHMHITNCETVKNH-UHFFFAOYSA-N,-8.339
50303810::UUGJKSUOOIUEHL-TUSQITKMSA-N,-9.017
50303812::FBHBBILQSLGKPC-IGKWTDBASA-N,-8.861
50303815::FBQILQSOCPDASN-ACIOBRDBSA-N,-8.576
50303824::VQXYALIFGGOXRU-OYDLWJJNSA-N,-8.715
50303830::AKMUGEXFTSZYPE-AYRHNUGRSA-N,-8.853
50303832::YXQPDNYJXVGIES-SDUSCBPUSA-N,-8.573
50304988::RHIRAZNYICWNFG-SFHVURJKSA-N,-6.643
50304989::LOEUVGBTLRPLCH-SFHVURJKSA-N,-7.133
50304990::HIVMNLBUPXZGPA-FQEVSTJZSA-N,-7.114
50318295::YTFZTDYRARTMPD-FBMWCMRBSA-N,-5.426
50318296::LQJIEYFFKBLJFV-UUSAFJCLSA-N,-5.395
50318298::BBKNEXLBDUPYET-OMOCHNIRSA-N,-5.976
50318933::WWMIJCSLGKHEGX-UHFFFAOYSA-N,-5.504
50318935::WZURIUYCIOUPEI-UHFFFAOYSA-N,-6.276
50318936::CKFMLAZYQOTAEZ-UHFFFAOYSA-N,-6.196
50318937::YQFZEOZFSBDTGO-UHFFFAOYSA-N,-6.596
50318938::NRFMNUFEZGQSHZ-UHFFFAOYSA-N,-6.569
50318939::KBVXJTMEAHSUOR-UHFFFAOYSA-N,-6.574
50318940::WUBWIEKKXVVRMX-UHFFFAOYSA-N,-6.93
50318941::KPBZWWOYRGVKMR-UHFFFAOYSA-N,-6.592
50318942::HIXYYZZHNKFDHY-UHFFFAOYSA-N,-6.34
50318943::BZNHAHNOAXOEDO-UHFFFAOYSA-N,-6.254
50318944::XXYHXMUPGLKKGE-UHFFFAOYSA-N,-7.049
50319611::SGVUYXVVBNOJLA-SFHVURJKSA-N,-8.731
50319612::MFUPVAJJYYGPPT-IBGZPJMESA-N,-7.938
50319613::SVKKMYXNPUJKLG-SFHVURJKSA-N,-8.955
50319614::DZTBXKURUYOIDD-UHFFFAOYSA-N,-8.514
50321183::SGJHGBRSGXOPCU-UHFFFAOYSA-N,-8.326
50321184::MBZGPEHCTCTXRE-UHFFFAOYSA-N,-7.947
50321185::WYMZJAXBOGNVIB-UHFFFAOYSA-N,-8.064
50321186::XXYLLIHARBRABR-UHFFFAOYSA-N,-8.435
50321187::IEVTWPPTWHIEGU-UHFFFAOYSA-N,-8.479
50321188::LFKDQCVODYHILG-UHFFFAOYSA-N,-8.061
50321189::MUYIYYIMQMHGRZ-UHFFFAOYSA-N,-7.768
50321190::WHJFJSSLCKXVHU-UHFFFAOYSA-N,-8.087
50321191::LDDUAEIPVYSOPP-UHFFFAOYSA-N,-8.476
50321192::IZDODIODWAEILT-UHFFFAOYSA-N,-8.219
50321193::CCARZUVDBLMOLN-UHFFFAOYSA-N,-8.12
50321194::OKFXILKFTJTOKG-UHFFFAOYSA-N,-8.063
50321195::AWYOCGCIYQEWJB-UHFFFAOYSA-N,-7.781
50321198::FFBFTWHDFGXBAD-UHFFFAOYSA-N,-7.857
50321200::FDNUEWAYXCBDDX-UHFFFAOYSA-N,-7.431
50321201::HEVNCDKNAJNJPY-UHFFFAOYSA-N,-6.51
50321202::YMBWIGXCZKHYQH-UHFFFAOYSA-N,-7.28
50321203::UHIOHBCVVQJMBM-UHFFFAOYSA-N,-7.928
50321204::KLFPOPPEKOIWSA-UHFFFAOYSA-N,-6.953
50321205::CRLRDHCTZNQLSN-UHFFFAOYSA-N,-7.183
50321206::MTVUDQFRNPOFDL-UHFFFAOYSA-N,-7.679
50321207::IDWGZQMADMFOIG-UHFFFAOYSA-N,-8.008
50321208::WWSDKIIWGPNMOK-UHFFFAOYSA-N,-8.139
50321209::CXVVRTQQTVLRBH-UHFFFAOYSA-N,-7.635
50321210::RMSGLBWSFHPNIN-UHFFFAOYSA-N,-8.116
50321211::CLZXITGNUVWIEP-UHFFFAOYSA-N,-7.57
50321212::PONOGVXIIRSESP-UHFFFAOYSA-N,-8.211
50321213::QREDJWIIDQVKDI-UHFFFAOYSA-N,-9.289
50321214::HOXLYYDYYIXZOP-UHFFFAOYSA-N,-8.223
50321215::RVMQWZWBBBUEFH-UHFFFAOYSA-N,-7.967
50321216::GTKTZABDUWZNTK-UHFFFAOYSA-N,-7.961
50321217::FBLDDBTTXDBIGE-UHFFFAOYSA-N,-8.217
50321218::CERYSTJXCNLSTB-UHFFFAOYSA-N,-8.047
50321219::QUJQBNBSMHJFAG-UHFFFAOYSA-N,-7.34
50321220::HQCVWNZJFCYZOD-OAQYLSRUSA-N,-8.035
50321221::HQCVWNZJFCYZOD-NRFANRHFSA-N,-8.166
50323588::ZXFZJQUCRNIMKB-UHFFFAOYSA-N,-7.124
50323589::MPEVMKMVFAFHQA-UHFFFAOYSA-N,-8.159
50323590::PIIBHVFIQOSICN-UHFFFAOYSA-N,-7.426
50323591::DOGQPEOXOGREDU-UHFFFAOYSA-N,-7.545
50323592::LQXCQLISPYZXBF-UHFFFAOYSA-N,-7.409
50323593::TYSZRDCDSFNSLY-UHFFFAOYSA-N,-7.791
50323594::BHVYWFHYQDHAJZ-UHFFFAOYSA-N,-7.77
50323595::JBKICUUTJUTNKV-UHFFFAOYSA-N,-7.65
50323596::XXGBNNQCSSFWPK-UHFFFAOYSA-N,-8.637
50323597::MRIHHAUNURZCOR-UHFFFAOYSA-N,-10.42
50323598::QDWNGGYWKLJWKO-UHFFFAOYSA-N,-6.469
50323599::VGBJCCQABWMSBU-UHFFFAOYSA-N,-6.847
50323600::KLKMLAMOUPGBFU-UHFFFAOYSA-N,-7.675
50323601::IMDGGNKSMNNQMZ-UHFFFAOYSA-N,-8.835
50323602::GLFFFZLDMGKWMA-UHFFFAOYSA-N,-6.858
50323603::PLYHXQDDGCGXDS-UHFFFAOYSA-N,-7.121
50323604::RPEVCZKZUHHEQQ-UHFFFAOYSA-N,-6.479
50323605::NNRGZBIPZOXVLB-UHFFFAOYSA-N,-6.724
50323606::OIIFQYCAOJIJDM-UHFFFAOYSA-N,-7.291
50324115::FGCNFOXYZQLPMW-UHFFFAOYSA-N,-6.095
50324116::FGCNFOXYZQLPMW-WPZCJLIBSA-N,-5.579
50324117::VNDRTKUEQIBKJY-UHFFFAOYSA-N,-5.385
50324118::WMNQFPRREFLTML-UHFFFAOYSA-N,-5.573
50324119::YRHKPVJIZXBRCI-UHFFFAOYSA-N,-5.623
50324146::DPBAIUSEAGTHBN-UHFFFAOYSA-N,-5.597
50324149::MQIWXSYBYIIVPE-UHFFFAOYSA-N,-5.706
50324151::QMISUBCKEDZHDT-UHFFFAOYSA-N,-5.795
50324157::CLQBRBFJGFBWMS-UHFFFAOYSA-N,-5.503
50324158::QCOBTAGFAUBYAO-UHFFFAOYSA-N,-5.785
50324160::MHNSKVYWFDVXHV-GMAHTHKFSA-N,-6.856
50324196::UQDSHTUMDVKJES-OAQYLSRUSA-N,-7.703
50324226::SSZMAARPGXYFMA-GOTSBHOMSA-N,-7.501
50324227::BAUZWUSZPXPFMT-JOCHJYFZSA-N,-7.664
50326932::QFWHAFOCMOQSHC-UHFFFAOYSA-N,-7.247
50326935::ORHHWJMIJCSUTC-UHFFFAOYSA-N,-7.194
50326936::HKLWSBIHHHYTLH-UHFFFAOYSA-N,-7.896
50326937::WFIFLFARTXGDFP-UHFFFAOYSA-N,-7.789
50326938::FJNNUNSQTYMTMN-UHFFFAOYSA-N,-8.037
50326939::LYFIFVUTEYRUOT-UHFFFAOYSA-N,-7.362
50326940::HGZWFFDLJPIVDH-UHFFFAOYSA-N,-7.806
50326941::YXQHFQSWIAZVFJ-UHFFFAOYSA-N,-7.728
50326942::JVNZWCHMCPIYAT-UHFFFAOYSA-N,-7.538
50326943::DJRNAIGSFHOUFL-FQEVSTJZSA-N,-8.006
50326944::DJRNAIGSFHOUFL-HXUWFJFHSA-N,-7.787
50326945::HKLWSBIHHHYTLH-FQEVSTJZSA-N,-7.902
50326946::JFUAWXPBHXKZGA-IBGZPJMESA-N,-8.109
50326947::NAKVZBYNDIOTLA-UHFFFAOYSA-N,-7.922
50326948::UCWWMUPWYRSGBY-IBGZPJMESA-N,-8.608
50326949::YROYMPDJQKBNTG-UHFFFAOYSA-N,-7.502
50326950::LIYOMQNHCSVUSQ-UHFFFAOYSA-N,-8.126
50326951::PKIUGBYVCDETHU-UHFFFAOYSA-N,-8.036
50326953::ANPFZNKOHNLVIS-UHFFFAOYSA-N,-8.225
50326954::VPIGGHQZYNIAQH-UHFFFAOYSA-N,-7.521
50326955::ULOAOMMDFZMTER-UHFFFAOYSA-N,-8.685
50326957::NYAOFNPTQGNQKM-UHFFFAOYSA-N,-7.224
50326958::ZCEACWHBZXPKIT-UHFFFAOYSA-N,-8.563
50326959::BFWRCRIDNKRGTD-UHFFFAOYSA-N,-7.462
50334049::PDCRQOSNBYFZJI-UHFFFAOYSA-N,-9.006
50334050::FAZOJHMTURPXLD-UHFFFAOYSA-N,-8.803
50334051::HUPZROPFBRSFDW-UHFFFAOYSA-N,-7.301
50334052::VPGLREFJYMSJHR-UHFFFAOYSA-N,-7.152
50334053::GQEDWCRZISUBTM-UHFFFAOYSA-N,-7.68
50334055::VWTXAIVZMCQYKU-UHFFFAOYSA-N,-8.294
50334056::XFGMXCGGNWTDQZ-UHFFFAOYSA-N,-9.076
50334057::JQKOMAQFUWNONV-UHFFFAOYSA-N,-9.293
50334058::YFJZCMOHVUUOJJ-YUNKPMOVSA-N,-8.663
50336274::YJVCOVKCTYVELW-UHFFFAOYSA-N,-5.755
50336276::WZVXGNPFGYVCOY-UHFFFAOYSA-N,-6.776
50336997::XMBUPPIEVAFYHO-KPZWWZAWSA-N,-7.373
50338325::HYZGNFIJTUJTBY-PRWKNARSSA-N,-8.042
50338729::PEEQAQFTZGENDO-KUNJGFBQSA-N,-8.878
50338730::DIAWBONHWJRWKZ-QWXGXRTQSA-N,-7.547
50338731::ZRFGZMFRRNHMLW-KUNJGFBQSA-N,-8.243
50338734::FMZKGKLLLCYGJW-QWXGXRTQSA-N,-9.339
50338735::FEKIYUBTGQLEBI-AMXDTQDGSA-N,-8.193
50338736::BQZKKRYIQPCEKF-HWRSSNJWSA-N,-8.451
50340660::NMIXBOUDRDWICA-OOAXWGSJSA-N,-9.091
50340661::IDOKWANEHDNOLY-XHPQRKPJSA-N,-8.978
50340662::SGSLRJUNARVKFS-RDRPBHBLSA-N,-8.207
50340663::NLDACKJWSTTYSC-MTDXEUNCSA-N,-8.802
50340664::RGMOSYPQLNCAFJ-STBIYBPSSA-N,-8.698
50340665::GDJKXOLGMVNOGF-RDRPBHBLSA-N,-8.635
50348405::PCJNAMBTUJABGN-KRWDZBQOSA-N,-7.343
50348407::ZTKAFVSUBJCXFM-KRWDZBQOSA-N,-7.464
50348408::FDXWONUERKJVPB-SFHVURJKSA-N,-7.017
50348411::HLRQXZBFIYYNOH-INIZCTEOSA-N,-7.007
50348413::CUNSDNZRZMUTPA-KRWDZBQOSA-N,-7.009
50348414::WFESRNFSHAPECN-KRWDZBQOSA-N,-7.019
50354849::WMWTYOKRWGGJOA-CENSZEJFSA-N,-6.88
50354850::VOVIALXJUBGFJZ-KWVAZRHASA-N,-8.121
50354851::XTULMSXFIHGYFS-VLSRWLAYSA-N,-6.904
50355215::GCKPHOXYYUDVKW-UHFFFAOYSA-N,-7.935
50355217::IALKNCMLUROCDO-UHFFFAOYSA-N,-6.963
50355218::XFRTYNYJWIERRS-UHFFFAOYSA-N,-7.394
50355219::ANJOWLHUOCPYOB-UHFFFAOYSA-N,-6.888
50355220::AVHPOQHOAZUHSK-UHFFFAOYSA-N,-7.136
50355221::QCMWAGHAMOJDTL-UHFFFAOYSA-N,-7.799
50355222::BZLMBPXMTXSEBQ-UHFFFAOYSA-N,-7.657
50355223::OIRVUCBYEYWFLP-UHFFFAOYSA-N,-7.509
50355224::LQQTWYYLBRONNW-UHFFFAOYSA-N,-7.431
50355225::ZNMUKBZFPZWIBB-UHFFFAOYSA-N,-7.305
50355226::OUDRHYDJYSKBKI-UHFFFAOYSA-N,-7.667
50355227::DWIPNMOLLJPBBL-UHFFFAOYSA-N,-7.5
50355228::MZZSWWWZSPRTIG-UHFFFAOYSA-N,-8.553
50355229::SFFRDZLSPHLHGQ-UHFFFAOYSA-N,-8.376
50355230::LEZCWHTWNGBHIP-UHFFFAOYSA-N,-7.649
50355231::IEIHLHMWHWSYKM-UHFFFAOYSA-N,-7.916
50355232::DTKWJHIAZGYBLD-UHFFFAOYSA-N,-8.258
50355233::IRBVKAQSCHBAEF-UHFFFAOYSA-N,-8.153
50355234::PLSIUGKFKAWUTD-UHFFFAOYSA-N,-8.459
50355235::IQNOYQLGZWAEFU-UHFFFAOYSA-N,-8.192
50355236::LWDADUCKGFCREN-UHFFFAOYSA-N,-8.749
50355237::GSIXGPWONSTSCY-UHFFFAOYSA-N,-9.701
50355238::GDPCHLIOUYQQSO-UHFFFAOYSA-N,-9.942
50355242::HKTQGSVHSCFDJG-UHFFFAOYSA-N,-7.381
50355244::JBCWQDMKFTUORP-UHFFFAOYSA-N,-7.792
50355245::QMEOALWCPRCUOJ-UHFFFAOYSA-N,-7.707
50355246::AQDSLDBDPQOITC-UHFFFAOYSA-N,-7.661
50355730::DZBKAUMYTFPJIS-HSZRJFAPSA-N,-9.747
50355739::RVDUZNHKCJRYQY-HSZRJFAPSA-N,-9.395
50355740::NFBRIOXZUUCQFQ-JOCHJYFZSA-N,-9.484
50355745::QWKSNMYGEFJJIU-HSZRJFAPSA-N,-9.114
50356036::HINCRROTVFUICG-NRFANRHFSA-N,-7.734
50356037::HINCRROTVFUICG-OAQYLSRUSA-N,-7.869
50356038::BCWFWNBNYVPLRF-UHFFFAOYSA-N,-8.532
50356039::AXAIJGRNQQORMC-UHFFFAOYSA-N,-8.033
50356040::WPABLAUGQPSKHQ-UHFFFAOYSA-N,-8.604
50356041::UVNQTHIANKSLKK-UHFFFAOYSA-N,-7.634
50356042::SMYUZCJLGBMSME-UHFFFAOYSA-N,-8.337
50356043::WHCDWQKQXRPMKS-UHFFFAOYSA-N,-8.724
50356044::QSDGRHKNICEVHX-UHFFFAOYSA-N,-7.581
50356045::VDCNLLFWCBGVMM-UHFFFAOYSA-N,-8.015
50356046::HFWXCPFGOCGJDK-UHFFFAOYSA-N,-8.908
50356047::ICUQBHIVWGFWAR-UHFFFAOYSA-N,-8.21
50356048::HGNYBRFKHNQBPB-UHFFFAOYSA-N,-7.56
50356049::DORQSUNHACTGLQ-UHFFFAOYSA-N,-7.795
50356050::DORQSUNHACTGLQ-QFIPXVFZSA-N,-7.848
50356051::KNEYKCUMUCBZNB-UHFFFAOYSA-N,-8.301
50356052::JZFUUMIFIPVITG-UHFFFAOYSA-N,-7.787
50356053::NIJXJFCGNYEYSG-UHFFFAOYSA-N,-8.789
50356054::KJUOEYJRZUJJLM-UHFFFAOYSA-N,-7.385
50356055::NNTHLQVZGURUAX-UHFFFAOYSA-N,-8.865
50356056::UUIWYLMDKKQBJQ-UHFFFAOYSA-N,-7.234
50356057::USMFOMVHIKQVEN-UHFFFAOYSA-N,-9.209
50356058::PKGWJFNRGGGBJB-UHFFFAOYSA-N,-7.203
50356059::QTOKABCAHAKYAS-UHFFFAOYSA-N,-7.665
50356060::QTOKABCAHAKYAS-DEOSSOPVSA-N,-7.261
50356061::QOZZBCZFOZCNQK-UHFFFAOYSA-N,-8.368
50356062::MTJXQXWQRBOMIO-UHFFFAOYSA-N,-8.41
50356063::PTSVXOMDYDMATJ-UHFFFAOYSA-N,-8.258
50356064::QTOKABCAHAKYAS-XMMPIXPASA-N,-6.831
50359641::PCGOQTMXPHYEIV-UHFFFAOYSA-N,-8.156
50359642::DFBSMSXIFGLYCG-UHFFFAOYSA-N,-7.775
50359643::LTLHQZAJZVFPBB-UHFFFAOYSA-N,-8.43
50359644::LPNILISJTWTRLC-UHFFFAOYSA-N,-7.88
50359645::PKBIAUYNZMVJCB-UHFFFAOYSA-N,-7.867
50359646::UKYZOXZXSMDUBU-UHFFFAOYSA-N,-8.115
50359647::SKPDQMSNDPLXPE-UHFFFAOYSA-N,-8.412
50359648::CMFFEQLOOLNLFE-UHFFFAOYSA-N,-8.339
50359649::KLPDOSFCNONAFF-UHFFFAOYSA-N,-8.575
50359650::WEKSEXQGHQCYBF-UHFFFAOYSA-N,-8.52
50359651::WDYCDBMOJVBUFD-UHFFFAOYSA-N,-7.991
50359652::FDFMYVGKENHMGM-UHFFFAOYSA-N,-8.143
50359653::IEJRHMSEVCJOEN-UHFFFAOYSA-N,-8.138
50360469::ABBVXAPWGDMAFQ-NVDOYETESA-N,-7.017
50360470::QGOPHAULKWSGPS-GCNJZUOMSA-N,-7.511
50360471::JEYQTZLASRZWLG-COTPGQAASA-N,-7.134
50360472::BSQOBGACNJJKJP-PWPLQYRGSA-N,-7.618
50362463::CRJJIECNFFXCPM-AVKOWRSVSA-N,-8.179
50364464::XDAWAGMTCJTDDV-BZAFBGKRSA-N,-7.363
50364465::KDVSANSBFHATHQ-DTBAVYRLSA-N,-7.521
50364466::PBRBWYQRHGSGKO-QDFBQLGHSA-N,-7.231
50364467::DBWRTNRVJFYFDM-DAUBMODXSA-N,-7.755
50364468::IXMWYDAQMMZUOZ-DTBAVYRLSA-N,-7.108
50364469::WSGANSMSRKUENH-UFWDGWHQSA-N,-7.359
50367113::CMSGVURZCKVOGX-UHFFFAOYSA-N,-9.035
50367114::ZDGVFRADHMKOMF-UHFFFAOYSA-N,-6.468
50367115::RRTDJKNPVZWKBV-UHFFFAOYSA-N,-8.375
50367116::QZBGXCHJDCAVTK-UHFFFAOYSA-N,-7.352
50367117::KQEXNWRKGSBISM-UHFFFAOYSA-N,-6.66
50367118::NKCMOXTWZBYYAO-UHFFFAOYSA-N,-9.134
50367119::LDKIOTGYOZFLPF-UHFFFAOYSA-N,-8.762
50367120::UUPGJEIOTSHDTL-UHFFFAOYSA-N,-6.913
50367122::CKFRRFBJSPOEAT-UHFFFAOYSA-N,-9.219
50367126::MYXBFAKWYQVTKP-UHFFFAOYSA-N,-8.35
50367127::MCJLQQDKOZPAHG-UHFFFAOYSA-N,-6.524
50367916::CCCIJQPRIXGQOE-XWSJACJDSA-N,-9.416
50368933::VNLTWJIWEYPBIF-KMSLUKAPSA-N,-6.174
50368971::OPYGWFILWDWQSX-UDJYMHCNSA-N,-6.025
50368977::MKYOYWSMPLRHDW-SSKMXYOESA-N,-6.924
50375444::BQHRYCHZLWAAIW-BNIHCRAJSA-N,-7.873
50375445::QYGMXYALPBPWHP-HMWAHOBHSA-N,-7.846
50375820::TVDRXBFEEAXOTN-UHFFFAOYSA-N,-7.417
50375824::KJUJBDCNWOJDQE-UHFFFAOYSA-N,-7.21
50375825::UWFRUEUBOYKJIU-UHFFFAOYSA-N,-7.724
50375828::HRKXUKMGCJCAPX-UHFFFAOYSA-N,-8.384
50375829::GVPWNKABXKSXGY-UHFFFAOYSA-N,-8.432
50375830::AGOFKDOBYNWSDB-UHFFFAOYSA-N,-8.273
50375831::JKPGQTUCEOWUKN-UHFFFAOYSA-N,-7.861
50375832::FVPNOOFJTXKDHD-UHFFFAOYSA-N,-8.949
50375833::KZANNUSSMQLOLC-UHFFFAOYSA-N,-8.303
50375834::CMTTUUPRKZPDHM-UHFFFAOYSA-N,-8.429
50375835::CBENYCNPSOQXRJ-UHFFFAOYSA-N,-7.92
50375836::PIGYOAAVIHCBRV-UHFFFAOYSA-N,-7.62
50375838::FPYZTDDUPXWEQH-UHFFFAOYSA-N,-9.671
50375839::PBZQJZHVFLVQJI-UHFFFAOYSA-N,-9.171
50375840::BNGOGZNXYPKZAN-UHFFFAOYSA-N,-7.836
50376852::ACYYHAZVNHMRMQ-XKZIYDEJSA-N,-7.718
50377338::PYHAWYQXRVXAHX-UHFFFAOYSA-N,-8.559
50377339::GOUMJTGDXMAQKS-UHFFFAOYSA-N,-8.249
50377340::ZCTMUXCBNPHOEP-UHFFFAOYSA-N,-8.683
50377341::TVKQINGZQAQVCA-UHFFFAOYSA-N,-8.06
50377343::PFUXODWITQFWRK-UHFFFAOYSA-N,-8.869
50377344::GVCONUYHNJTACG-UHFFFAOYSA-N,-8.694
50377345::PCGWJSDLFYYVRR-UHFFFAOYSA-N,-8.517
50377346::DSMDXILQYZQPHU-UHFFFAOYSA-N,-8.418
50377347::NZGNOGXYEWYRJB-UHFFFAOYSA-N,-8.061
50377348::KAFURNBTIHQXCB-UHFFFAOYSA-N,-7.981
50377349::IFFNOGXSDVOOPK-UHFFFAOYSA-N,-7.323
50377350::KXMVPYRKURWIPA-UHFFFAOYSA-N,-8.42
50377351::XYAPBFRUZQERGJ-UHFFFAOYSA-N,-7.102
50396595::VLQGBUMFAWREQH-UHFFFAOYSA-N,-8.631
50398063::QMYMQYABUUIHHX-ROPPNANJSA-N,-5.251
50398065::CZHIJMGMBQCQDA-HJAQZPMZSA-N,-10.28
50398195::IHPVXUVRRPAUIQ-GOSISDBHSA-N,-8.145
50401597::LLTICORNBCFKRI-UHFFFAOYSA-N,-7.298
50401598::UDSOYRSGQQDUAD-UHFFFAOYSA-N,-6.857
50401599::MZUYPFIOEIBRRF-UHFFFAOYSA-N,-7.206
50401600::UYROQEMFTDNRIY-UHFFFAOYSA-N,-7.102
50401601::SWLJOQFFIVIKMD-UHFFFAOYSA-N,-7.453
50401602::XWVOMJKOXKPRBH-UHFFFAOYSA-N,-6.552
50401603::CHXLEFIMSGYBNX-UHFFFAOYSA-N,-7.762
50401604::PALDPPQXEQQEEN-UHFFFAOYSA-N,-7.069
50401605::WMVKGPPFFNOKOW-UHFFFAOYSA-N,-7.693
50401606::XSJZNLVVOVDASQ-UHFFFAOYSA-N,-7.201
50401607::GKDVKPGBVTYGCC-UHFFFAOYSA-N,-7.596
50401608::BKJARJTZZXCKKA-UHFFFAOYSA-N,-7.136
50401609::LIAYYMAKCKBDJR-UHFFFAOYSA-N,-7.358
50401610::ANODMLLRRSJHOJ-UHFFFAOYSA-N,-7.183
50401611::QHLYHKQLBQGUHK-UHFFFAOYSA-N,-7.122
50401612::GMHRJLKGYBNGKA-UHFFFAOYSA-N,-6.829
50401613::WINRLKMXNQDAOS-UHFFFAOYSA-N,-6.733
50403727::ABMNASWKARFNAA-ZJUUUORDSA-N,-8.296
50403728::HGHRCZOIYJBGPL-BDAKNGLRSA-N,-8.097
50403729::HGHRCZOIYJBGPL-RKDXNWHRSA-N,-8.067
50410187::AJRJLOHHFYPQDN-FPVIQMQWSA-N,
50410188::AJRJLOHHFYPQDN-OKUGAFEBSA-N,
50415012::MRLDZKPHSXTYGP-UHFFFAOYSA-N,-8.655
50415013::XQWXNFLYYDSKJD-UHFFFAOYSA-N,-7.684
50415014::PRTAYUOEAFHVKL-UHFFFAOYSA-N,-6.792
50415015::XIQNCZJYIKIAJJ-UHFFFAOYSA-N,-7.964
50415016::REVWRGKPRYXPFY-UHFFFAOYSA-N,-7.104
50415019::LUTXIHFTNWRKIR-JTQLQIEISA-N,-7.812
50415021::ZMEYXBUVCJMXTL-UHFFFAOYSA-N,-7.749
50415023::NYSINRQLUQCAPS-UHFFFAOYSA-N,-6.485
50416071::VJOBZFNFYPDFML-UHFFFAOYSA-N,-9.451
50416072::OOBVFAPEUYZCPP-UHFFFAOYSA-N,-8.592
50416073::IEZFNUXVGKYXMU-UHFFFAOYSA-N,-8.406
50416074::WAKOIDMSJVVKKI-UHFFFAOYSA-N,-8.755
50416075::STMSGZQNLAWSTI-UHFFFAOYSA-N,-8.979
50416076::JWWJEENUMHZSBN-UHFFFAOYSA-N,-8.138
50416077::UGEICSSTWXHBRN-UHFFFAOYSA-N,-8.956
50416078::NSEYQHXUJJGSKW-UHFFFAOYSA-N,-9.02
50416079::LLVIFFLKXVFNND-UHFFFAOYSA-N,-12.66
50416080::GXDVOEBCFUAPIE-UHFFFAOYSA-N,-9.064
50416081::OEDPCKPVEWFJPZ-UHFFFAOYSA-N,-9.104
50416082::LQOZKKGNPUNQFL-UHFFFAOYSA-N,-8.837
50416083::GHRAAOQUALWOAH-UHFFFAOYSA-N,-8.627
50416084::KITMBHWKRRKXPH-UHFFFAOYSA-N,-9.897
50416085::ZLLNZPHWDAFSSY-UHFFFAOYSA-N,-8.858
50416086::LZIXLNRSNIDKGZ-UHFFFAOYSA-N,-9.499
50416087::WMFVCPSRBAMYCG-UHFFFAOYSA-N,-9.8
50416088::GHPKGWAUDHFBQX-UHFFFAOYSA-N,-9.171
50416089::RESUKSBAYZBGEC-UHFFFAOYSA-N,-9.378
50416090::ZHFMHKBHNIHCOX-UHFFFAOYSA-N,-9.982
50416091::KTIZFJWMSMRJHW-UHFFFAOYSA-N,-9.937
50416092::QSKMILLSYSDJSW-UHFFFAOYSA-N,-9.282
50416093::WCYCETJNKIDBFS-UHFFFAOYSA-N,-9.519
50416094::IUMAGUPBPGESDT-UHFFFAOYSA-N,-9.456
50416095::VUTMSTDGJXSCFU-UHFFFAOYSA-N,-9.292
50416096::HLQDKDNOSPNGGW-UHFFFAOYSA-N,-9.908
50416097::MBWIUTICWNMOQW-UHFFFAOYSA-N,-9.855
50416098::KXMIQTYNLXAGIV-UHFFFAOYSA-N,-9.6
50416099::CYDLCUXCVZSTJQ-UHFFFAOYSA-N,-9.646
50416100::DXBJGDVBQPEMOB-UHFFFAOYSA-N,-9.367
50416101::YDGNXSOLWOOFRO-UHFFFAOYSA-N,-9.317
50416102::MZSMYRLAADFCTA-UHFFFAOYSA-N,-8.997
50416103::ZAMZOCCQUCFOFO-UHFFFAOYSA-N,-9.54
50416104::HREMNIGLVBCLQV-UHFFFAOYSA-N,-8.39
50416105::CUAQXNPFHHZWMK-UHFFFAOYSA-N,-9.477
50416106::QUSYRLKUNDKEBI-UHFFFAOYSA-N,-9.382
50416107::RASBRABSHNFWAA-UHFFFAOYSA-N,-8.467
50416867::BDZYLNZLEGRWAZ-UHFFFAOYSA-N,-9.19
50416868::BCEBCGJPCPOGCH-UHFFFAOYSA-N,-7.572
50416870::ZVCDNODZUJDLPU-UHFFFAOYSA-N,-8.836
50416871::ORZKYLGIGBLKSG-UHFFFAOYSA-N,-7.186
50416872::LCQARUZGGLOLJC-UHFFFAOYSA-N,-9.319
50416873::OUFQSIUBFDHEQY-UHFFFAOYSA-N,-7.09
50420540::ICEFORRNJVZCHJ-FSJBWODESA-N,-7.955
50420542::XTFYZTFVHVNUEN-KEBDBYFISA-N,-8.556
50422863::KQQWVJMECBOLPR-UHFFFAOYSA-N,-9.019
50422864::KGCQIOUZEREWDG-UHFFFAOYSA-N,-7.803
50422865::HKFNEVBJSSKLCF-UHFFFAOYSA-N,-7.85
50422866::NTSJGFMDUAVRPY-UHFFFAOYSA-N,-7.763
50422867::UWRSFIXITXHHDP-UHFFFAOYSA-N,-8.262
50422868::VRWHVENNQXXKMP-UHFFFAOYSA-N,-7.563
50422869::INCIGCIRUXAVBS-UHFFFAOYSA-N,-7.503
50422870::FJMVWRRNCQYTAT-UHFFFAOYSA-N,-7.013
50422871::KPEJRQRXMVAEHT-UHFFFAOYSA-N,-8.029
50439606::GUKNLDXVUBZZLL-UHFFFAOYSA-N,-8.06
50439607::DBJLPZIAKOMATO-UHFFFAOYSA-N,-7.213
50439608::XWXVDWUFOLWWBG-UHFFFAOYSA-N,-7.016
50439609::QKZAWMWPTSDSCF-UHFFFAOYSA-N,-7.463
50439610::KSSVQFNXQVUTNB-UHFFFAOYSA-N,-7.874
50439611::DUZYYZCQMINTFP-UHFFFAOYSA-N,-7.897
50439612::OHUSXUGFNIRYCY-UHFFFAOYSA-N,-6.922
50439613::PORRNAABVGMIRR-UHFFFAOYSA-N,-7.508
50439614::NZDONLCAMPFJHQ-UHFFFAOYSA-N,-7.701
50439615::KJNMSNXRKPQPBK-UHFFFAOYSA-N,-7.556
50439616::QHCUVUNJGMKZDL-UHFFFAOYSA-N,-7.58
50439617::FLUKKJOWQPEDIT-UHFFFAOYSA-N,-7.787
50439618::FZLMYAVKTHSKIZ-UHFFFAOYSA-N,-6.988
50439619::OGPDZTLPNGLBNC-UHFFFAOYSA-N,-8.344
50439620::YDHMBCOVDPWSQA-UHFFFAOYSA-N,-8.369
50440096::ZIKKLQCMCXRRTF-VWLOTQADSA-N,-9.277
50440097::AWBMTFDCCHSMQU-DEOSSOPVSA-N,-9.557
50440098::SNVFHXONMCDHFX-SANMLTNESA-N,-9.417
50440233::MATZYFFMBFOOKH-UHFFFAOYSA-N,-8.932
50440242::XFFATDFCPKLQRT-HSZRJFAPSA-N,-9.311
50440243::XFFATDFCPKLQRT-QHCPKHFHSA-N,-9.443
50442124::IBNFBUZURJLOIX-UHFFFAOYSA-N,-8.143
50442126::JHKKWBHGUKVOET-UHFFFAOYSA-N,-8.634
50443329::RBPRPTLMEWSCMU-UHFFFAOYSA-N,-8.97
50444184::XZOCWBJVVFJEFU-UHFFFAOYSA-N,-7.663
50444185::HMYGXGUMESBWOB-UHFFFAOYSA-N,-8.242
50444186::OWWJZAKLVDXCMD-UHFFFAOYSA-N,-8.731
50444187::RXEIQMFFHIVGLD-AWEZNQCLSA-N,-8.1
50444188::CPXLOFOGNURDFC-UHFFFAOYSA-N,-7.526
50444189::DGELEWLFMTZTAW-UHFFFAOYSA-N,-7.076
50444190::CVFDJBVNXZCLBL-UHFFFAOYSA-N,-8.347
50444191::FGWOYLFOCSKTSC-UHFFFAOYSA-N,-7.897
50444192::RBUVZQPMAIWWCG-UHFFFAOYSA-N,-8.185
50444193::XYFAXIKXGILQET-UHFFFAOYSA-N,-8.193
50444194::DCRMRSLJFCGKKG-UHFFFAOYSA-N,-7.132
50444195::MKBMFZOEUDKVGZ-UHFFFAOYSA-N,-8.719
50444196::FDMHMFIRHWCKNN-UHFFFAOYSA-N,-7.996
50444197::JKBQDIAWGDKQHW-UHFFFAOYSA-N,-8.718
50444198::BSXOBLQQSALHLR-UHFFFAOYSA-N,-8.516
50444199::IFNZOVIDIOXFMG-UHFFFAOYSA-N,-8.01
50444200::PVUYPBAPWIWFAJ-UHFFFAOYSA-N,-6.98
50444201::DUZBBWARHFOMBJ-UHFFFAOYSA-N,-7.354
50444202::NXRVYSZNJVQSEI-UHFFFAOYSA-N,-8.197
50444203::UDQPQRQPOLSCKG-UHFFFAOYSA-N,-8.97
50444204::HHJSGMINRSKVLO-AWEZNQCLSA-N,-7.534
50444205::KLTYQAJNDLZNSD-AWEZNQCLSA-N,-7.118
50444206::CEOIQIXVRWVLBN-UHFFFAOYSA-N,-7.729
50444207::NHIKVVXPLBWTNX-UHFFFAOYSA-N,-7.787
50444388::YXGACPVGUQXDFZ-UHFFFAOYSA-N,-7.488
50444389::JLMKYNGLORSHHP-UHFFFAOYSA-N,-6.253
50444390::JQDUVTPGLRBCNA-IBGZPJMESA-N,-7.259
50444391::FUKQDYZBSPYJEJ-SFHVURJKSA-N,-7.419
50444392::KIXSJEJHLVMNMZ-SFHVURJKSA-N,-6.88
50444393::PPUNHWFUTBMUGU-KRWDZBQOSA-N,-5.691
50444394::SFFRJYDGTHMNDH-UHFFFAOYSA-N,-6.752
50444395::QAIBFISDVFSRKN-UHFFFAOYSA-N,-5.753
50444396::WNDGXHOAOJXNHG-UHFFFAOYSA-N,-5.6
50444397::JQDUVTPGLRBCNA-UHFFFAOYSA-N,-7.56
50444398::JQMVFHXSBNJQRP-UHFFFAOYSA-N,-5.858
50444399::FXSCCOANJPANKE-UHFFFAOYSA-N,-6.576
50444400::SGPHLLUCLSONGK-UHFFFAOYSA-N,-6.013
50444401::YBIHCFXAMSLIHT-UHFFFAOYSA-N,-7.093
50444402::IMDWWFBCGVBAMW-UHFFFAOYSA-N,-7.321
50444403::MPLPTTLNPDVGGI-UHFFFAOYSA-N,-7.44
50444404::PUCKHCPITYMJIM-UHFFFAOYSA-N,-7.333
50444405::BSSCIPHDXVAFCI-UHFFFAOYSA-N,-6.278
50444406::QGKBVDLQECAUMM-UHFFFAOYSA-N,-6.055
50444407::GWBHDCFCUBNVKR-UHFFFAOYSA-N,-7.068
50444408::DXXYZQHCMYWYJO-UHFFFAOYSA-N,-7.399
50448165::WLMLZKXAEFRSCP-UHFFFAOYSA-N,-7.035
50448166::LGTLOCBNEXITRB-XQNSMLJCSA-N,-7.222
50448167::UFZZMZCIWOEUKP-HIXSDJFHSA-N,-6.429
50448168::PHIKAOOZNGLKDI-QQTULTPQSA-N,-6.497
50449055::ABDAGDDZOUDCKI-UHFFFAOYSA-N,-7.964
50449056::ADHVTOAGYGEFSM-IBGZPJMESA-N,-8.575
50449057::ABDAGDDZOUDCKI-IBGZPJMESA-N,-8.379
50449058::BKTGHYFKGYEFMO-UHFFFAOYSA-N,-8.138
50449059::VORSJOLOEGVROH-UHFFFAOYSA-N,-7.265
50449060::AZYGKDQZZHOKOM-UHFFFAOYSA-N,-8.431
50449061::GOOXKCJWRRSCPC-UHFFFAOYSA-N,-8.174
50449062::YODZJEXOVOLTHE-UHFFFAOYSA-N,-8.757
50449063::YUENOOALVDTBKW-UHFFFAOYSA-N,-7.987
50449064::RCQVRWJFEKOHOS-UHFFFAOYSA-N,-8.933
50449065::RIPQLOCNIOPCFT-UHFFFAOYSA-N,-8.036
50449066::VIQIHMYRFPSQJM-UHFFFAOYSA-N,-8.41
50449067::LBBVZEVHJCWQLW-UHFFFAOYSA-N,
50449068::JJGDCOFMYMNIND-UHFFFAOYSA-N,-8.919
50449069::OKFDQVOVQDXKRE-UHFFFAOYSA-N,
50449070::ZESLIMQZPCLMJQ-UHFFFAOYSA-N,
50449071::GODBXMQWXMDZOL-UHFFFAOYSA-N,-7.825
50449072::FVVCINVYALBDMF-UHFFFAOYSA-N,
50449073::JXOGFYZFEZZKKQ-UHFFFAOYSA-N,-8.478
50449074::RSMAEJMIEPTWJC-UHFFFAOYSA-N,-7.836
50449075::ADHVTOAGYGEFSM-UHFFFAOYSA-N,-8.269
50449076::NLCVZOCZDYTQEL-UHFFFAOYSA-N,-9.522
50449077::YGMWYZPIFDQGCI-UHFFFAOYSA-N,-8.069
50474917::YBMIUFPRKJPNPB-UHFFFAOYSA-N,-8.091
50474919::HFHJIPYIQJZIKQ-UHFFFAOYSA-N,-7.239
50486508::AUTNPBPPDBWRNC-UHFFFAOYSA-N,-7.114
50506048::ATOAVZQFLCOJQE-UHFFFAOYSA-N,-7.823
50506861::IDEHKJXWAPTFBV-BJKOFHAPSA-N,-7.109
50506867::BMXRHVHPOUJMAM-XMMPIXPASA-N,-7.519
50506868::PUAWDVKKRWMNOX-LOSJGSFVSA-N,-7.707
50528387::NAGHPXVIWRQPIX-BLZQOCCISA-N,-6.674
50528388::CMXFWOYVQQMVBK-XVFXGUTESA-N,-7.07
50528389::UDDUGXMYFCMHJO-RERXQODOSA-N,-6.764
50528390::HKNHKWNVPJNEIG-FPPIQGJOSA-N,
50528391::LJUSMSPTDKGAFT-LMNHVJTASA-N,-7.095
50528392::PDQVCFOQIMKRGZ-XVFXGUTESA-N,-7.59
50528393::JMNCQBRDSLFPEF-XVFXGUTESA-N,-6.869
50528394::GLUFOYQUUUJVJA-XVFXGUTESA-N,-7.182
50528395::NVYLLDMIRRJUPP-FPPIQGJOSA-N,
50528396::JNTZCBIITZNVPZ-PEKKUUPUSA-N,-6.647
50528397::HYTRMSLXHBYETF-KMSLUKAPSA-N,-6.568
50528398::PMXAVBSTGDVUEY-KMSLUKAPSA-N,-7.106
50528399::LLJGSOWEDLLWCV-ZNTNFDNYSA-N,
50528400::JYIZKFANKNAGAJ-XVFXGUTESA-N,
50528401::ULQLIUHMFMGRIO-BLZQOCCISA-N,-7.199
50528402::KNWRNHMAMAMVEU-WMYRKXHHSA-N,
50528403::SWLSHPWYSWBPQE-DYAISBIGSA-N,
50528404::KQUQKSCHNKINQQ-XVFXGUTESA-N,
50531562::CXMYQNASVPFTNM-ZDUSSCGKSA-N,-8.04
50531567::MZXJUBCQPAWCDI-JTQLQIEISA-N,-8.496
50531579::RNFNFRANQNBNSW-AWEZNQCLSA-N,-8.05
50531583::MZXJUBCQPAWCDI-SNVBAGLBSA-N,-8.722
50531584::NFJHLNVAXBXQAY-KRWDZBQOSA-N,-7.689
50531585::KQHPDWUZVRUQRE-ZDUSSCGKSA-N,
50531589::CERMKIOTMWNAGM-HNNXBMFYSA-N,
50531590::PGROELHINWWVFN-LBPRGKRZSA-N,
50531592::LDMXIBBXEVPMOJ-JTQLQIEISA-N,-7.993
