7235::ZNWWNXHREBVJRH-UHFFFAOYSA-N,-8.3
13979::WFOPILBHPHNXJW-UHFFFAOYSA-N,-7.3
15253::DEGQJEIORYDUEY-UHFFFAOYSA-N,-8.4
15261::VSKUURKJFLMGRG-UHFFFAOYSA-N,-8.7
15269::ZMMPNYFGBHEUOV-UHFFFAOYSA-N,-8.4
15270::IXJVGFGPNKHQNK-UHFFFAOYSA-N,-8.5
15281::DPZQTHVXZPQOQI-UHFFFAOYSA-N,-8.8
24464::GZMFYPWWSXGVTC-UHFFFAOYSA-N,-9.0
26808::KRGIXMSVPSMLII-JTHBVZDNSA-N,-10.2
64254::PJPYAWUPLWQGJX-UHFFFAOYSA-N,-9.7
73797::OAAFPYLKYQKPBW-AATRIKPKSA-N,-9.2
85848::WDTAYDBPNYFWDR-UHFFFAOYSA-N,-10.3
87938::MFAFOSJZKZAZSS-UHFFFAOYSA-N,-10.4
91623::OQOJTNWJUISUFK-JOZNFPNDSA-O,-9.8
103178::MFIITRQUHPBFOR-UHFFFAOYSA-N,-10.5
103179::APJRQHYPFKVIGN-UHFFFAOYSA-N,-11.1
104984::NKGXWOQLVXJNHR-UHFFFAOYSA-N,-11.7
111950::LRJJVOVQGDOHAX-UHFFFAOYSA-N,-10.2
112617::QOEZRZBVPCWVFJ-HOTGVXAUSA-N,-8.8
113127::JGCGMHHSWAIIID-IYARVYRRSA-N,-8.1
116662::COANUJWURZDRKT-UHFFFAOYSA-N,-9.3
119349::SOASSXVYYDHJEE-UHFFFAOYSA-N,-8.9
119355::QUGOGKYQIGBDNP-UHFFFAOYSA-N,-8.1
120804::XRZGPMNELCSYNM-DMRSJCKZSA-N,-8.2
122614::PZIUNIWFXVXPTE-UHFFFAOYSA-N,-10.1
122619::XKEOWGKPMORJIB-UHFFFAOYSA-N,-9.4
122642::ZTIPBSQJJXHPJD-UHFFFAOYSA-N,-9.8
122686::JPULRMNUPRFQST-UHFFFAOYSA-N,-9.7
122687::VAIAUKCZKJPKFB-UHFFFAOYSA-N,-9.6
122868::LQZSJSXTLJDLEA-UHFFFAOYSA-N,-9.6
122869::WDTKVBXUZANKRN-UHFFFAOYSA-N,-9.7
122872::SKJDTEQRQLIMED-UHFFFAOYSA-N,-10.0
122875::JLHMKYGFMZDOOF-UHFFFAOYSA-N,-10.2
122877::RCQYCEBXDWLITH-UHFFFAOYSA-N,-10.1
122880::NFISIFLEAMLXMW-UHFFFAOYSA-N,-8.9
122905::VDHXGVKVHXVZBW-UHFFFAOYSA-N,-10.3
122906::JCHTWNXVTQEIJH-UHFFFAOYSA-N,-9.7
125276::RYTXVHCYIMAQIC-UHFFFAOYSA-N,-8.8
125438::SLFGSBCJSPHJCE-LSDHHAIUSA-N,-10.0
127471::GYRKINABGRSUGW-UHFFFAOYSA-N,-10.1
131931::NDWDFOHNAPAFJC-UHFFFAOYSA-N,-9.1
139495::IIABPOATXMCFIP-UHFFFAOYSA-N,-9.0
139768::OTRCGCSAXCYFDY-UHFFFAOYSA-N,-9.8
139784::GDVLATMCDGSFHN-UHFFFAOYSA-N,-10.4
139815::LPACSMJBOGTHAB-GBAZGAGXSA-N,-10.6
139822::IRMDNBINMGCPIV-GDLZYMKVSA-N,-10.8
139836::GAUIWQDFAKOZPL-WOKNPCPGSA-N,-9.9
139850::GSBXPSDZHHBULK-UHFFFAOYSA-N,-10.1
139859::CVEMWDLQBJGLSR-UHFFFAOYSA-N,-9.8
139869::JUEORSSBWVMLPJ-UHFFFAOYSA-N,-10.0
152834::FIXLLMQSYQWBGE-UHFFFAOYSA-N,-8.8
159235::KEWJTNNSWAUKDA-AREMUKBSSA-N,-9.6
159236::LADQLGACPNZYLX-MUUNZHRXSA-N,-10.0
169521::PMZVZOSOGDHRCQ-JOCHJYFZSA-N,-11.0
174326::KKTSOFXCPJNABK-ROUUACIJSA-N,-9.8
181015::DAXUUNAELZSVRJ-UHFFFAOYSA-N,-9.1
181690::LEXOEMDADCEKEP-UHFFFAOYSA-N,-8.7
182486::NTSTWVKDSHLTLO-UHFFFAOYSA-N,-9.3
182638::YMAXDASFQVYAFA-UHFFFAOYSA-N,-8.5
188758::XZOWJCGJUPFFSJ-UHFFFAOYSA-N,-9.8
188778::KHBGODHLUMDHHZ-UHFFFAOYSA-N,-9.6
188797::IYMYAEXANUXDMQ-UHFFFAOYSA-N,-9.1
188812::VQJKZXIKCUIQOX-UHFFFAOYSA-N,-9.6
188891::LGGKBHUREJMNQW-UHFFFAOYSA-N,-9.4
188892::LQHVKBWKLFXDSF-UHFFFAOYSA-N,-9.8
188893::LUVJWXYPQULWLK-UHFFFAOYSA-N,-9.7
188895::NIDNUEYTBQKJNU-UHFFFAOYSA-N,-9.6
188897::LBONCAXERBXMPH-OAHLLOKOSA-N,-10.0
188898::LBONCAXERBXMPH-HNNXBMFYSA-N,-9.8
188926::HJSJXRXRNWPLKU-UHFFFAOYSA-N,-9.7
188927::MRPMSFCIEQPGFV-UHFFFAOYSA-N,-9.5
191874::WXYWGLVJNJNEKF-UHFFFAOYSA-N,-8.4
204149::SWWRKKQBPXQMNE-UHFFFAOYSA-N,-7.6
204152::OMQJOVALTYGGLC-UHFFFAOYSA-N,-7.6
204601::SXTYEVVLCSOHHX-UHFFFAOYSA-N,-8.0
204636::RXAZDVFBDJEAKF-UHFFFAOYSA-N,-7.6
205995::KNVUDUILISDHBC-OAHLLOKOSA-N,-8.6
206350::OOWMBJPTVIGPFX-UHFFFAOYSA-N,-10.2
206841::YMKKXZCCJACIFJ-UHFFFAOYSA-N,-10.9
207140::IIILFJZWUSDOMV-IAOVAPTHSA-N,-9.1
209325::BHKDKKZMPODMIQ-UHFFFAOYSA-N,-7.9
209333::LOXDSCLLVHNBKO-UHFFFAOYSA-N,-8.3
209339::NODJSZDQTKGINK-UHFFFAOYSA-N,-8.0
209350::RHBPKCPULCGKFB-UHFFFAOYSA-N,-8.4
209355::NQUXUVXCMJRKGW-UHFFFAOYSA-N,-8.1
209357::XRIOZKJZXDCGQY-UHFFFAOYSA-N,-8.5
214588::SLUJDDSDOXSLCL-UHFFFAOYSA-N,-11.5
216448::SPONHPDHHBKHKE-UHFFFAOYSA-N,-9.6
218601::GKNPJPQFGSIVFI-IFMALSPDSA-N,-9.8
228251::LYFAZDMTFHLILE-OYRHEFFESA-N,-10.1
241867::OUNHOTBRNWANCV-TWJSXCEWSA-N,-8.3
241869::VOMNKDOKCKYHET-PNCXRPFASA-N,-7.7
241873::WVYVPDZWHALUDA-LXPFDGTPSA-N,-8.0
246091::URUVTYNFQAZEMS-UHFFFAOYSA-N,-9.3
246391::CIGFCAJNHRIRIV-UHFFFAOYSA-N,-8.7
247418::ZEUDFUNISLCCKE-GYCJOSAFSA-N,-11.2
249189::CDSQMEYITYMMTN-GHRVZJKLSA-N,-7.9
249891::GQIUCZODBZCWCR-UHFFFAOYSA-N,-8.9
249897::GHOZCDNEAFFBLD-UHFFFAOYSA-N,-8.9
250024::DMNBLZGDPWIMPA-UHFFFAOYSA-N,-9.2
251497::OWWZQKFMHXISPG-UHFFFAOYSA-N,-10.0
251515::DFHNPLPBHYMUAW-UHFFFAOYSA-N,-10.1
251523::VJMOXJYFZUYUTA-UHFFFAOYSA-N,-10.1
251543::CDJHHHAMGANBEP-UHFFFAOYSA-N,-9.3
255164::JYBCVDDGBWTHAA-UHFFFAOYSA-N,-10.7
255165::GREKLMMWBANNCN-UHFFFAOYSA-N,-9.9
255198::FVGYLCGYLBMODV-UHFFFAOYSA-N,-10.3
255407::AJYQMBGZMHIGFO-SJORKVTESA-N,-10.7
255408::JFGCIZGMDWOBAA-MSOLQXFVSA-N,-10.7
255413::DREQJRUWILSYFF-SJORKVTESA-N,-10.9
255445::CAEKPHPZEPCPFV-CABCVRRESA-N,-11.3
255451::ZSXJVMFPGSHFOY-SJORKVTESA-N,-10.7
255452::MQDMOJQCNGQOGF-CVEARBPZSA-N,-11.0
255457::STVXXJRFJRWRCV-SJORKVTESA-N,-11.0
267445::KTIPIUBAJJNKRV-LJQANCHMSA-N,-8.3
267528::SYRJZYXLLNMEGR-HSZRJFAPSA-N,-10.4
267603::FRAPHDQDRKHANO-YADARESESA-N,-9.9
267613::ZEEKOIVETCTICW-SIKLNZKXSA-N,-9.5
267684::ASYGWMBWDHGEMG-GOSISDBHSA-N,-9.6
267685::QSTOILCGEDLZDI-HXUWFJFHSA-N,-10.0
267686::VTJGMNANVAUMBW-HXUWFJFHSA-N,-9.7
267747::GWPFCPBHGVAONT-GOSISDBHSA-N,-9.5
267763::HFQGGYGUKLGRIN-LJQANCHMSA-N,-10.9
267862::KLLUNBKPHALPNX-GOSISDBHSA-N,-9.5
268034::CFGRLIGKJXLZJT-FKSKYRLFSA-N,-8.8
268050::DPCZUULKHDTVCE-PHSANKKPSA-N,-9.1
268125::IMFFAVQVARSLLF-QFADGXAASA-N,-9.6
268146::RACWBMMXBISRTB-ZJWBFHOUSA-N,-9.5
269774::MMFLBYVOCBPPJS-HRAATJIYSA-N,-8.1
269868::LLMANXJDGVORPO-MBSDFSHPSA-N,-8.1
269873::ZRYDYSLVRCAKOO-JXQFQVJHSA-N,-8.0
269884::UVLJQFUMOVICAW-SBUREZEXSA-N,-7.1
269932::MSNUMZBIDGKDBN-RBUKOAKNSA-N,-8.5
270240::GKFQBUYYARAVTH-ZWKOTPCHSA-N,-8.5
270248::JDLYDHSRCYHJBA-RTBURBONSA-N,-7.4
270252::PXBIXOJWJYWGBM-RTWAWAEBSA-N,-8.3
274569::LOMJHVFGWPHHCK-UHFFFAOYSA-N,-10.0
277061::QGJLQLCMVKXZNB-UHFFFAOYSA-N,-9.4
277070::JJHLJDMKVZRQKK-UHFFFAOYSA-N,-9.5
282032::SFTHXAKLXAPFJF-UHFFFAOYSA-N,-9.3
282038::NCYJJOOSXSRHNC-UHFFFAOYSA-N,-9.8
282461::BIZCBCLYDMBRHU-UHFFFAOYSA-N,-8.5
291217::GNHLPLLAQZUAPE-IQLGONJTSA-N,-10.2
300023::BXZWTVJRBPLRBC-UHFFFAOYSA-N,-8.6
301505::HNBXQXRXVBJHCJ-UHFFFAOYSA-N,-10.5
302219::BVNKKEJRNIHWDV-UHFFFAOYSA-N,-8.8
305581::FSEKBSSQFRAZPN-UHFFFAOYSA-N,-9.1
308001::POTSPVVTHLSXRU-UHFFFAOYSA-N,-10.4
310303::SJZUZWVZGPHNLV-NPPFBWRTSA-N,-7.7
310383::JPLJRDHCJNCHJP-LRQRDZAKSA-N,-6.9
310397::XKZZCMFAYCWXGS-JWNTYJGQSA-N,-6.9
310432::UOMQAQMLNRURBO-UCNVEGJOSA-N,-7.8
310434::KRIVMUNAXONHMO-ZVVDCOBXSA-N,-8.0
311532::ROLVPPMVMFARPG-XMKPYSNPSA-N,-10.3
312055::MCADOGNDBPLJRG-SJORKVTESA-N,-10.0
317247::YMLKZJBKPLXVKE-UHFFFAOYSA-N,-10.1
317254::QGBBOVLJLBDVEU-UHFFFAOYSA-N,-11.3
317274::ALMBKDKKXSRBBA-UHFFFAOYSA-N,-9.9
317276::VEHZZXGFXSDCAZ-UHFFFAOYSA-N,-10.2
317277::KZGLLUROZWHLOJ-UHFFFAOYSA-N,-9.8
317317::STQKZJFCUOAVTC-UHFFFAOYSA-N,-9.8
317340::IYBGZMHWHFZWDT-UHFFFAOYSA-N,-9.8
317342::PIKICKQMSVAODF-UHFFFAOYSA-N,-9.8
317346::CNTCHGFGUKKGFP-UHFFFAOYSA-N,-9.6
317348::MWZNPGIZEWWNHI-UHFFFAOYSA-N,-10.4
317352::AWGPUEVTYONAGS-UHFFFAOYSA-N,-9.9
317359::AWLFKTBVVHIGNW-UHFFFAOYSA-N,-9.8
317361::BPAUFRXTGCYIHI-UHFFFAOYSA-N,-10.1
317369::FCBMTZFDTGQPAD-UHFFFAOYSA-N,-9.4
317372::JQONLTPYFXNWAQ-UHFFFAOYSA-N,-9.6
317387::FQMFTOSACAWXHX-UHFFFAOYSA-N,-9.6
317392::ZPDWMDZUVWRNCY-UHFFFAOYSA-N,-10.2
317395::IZWGIJDOSIGHDL-UHFFFAOYSA-N,-10.2
317396::QSXIGAYIJFICPE-UHFFFAOYSA-N,-10.4
317400::LDHGXHVOUPVFQX-UHFFFAOYSA-N,-10.4
317403::ZHAPZXLZSBTVPK-UHFFFAOYSA-N,-9.8
317409::IWKZYQLIXVSNMP-UHFFFAOYSA-N,-10.1
317411::YXOCPNONBHCYNK-UHFFFAOYSA-N,-10.3
317412::FPKDGXLQRCLDMY-UHFFFAOYSA-N,-10.9
317413::CRENMJMIPRNBNW-UHFFFAOYSA-N,-9.6
317416::BJNBAKDNFBAYAM-UHFFFAOYSA-N,-10.6
317420::TVZZGRCIXMNSPG-UHFFFAOYSA-N,-10.8
317421::VAKRJUROSGVNEE-UHFFFAOYSA-N,-10.3
317422::MEQCLPNPZCMNTQ-UHFFFAOYSA-N,-10.6
317423::AMCZOZDQFBTZQD-UHFFFAOYSA-N,-9.7
317426::NBRVPTVNJZKXGI-UHFFFAOYSA-N,-10.4
317443::DNLRMYFANCWAHU-UHFFFAOYSA-N,-10.3
317449::QJDZEJRBGWJRDX-UHFFFAOYSA-N,-10.3
319026::IPXZQTOAEAOKQB-UHFFFAOYSA-N,-7.5
319089::LYOUXUABYZLNMT-UHFFFAOYSA-N,-8.0
320958::QRHLBGACFBYCHH-WGQQHEPDSA-N,-9.1
320962::BPAKFKNAZQUONR-CIVUBGFFSA-N,-9.1
320976::MBEFSHJJYRSJKF-QTQZEZTPSA-N,-8.6
320985::RLALKSLWPQUAEG-NVQRDWNXSA-N,-9.5
320986::VRZFJXFTWFGQGO-WVSUBDOOSA-N,-9.4
320988::PLRYZUJMRVKDLN-WVSUBDOOSA-N,-9.6
320991::TZTRUHFXPVXWRD-QTQZEZTPSA-N,-8.1
320992::BZJKRVBQUMLZIP-WGQQHEPDSA-N,-8.7
320998::MERSQKPCYCVVAJ-WGQQHEPDSA-N,-8.2
321005::XPXCREMZWRSHED-NVQRDWNXSA-N,-9.2
321011::NINLBEDAEZIHJR-FXRKXCAFSA-N,-8.1
321044::BXBUFFXQKGSKKI-CGTJXYLNSA-N,-8.2
321046::ORKUOAAGCVVVGJ-AHRSYUTCSA-N,-8.3
321060::YUQVOBKVBDPDAC-ZDXOVATRSA-N,-9.3
324371::KLGMISDPVSGYOA-UHFFFAOYSA-N,-8.5
324386::QDNANEBSFLOHFP-UHFFFAOYSA-N,-8.9
325988::YBGRMSQSZPVPAN-UHFFFAOYSA-N,-9.7
326216::CNNXAWQNTUVDQH-RCCFBDPRSA-N,-10.1
331476::DYMDNAXRRHZVNZ-LJAQVGFWSA-N,-8.0
337445::SSUJSSFUNFJZKS-UHFFFAOYSA-N,-8.2
337459::YLJTWPLMOPJDKW-UHFFFAOYSA-N,-8.4
337470::VBMTYCSRNMOERK-UHFFFAOYSA-N,-8.7
337510::WHWRXPIVWXWJGV-UHFFFAOYSA-N,-8.7
340064::LZUZLDGMNFWTRO-FKIZTMCRSA-N,-10.1
340069::LNDSBQJPZFRHFI-FKIZTMCRSA-N,-9.6
340071::LWZJGLKQFOWZBU-FNNXTJRKSA-N,-9.3
340072::HALRHZYNCZDQTE-XXIDSNJLSA-N,-9.6
340074::ZOWVGZHLWRXJHL-XYASWCNUSA-N,-9.4
340101::AYALAKQQEQQRFC-LWQICCLCSA-N,-10.0
340111::RXTUBIVBGQUPLX-ZGBFETHSSA-N,-9.5
340119::FQHRONGYKPLCFQ-JLXBBBJOSA-N,-9.5
340127::HLNBINOCWHNOIS-OQBYNLHGSA-N,-9.1
340128::IPXBNZZJJAUPFA-JLXBBBJOSA-N,-9.9
340136::ILUPQNGGVOFPOJ-PVHVJQTOSA-N,-8.6
340169::IABGUDLGGBSFJH-FNNXTJRKSA-N,-10.1
348770::UDPPHAJMUIGUFW-SNVBAGLBSA-N,-10.5
348796::LCCRSNAYYXQSJN-KWCCSABGSA-N,-10.7
348798::NFIJZTODXJCVRL-CHWSQXEVSA-N,-10.4
348799::QKTDVOFUQDXANO-NEPJUHHUSA-N,-10.7
348808::BOFAWQFEHDOBEY-KWCCSABGSA-N,-10.5
348809::XPDGEIMRHLXWBJ-CHWSQXEVSA-N,-10.3
348836::JVXBEOTZJXTVEE-IURRXHLWSA-N,-9.4
348837::AZVDQPXDQJRJLY-CYBMUJFWSA-N,-8.4
348838::GIPBOZMOWOAZDM-CYBMUJFWSA-N,-9.2
348839::SDDLMLXRFFIOCS-OAHLLOKOSA-N,-10.6
348840::LSHMLZHKOMGAGQ-CQSZACIVSA-N,-9.8
348845::UIEMSJBKQPIURX-CYBMUJFWSA-N,-9.4
348853::HJVGCIZMOXPWEC-ZBFHGGJFSA-N,-10.2
348854::HJVGCIZMOXPWEC-GDBMZVCRSA-N,-9.7
348855::BVEMSYVDIREACR-CQSZACIVSA-N,-8.6
348857::NZEBXRUNHXMTRL-SNVBAGLBSA-N,-8.8
348861::JVUMCOJVNRSVNP-IUDNXUCKSA-N,-10.4
348875::HVERKHCNHSHVFH-CYBMUJFWSA-N,-9.9
348876::IMILFOWPONBYRO-OAHLLOKOSA-N,-9.7
348878::DIZIEKQMCRPZBZ-OAHLLOKOSA-N,-9.9
353635::CRBONKUEYNYIBG-HNNXBMFYSA-N,-8.8
355827::KMRXRCNVWHQNQQ-UHFFFAOYSA-N,-10.2
358305::QMUOLUDOHFTEJL-UHFFFAOYSA-N,-9.4
358307::FMKGGRPMESEMQK-UHFFFAOYSA-N,-9.8
358312::LUMORKMMRACAAQ-UHFFFAOYSA-N,-10.0
360103::ZRYDYSLVRCAKOO-IMWIBFENSA-N,-8.1
360480::JDLYDHSRCYHJBA-MOPGFXCFSA-N,-7.2
362364::YWPUOGRCVDFYIY-OAQYLSRUSA-N,-9.5
362401::ZZPFOEKQNKUESQ-LJQANCHMSA-N,-10.3
362420::PXSQKPKBUWAPSM-SIKLNZKXSA-N,-10.0
362421::NZKJJJKMEDQYIQ-RBBKRZOGSA-N,-10.3
368366::WFEZUFSKPBOQPJ-UHFFFAOYSA-N,-8.9
368368::MUZAUZJAQNJISB-UHFFFAOYSA-N,-8.2
368428::OORUIWCUQGVFFP-UHFFFAOYSA-N,-8.5
368468::VKMKIKBHSVYASJ-UHFFFAOYSA-N,-8.4
370191::OFUSTOXZRPWIMF-IIBYNOLFSA-N,-8.2
370192::OFUSTOXZRPWIMF-KKSFZXQISA-N,-8.2
371880::XLZOLMVQUKURQX-UHFFFAOYSA-N,-9.7
372074::IZYYVUMUUJJUFI-UHFFFAOYSA-N,-9.2
372277::SUPBPHQUTAHCTB-CJHOVAGGSA-N,-9.5
373855::JPBDKQCYDKIOLW-IBGZPJMESA-N,-9.3
376964::WCFDDEUZQDIXQR-LJQANCHMSA-N,-9.8
378859::AIMGYTMYABOPLC-HXUWFJFHSA-N,-10.4
387627::KUROXXWSPWQYSA-UHFFFAOYSA-N,-8.1
392766::MTCQRWJDMIGFQN-UHFFFAOYSA-N,-8.9
392770::JFFZKVGSUNOCHZ-UHFFFAOYSA-N,-8.4
398566::DPOWGNJYIIXQMB-LWMIZPGFSA-N,-8.5
398783::LILHZQICJMNCSJ-ATUDWTFSSA-N,-9.5
398785::LYOUJNQXXNCTEM-MLGOWYMSSA-N,-9.5
400379::MYHGFCOEZBQMGW-UHFFFAOYSA-N,-10.9
400380::PDTKIVOSSUKDHU-UHFFFAOYSA-N,-10.1
400961::NXBPREQYUABEFD-PBHICJAKSA-N,-9.7
410498::KYFVDNASOSNWHA-UHFFFAOYSA-N,-9.6
414522::ATFSDVWBDUXCBW-UHFFFAOYSA-N,-9.3
417947::IYYPBKULUJLYRU-UHFFFAOYSA-N,-9.2
420974::WUCWUEUMJJFMDQ-UHFFFAOYSA-N,-8.2
423726::UVPQBOPIOYIVTD-UHFFFAOYSA-N,-8.9
424090::FVKWCEHDNVNFKE-QAQDUYKDSA-N,-8.8
424352::IYXOQHQJYKETSE-UHFFFAOYSA-N,-8.8
424363::YNHOQQCULXPWLC-UHFFFAOYSA-N,-8.6
424431::ZYKPTPYVCQVUHP-UNMCSNQZSA-N,-9.1
424592::HQMHSOQXVRNEAR-RBUKOAKNSA-N,-8.1
430071::GPFHLXMWVVJSMQ-UHFFFAOYSA-N,-9.4
434785::MTXXZWXHVQXLMU-CZOXYFRXSA-N,-9.3
434788::UBJMWPIMVXXGBX-NZWCWWTPSA-N,-8.6
434794::JKXSQHYANQAEJR-XELBPQQGSA-N,-8.6
434798::NEUNNGXUFOHEDJ-CHPZNZRISA-N,-9.1
436498::SQGNHSGKULPRKW-UHFFFAOYSA-N,-8.1
437684::BDWAWPCUUVNVKL-UHFFFAOYSA-N,-11.4
439734::OJZBGQCPZPUBSS-UHFFFAOYSA-N,-9.2
439841::CXKHVPZSLUMZNR-YANBTOMASA-N,-9.2
439843::RXWBWJHMJOMUOK-WTQRLHSKSA-N,-9.5
439888::VPMRTIQQNJAKAN-UHFFFAOYSA-N,-8.4
440139::IHZOCLUYFGOVEM-OAQYLSRUSA-N,-9.3
440224::JPGBZGRJJKZUIO-UHFFFAOYSA-N,-9.0
448803::AEJPGJSKMXUJDF-UHFFFAOYSA-N,-9.2
449871::ALTLRGQMSDELBI-DBXGMPFESA-N,-9.1
449873::BQNAHEIXEFRGPB-LEWOSNPHSA-N,-9.9
449874::BQNAHEIXEFRGPB-UKTDVOJESA-N,-9.0
456631::ZUCUOYCEYKEJAS-GOSISDBHSA-N,-7.0
456636::ZUCUOYCEYKEJAS-GOSISDBHSA-N,-7.5
456671::XWZTTWKFTVYKEA-VGOFRKELSA-N,-7.7
456673::JQVGXLKMYKGTHY-MBSDFSHPSA-N,-7.0
456858::LWQBNTYOQRFONR-FUHWJXTLSA-N,-8.6
458342::AEXVNSBKKJYIEO-MOJGAOKDSA-N,-8.5
459480::URUQXNYRROLXOP-HOTGVXAUSA-N,-8.7
462863::LBRQPGFQCFNPMS-HLIPFELVSA-N,-9.0
462869::YRABUCYXBUUZKT-QINHECLXSA-N,-8.7
462919::MQHUHCVBLCFGHN-IWTMBWIKSA-N,-9.3
462923::WRYNWENQNGNBPH-OCOLZSQMSA-N,-9.1
463057::LEHFGEJXKAKHRA-XWNGDTIKSA-N,-9.3
465795::CDRFWWGVFCYPGJ-UHFFFAOYSA-N,-11.1
465806::PHOOZOMSJMFKJJ-MLARANPPSA-N,-10.0
467457::KNBNTDHHCQJMQZ-UHFFFAOYSA-N,-9.8
467540::YRVNQMQHYHDEPF-UHFFFAOYSA-N,-9.3
467778::YRVNQMQHYHDEPF-UHFFFAOYSA-N,-9.2
467779::YRVNQMQHYHDEPF-UHFFFAOYSA-N,-9.2
467835::KNBNTDHHCQJMQZ-UHFFFAOYSA-N,-9.8
468190::CETCTALMUDDERA-UHFFFAOYSA-N,-10.1
468242::RQQFNHQHNFKVAE-UHFFFAOYSA-N,-9.5
469685::FDWYQFIBMXTRAL-ZRZAMGCNSA-N,-8.3
470309::MTUMFYKFTOVVQN-UHFFFAOYSA-N,-10.1
472724::ADCWJWIEMGRJEL-YADHBBJMSA-N,-9.3
473189::HKOBLTPSROKNNY-UHFFFAOYSA-N,-8.3
477541::RDNXWCQHYPREFD-UHFFFAOYSA-N,-9.0
479322::JNXHZAMNUTXZFA-RSPJHRDISA-N,-9.1
479342::YQNLXVRRERHINB-GSRZOBFVSA-N,-8.8
479347::AOEKGRJBTLUHAE-LZJCXSABSA-N,-8.9
479348::AOEKGRJBTLUHAE-UYXZNNOOSA-N,-9.3
479357::PAKOJENWJZRWER-OWOAZTCBSA-N,-8.9
479359::JXFVWCLYSJQTHY-OWOAZTCBSA-N,-8.7
479362::YQNLXVRRERHINB-WYYWCPGDSA-N,-8.4
480465::NEHWAUCIDFNPRY-CABCVRRESA-N,-9.4
480466::UUUXNNKYJBRDRF-MSOLQXFVSA-N,-9.3
480483::SZOZZKJXXZIMRY-CVEARBPZSA-N,-8.6
481604::YAKMTISIRYSJBF-UHFFFAOYSA-N,-9.8
489225::PPYLSXILUWAQPN-UHFFFAOYSA-N,-9.0
489261::VFBCXKOMIUXVNH-INIZCTEOSA-N,-10.2
489268::ZWZBXYCUIUOCOO-INIZCTEOSA-N,-10.5
489279::ZYJKXKZHIIVJEB-KRWDZBQOSA-N,-10.8
489280::QWPSEEVUQYTULG-KRWDZBQOSA-N,-10.6
489284::IKNJUYUINPOVDE-JXFKEZNVSA-N,-10.3
494129::GVHMANCGTYWJBE-UHFFFAOYSA-N,-9.7
494232::QGMXWIKBAKAYES-UHFFFAOYSA-N,-9.3
494237::JKNKNOWGRUUBKQ-HXUWFJFHSA-N,-9.4
494241::PONVELNTGFJEAO-UHFFFAOYSA-N,-8.2
494436::WMOGUXZTUGQCOO-OAQYLSRUSA-N,-9.5
494442::OMOHLQHVZLSEKI-NSYGIPOTSA-N,-8.7
494493::OOQAKQFSMLYULC-INIZCTEOSA-N,-8.9
494494::OOQAKQFSMLYULC-MRXNPFEDSA-N,-8.7
494503::PPMYCPBZPYBCTI-IIBYNOLFSA-N,-8.9
500101::VHNASTVCLNMFRN-ZHZULCJRSA-N,-11.6
500118::QLLHCXYIUYJRJG-YBEGLDIGSA-N,-11.1
500569::KLCGGVMLIHUKOL-UHFFFAOYSA-N,-10.2
500608::VSTKUXCGGSRUNR-UHFFFAOYSA-N,-10.0
500829::MBFXHMMPIPWCEU-OAQYLSRUSA-N,-10.0
500830::VQWIVTTTYVYZRT-FQEVSTJZSA-N,-10.5
500834::MBFXHMMPIPWCEU-NRFANRHFSA-N,-10.1
500835::CZWQJZFYPCOMSY-UHFFFAOYSA-N,-11.2
500841::LAGKGKXFUUDACS-GDLZYMKVSA-N,-11.0
500842::LAGKGKXFUUDACS-LJAQVGFWSA-N,-11.2
500843::CZWQJZFYPCOMSY-MUUNZHRXSA-N,-11.9
500844::CZWQJZFYPCOMSY-NDEPHWFRSA-N,-11.6
500848::UBYSZRRKDHAOFP-HXUWFJFHSA-N,-11.0
500853::VPKVVOXAGXHQCO-UHFFFAOYSA-N,-9.8
500865::YZTRFAICUQQFTA-KRWDZBQOSA-N,-10.0
500869::HGQRNZBFKKBVSC-QGZVFWFLSA-N,-9.4
500870::QCKGHAKKSDSSOK-UHFFFAOYSA-N,-10.2
500880::HGQRNZBFKKBVSC-KRWDZBQOSA-N,-9.5
500888::GSSJPMICBIIONH-UHFFFAOYSA-N,-10.5
500889::VZXDFFBMKZRAMC-UHFFFAOYSA-N,-9.8
500891::DDKYITOBULYUQV-KRWDZBQOSA-N,-9.7
500905::SBYORDSECDRYCR-QFIPXVFZSA-N,-10.2
500906::SBYORDSECDRYCR-JOCHJYFZSA-N,-10.1
500915::QIBCROVDHLYOAV-SFHVURJKSA-N,-10.3
500935::MUWKSHNOIWYFIK-UHFFFAOYSA-N,-10.9
500939::FYLZDBUOAXNOAW-LJQANCHMSA-N,-10.3
500947::AHZVTCKQOBGAGW-GDLZYMKVSA-N,-9.6
500985::VTLSIXIOWRBYIY-UHFFFAOYSA-N,-10.7
500988::IJUZCMYACYKSDQ-PMERELPUSA-N,-10.4
500999::RUGZNPXQQPIAMX-JOCHJYFZSA-N,-10.8
501002::PMUXKWZXVQRLTK-PMERELPUSA-N,-10.0
501021::VZINZFLAIGJNHZ-UHFFFAOYSA-N,-9.8
501026::VUEVSPVIECOXHO-RUZDIDTESA-N,-10.4
501028::JWKYUUWXBOSEHC-NTKDMRAZSA-N,-9.9
501029::JWKYUUWXBOSEHC-CYFREDJKSA-N,-10.1
501048::LTMHNEAIPWPZLM-SFHVURJKSA-N,-10.7
501049::LTMHNEAIPWPZLM-GOSISDBHSA-N,-10.8
501055::MWIPIDRQJAPMSG-GOSISDBHSA-N,-9.7
501056::MWIPIDRQJAPMSG-SFHVURJKSA-N,-9.2
501061::CNXFSBFJUUZTAU-KRWDZBQOSA-N,-9.5
501062::CNXFSBFJUUZTAU-QGZVFWFLSA-N,-9.9
501085::KNCHVOPLIAIRJL-KRWDZBQOSA-N,-9.2
501086::KNCHVOPLIAIRJL-UHFFFAOYSA-N,-10.1
501092::MEQAZUWEPYUQKZ-MRXNPFEDSA-N,-10.4
501096::KIJWHBIWNPUNAP-UHFFFAOYSA-N,-9.5
501097::YHADIPWACVFRLM-DEOSSOPVSA-N,-9.7
501098::YHADIPWACVFRLM-XMMPIXPASA-N,-9.6
501102::UFZPNAMDEVDEDG-VWLOTQADSA-N,-10.5
501106::JAJGIMSEYAGXJX-HKUYNNGSSA-N,-10.7
501107::JAJGIMSEYAGXJX-MJGOQNOKSA-N,-10.8
501108::JLDVJNXHSYSYLO-AZUAARDMSA-N,-10.3
501109::JLDVJNXHSYSYLO-UYAOXDASSA-N,-10.2
501111::JAJGIMSEYAGXJX-PKOBYXMFSA-N,-10.9
501112::JAJGIMSEYAGXJX-IEBWSBKVSA-N,-10.8
501113::DIRKVFJAPMQUAW-UHFFFAOYSA-N,-9.3
501117::JLDVJNXHSYSYLO-IJHRGXPZSA-N,-10.4
501123::ZKUYTCKORDPXBQ-UHFFFAOYSA-N,-9.9
501125::XKSJEHQKSGLPHQ-SFHVURJKSA-N,-9.5
501126::XKSJEHQKSGLPHQ-GOSISDBHSA-N,-9.6
501133::YVHRNHXMAOWICF-QGZVFWFLSA-N,-9.4
501134::ZPSSRIRIDUIEIA-INIZCTEOSA-N,-9.6
501135::CWNRDNDDTUMAOX-QGZVFWFLSA-N,-10.3
501136::CWNRDNDDTUMAOX-KRWDZBQOSA-N,-10.1
501137::CGIWBBUBKUCHKG-QZTJIDSGSA-N,-10.6
501138::CGIWBBUBKUCHKG-ZWKOTPCHSA-N,-10.6
501139::CGIWBBUBKUCHKG-MSOLQXFVSA-N,-10.5
501140::CGIWBBUBKUCHKG-ROUUACIJSA-N,-10.6
501147::KLAVGPJWKWRHDG-GOSISDBHSA-N,-9.8
501148::KLAVGPJWKWRHDG-SFHVURJKSA-N,-10.0
501153::YQBFAXJDILWENA-AZUAARDMSA-N,-9.9
501154::YQBFAXJDILWENA-UYAOXDASSA-N,-10.9
501155::YQBFAXJDILWENA-ICSRJNTNSA-N,-10.6
501156::YQBFAXJDILWENA-QUCCMNQESA-N,-10.9
501167::OUNUCVFGKJBKDO-UHFFFAOYSA-N,-10.4
501168::GEMRTQAMSHRHAB-UHFFFAOYSA-N,-9.5
501172::HLBWINILFIXMBC-UHFFFAOYSA-N,-10.2
501173::NFAXIJLLKKPIMC-UHFFFAOYSA-N,-10.0
502683::YZTRFAICUQQFTA-QGZVFWFLSA-N,-10.2
502824::QTRQWMLSRCZRMS-FCHUYYIVSA-N,-11.1
502828::QTRQWMLSRCZRMS-YADHBBJMSA-N,-10.9
502845::KKDXQKCTJZSUKO-IBGZPJMESA-N,-9.8
502846::KKDXQKCTJZSUKO-LJQANCHMSA-N,-9.6
502939::ZPSSRIRIDUIEIA-MRXNPFEDSA-N,-9.1
504210::NYGFIZGVPAJVEP-UHFFFAOYSA-N,-8.3
504225::PGTXPVJRPRTHMA-VBKZILBWSA-N,-9.3
504617::UHPUNNLYAJMHIS-NRFANRHFSA-N,-9.6
504937::JLDVJNXHSYSYLO-ICSRJNTNSA-N,-10.7
507146::DHZSCXASOPRBMJ-QGZVFWFLSA-N,-7.4
507519::KDGNUAVNBXFUPP-WAYUULFRSA-N,-8.1
507573::SQWKZTCEYUQOSF-UGSOOPFHSA-N,-7.6
511249::ODCAHPPEEUBNMP-DTSQTJFYSA-N,-7.9
511533::LTXXQGPGJNFJIX-UHFFFAOYSA-N,-9.3
50011189::XEXFCVNVCYBDBR-UHFFFAOYSA-N,-8.8
50029661::DCVITXJMCYHCFL-UHFFFAOYSA-N,-8.3
50029680::SIKCGJIZDJHPPU-UHFFFAOYSA-N,-8.5
50069858::HJBSZHIETZPEQW-NQWXTVAOSA-N,-8.5
50069981::JKXSQHYANQAEJR-NQWXTVAOSA-N,-8.6
50069983::HZCQVPJPUNBCHR-QKWCYAJMSA-N,-8.8
50069986::DPQIGCGXBCSTTI-QKWCYAJMSA-N,-8.6
50069987::NEUNNGXUFOHEDJ-BONGUKEGSA-N,-9.5
50069996::UBJMWPIMVXXGBX-MXKWNSRKSA-N,-8.8
50069999::KEKPVOLMTRHFJD-AQPYCOETSA-N,-8.9
50072540::PLVQYGUXUOUVFA-RGBJRUIASA-N,-8.4
50081245::IEJSCSAMMLUINT-OAQYLSRUSA-N,-9.7
50087486::QQGYNGUUZMLKBV-GHTZIAJQSA-N,-10.8
50088935::PDTSGHYUFYPPDH-UHFFFAOYSA-N,-10.1
50092137::WPQXLUHKXSHBCJ-UHFFFAOYSA-N,-8.4
50100472::ZBOPYJAIRJVQBA-JVUUKAHWSA-N,-9.0
50112159::KIJJKSWIIOQXOZ-WIOPSUGQSA-N,-10.0
50115398::VWIPLWQZQDSGGV-VNHKHXMHSA-N,-8.9
50124465::PIWOCJNYDKRQRS-UHFFFAOYSA-N,-9.7
50127940::ZATLFCSNKBMFBH-FQEVSTJZSA-N,-8.2
50127950::HVLKUEZLWREEFF-IBGZPJMESA-N,-9.1
50136272::SXUMCLTUZSYGJQ-FPOVZHCZSA-N,-8.8
50165888::INHDDMDMADEERR-UHFFFAOYSA-N,-8.8
50195911::NOXUFSHDRYQLKO-UHFFFAOYSA-N,-10.4
50201142::JWXGLLDOYYMWJF-UHFFFAOYSA-N,-9.6
50201255::ATCZHZRQAQJGGH-YFIOFSHDSA-N,-10.4
50217067::ZMZHZCSLQGDVJZ-BDXPTWQUSA-N,-9.5
50217191::WDJUUISIVREQHL-UHFFFAOYSA-N,-9.9
50224433::MHDQYCFTKWLOFC-LRTDYKAYSA-N,-9.7
50224900::XDFNHGXLCPACQP-UHFFFAOYSA-N,-9.5
50225840::KSTQTBPDPFIZBT-UHFFFAOYSA-N,-9.1
50234304::GHWNTRWSUYAOCV-INIZCTEOSA-N,-8.9
50236575::MCKSCWWXOVOQMO-BVAGGSTKSA-N,-10.5
50236597::YVMPBMRPKVDOKJ-JTHBVZDNSA-N,-9.7
50236598::RGOBJMXLMSLVGN-RBBKRZOGSA-N,-9.6
50236601::FFQYFZDMTKFPDM-JTHBVZDNSA-N,-10.0
50236607::JKJJVHPDOQOUJG-RSXGOPAZSA-N,-10.5
50236610::QQBWBLRTKSXGTQ-NOZRDPDXSA-N,-10.0
50236613::XCMYDYMUMRJGDR-VWNXMTODSA-N,-9.8
50236623::LGZMOIBKWSJFQT-LADGPHEKSA-N,-8.9
50236625::PRUBEBCKVHQBST-JTHBVZDNSA-N,-9.6
50236627::VYRWTBBBKYEYEH-JTHBVZDNSA-N,-9.8
50236628::GFEBLWFWQAPHPF-RBBKRZOGSA-N,-9.6
50236629::PGGXYVFZACPWGT-NOURSWRJSA-N,-9.9
50236634::DOHWRPLJKFZNPW-UHFFFAOYSA-N,-9.7
50239364::QRERFNICIICVTE-QLVMYSCWSA-N,-10.1
50239386::NPJLBTOWTCQVCX-ROUUACIJSA-N,-9.8
50243093::ZRXJYDCAGSDBET-LJAQVGFWSA-N,-9.6
50243221::JLQPVVYLBVGTJX-UHFFFAOYSA-N,-10.3
50246483::MXZLZRQRZAOIMU-UHFFFAOYSA-N,-8.2
50246540::AXJKWRLSLUKVML-LJQANCHMSA-N,-7.9
50249661::BTMZFQBBXZOCIU-UHFFFAOYSA-N,-9.6
50249704::DEVNWDCZOKCSRX-UHFFFAOYSA-N,-9.5
50252142::AZFITEALNSCCOH-HSZRJFAPSA-N,-10.0
50252194::ILKQWXHVEJRPAL-HSZRJFAPSA-N,-10.1
50267618::MKIWPZCSVGPVQY-KRWDZBQOSA-N,-8.1
50277112::IZJKOCVIGXNCTL-UHFFFAOYSA-N,-9.8
50299624::DHODDWMFDDAHDC-INIZCTEOSA-N,-8.4
50314321::CMHDLFGNDMVUAI-GATIEOLUSA-N,-10.9
50314322::GGBNLUMJQIZYPI-GATIEOLUSA-N,-11.3
50316356::ZWSYVXUTWLOAGF-LJQANCHMSA-N,-9.1
50318114::QIEKBURWQYYQLT-HSZRJFAPSA-N,-10.4
50318120::JNGUPQQSJDYXDB-JOCHJYFZSA-N,-10.2
50326515::ZSMLGVFRQDVJPG-GQCTYLIASA-N,-8.8
50328096::WOWBDVWWSBMFRA-UHFFFAOYSA-N,-9.0
50333568::LZTCIQQQJPOCLA-UHFFFAOYSA-N,-9.2
50334973::RAROXORHFWXNDX-KEZOAJOQSA-N,-8.7
50357318::OJZKUAGKHXFNTK-FMIVXFBMSA-N,-8.4
50359768::PSPQMORJBNHUIA-UHFFFAOYSA-N,-8.2
50359770::YPFZMBHKIVDSNR-UHFFFAOYSA-N,-7.8
50359775::NCPKWKYTHFNNKT-UHFFFAOYSA-N,-7.7
50359795::RQYWQMXXGVLLGB-UHFFFAOYSA-N,-7.6
50360557::BPABKQIJZOOSGR-UHFFFAOYSA-N,-10.1
50363243::SEYQSNUEPJIPOP-UHFFFAOYSA-N,-9.4
50364149::AXXAQAKCIIGJEY-UHFFFAOYSA-N,-8.3
50368947::OPLGZJVKEDSAIX-HMBWOLLMSA-N,-10.5
50370591::DKOQGJHPHLTOJR-VWDXTOPWSA-N,-7.9
50371356::YURFZWNLXFKRFO-RBBKRZOGSA-N,-9.3
50373787::GYGWNQAEMBWBRJ-UHFFFAOYSA-N,-9.3
50373788::NRZFQXKEAHADEZ-UHFFFAOYSA-N,-9.4
50373789::JBXZEOWVGDYXAC-UHFFFAOYSA-N,-9.4
50373796::CSAUVQDMXRETMK-UHFFFAOYSA-N,-9.4
50376982::HYBQECPBYZXFJO-AWEZNQCLSA-N,-8.3
50377682::KLKGDSNZDPZCMZ-SGDVHKFBSA-N,
50383173::QPYYLLKCTPKJEO-UHFFFAOYSA-N,-9.4
50383174::IBWQJAQFQVORMS-QHCPKHFHSA-N,-9.5
50383175::JLKHWWQNUUOAOS-DEOSSOPVSA-N,-10.4
50383195::NXVHOYBQFPQTBF-UHFFFAOYSA-N,-8.9
50383198::JQKLADMYWZPROY-UHFFFAOYSA-N,-9.0
50384872::DWMYQJBUFRLTQG-GORDUTHDSA-N,-9.8
50406094::BUFLTNKXAJNCHK-UHFFFAOYSA-N,-8.5
50432394::GFSMRUUAQITBGI-QGZVFWFLSA-N,-10.3
50437192::CWXDUDVELGRJRG-YUBGWGQWSA-N,-9.4
50437870::HGGMHYCPDXPSRF-UHFFFAOYSA-N,-8.2
50451257::MMHURJWOZLRNSA-UHFFFAOYSA-O,-8.3
50460970::CPHTYLNCXSHROB-MRXNPFEDSA-N,-8.6
50460973::RJWVOEWPMKLYAP-MRXNPFEDSA-N,-8.5
50465095::GFBYPYUSXALYJS-UHFFFAOYSA-N,-10.5
50480874::IJTMWMOPQKFNCQ-OZMWKAMBSA-N,-7.5
50481107::UMFVRUNCRUOHJN-CMDGGOBGSA-N,-8.7
50505310::CWUWUTZYVVHSIQ-UHFFFAOYSA-N,-9.5
50508533::LYGSZPURNMQRJM-UHFFFAOYSA-N,-10.9
50508534::IZTXVFPCPZWGQY-UHFFFAOYSA-N,-10.6
50508555::XGCRBZXEACAZHB-UHFFFAOYSA-N,-10.7
50508558::CBNLPDNEBAAKJY-UHFFFAOYSA-N,-10.2
50509968::XBYHUYXRZWZBOJ-UHFFFAOYSA-N,-8.7
50514927::ITGGDAFWYPNQHZ-UHFFFAOYSA-N,-8.9
50514942::LVDMRCKBQDTUEU-UHFFFAOYSA-N,-9.4
50518346::LBSHASCUXNQZGS-DPTHPHEISA-N,-8.9
50519137::WZXDCJUDEWVJAA-UHFFFAOYSA-N,-7.8
50519426::WZJWUFBHESGOMB-UHFFFAOYSA-N,-10.9
50521251::FKHASWQIAUADON-SFHVURJKSA-N,-11.4
50521253::BTSLADGESTVJLG-KRWDZBQOSA-N,-10.6
50524224::CQRMUXGSOPHIPV-UHFFFAOYSA-N,-9.8
50524229::UAXWIFQBTHHWAT-UHFFFAOYSA-N,
50525933::AXUOMYZODFGYOS-INIZCTEOSA-N,-9.2
50530663::HEMUWJWCGDQEFM-UHFFFAOYSA-N,
50530870::OQIFPLFYXOXHAI-UHFFFAOYSA-N,-10.0
50530890::HFAWHWVHZJPDOZ-UHFFFAOYSA-N,-9.8
50530893::VWJNHXYHYTTWSA-UHFFFAOYSA-N,-9.7
50530895::LXQFHCYXGDMSPI-UHFFFAOYSA-N,-10.0
50530917::WEEOHCWFBRRIJJ-UHFFFAOYSA-N,-10.3
50530918::SDZKXVDTGKYNIM-UHFFFAOYSA-N,-10.1
50530924::HWWZFJSXHSDFGL-UHFFFAOYSA-N,-10.0
50530927::JFTINNSTAHFNHO-UHFFFAOYSA-N,-10.6
50530931::DTFDEKFILXLBIA-UHFFFAOYSA-N,-10.1
50530935::FYDGPKFBEDDHMO-UHFFFAOYSA-N,-10.2
50533283::SUYOFLPWVHGGFW-QPPBQGQZSA-N,-10.5
50539750::FYSGZYZCXVSHCS-UXMRNZNESA-N,-10.2
50539991::UGVXOZBNOFZTCH-UHFFFAOYSA-N,-8.5
50539993::YCUVXTMATYQVFD-UHFFFAOYSA-N,-8.6
50541841::JNVKHGCTAKXYOJ-RXVVDRJESA-N,-9.4
50541842::ORVBQTOUPZERRO-UGKGYDQZSA-N,-9.4
50541843::HEGMDOIVARKSDX-REWPJTCUSA-N,-10.0
50541844::DCBRXNQJGVHYQZ-URXFXBBRSA-N,-10.2
50541845::OYUHABVDNKYCRX-RXVVDRJESA-N,-10.0
50541847::ZKMGZYSIOPAPQS-REWPJTCUSA-N,-9.7
50543374::PBVXJCXOUNRZTP-UHFFFAOYSA-N,-8.5
50543375::MGNOAIMBMHVFHF-DEOSSOPVSA-N,-10.0
50543389::IFABVSSPEQYGNT-UHFFFAOYSA-N,-9.7
